﻿"RecID","Version","Description","Group product description","Plan Type","Additional Prescription Drug Coverage","Bonus Drug List","Maintenance Drug List(90 or 100-day)","Prior Authorization (PA) Drug List","BDL Version","APD Copay","Component Code","CMS Material ID number","APD Non-Medicare Coverage","APD Mail Service Copay","APD Mail Service Days","APD Part D drugs / diabetic supplies copay","BDL Copay","BDL Copay Coinsurance","MDL Effective Date","Catastrophic Level Threshold","APD Medicare Drugs File Name","BDL File Name","MDL File Name","PA File Name","APD Part D and diabetic supplies file name","APD Non-Medicare Drugs file name","Zero Cost shares","Effective Date/Last Updated date","Web Version","Plan Logo 2","Plan Logo 1","Regular or Large Print","Diabetes SuppliesAPD Non-Medicare Drugs ","ASO/Custom Disclaimer","Pre-Kit/Post-Kit Identifier","Health Enhancement Program Drug Lists","Secondary Plan Name"
"1001","TX ERS","2018 English PDP ADC Coverage Custom HealthSelect","TX ERS","PDP","APD","BDL","MDL","","TX - ERS","","UHEX18PD4081694_000","Y0066_170630_180428","","","","","","copay","","$5,000","09-19-17pm 2018 Texas ERS $0 List Medicare drugs_V2","09-18-17 2018 BDL TX ERS","09-19-17 ERS 2018 MDL Marketing Materials_FINAL","","","09-13-17 2018 Texas ERS $0 List Non-Medicare drugs","","","","","","Regular","","TX ERS","","",""
"2002","Analgesics - Drugs To Treat Pain, Inflammation, And Muscle And Joint Conditions","","","",""
"2002","","Inflammation","","",""
"2002","","","Choline & Magnesium Salicylates ","G","1"
"2002","","","Salsalate","G","1"
"2002","","Migaines","","",""
"2002","","","Zecuity Pads","B","3"
"2002","","Urinary Tract Pain","","",""
"2002","","","Phenazopyridine 200mg","G","1"
"2002","Anticoagulants - Drugs to Prevent Clotting","","","",""
"2002","","","Heparin  Lock Flush","G","1"
"2002","Dermatological Agents - Drugs To Treat Skin Conditions","","","",""
"2002","","Dry, Itchy Scalp","","",""
"2002","","","Sulfacetamide Sodium Liquid 10%","G","1"
"2002","","","Sulfacetamide Sodium w/Sulfur Cream 10-2%","G","1"
"2002","","Dry Skin","","",""
"2002","","","Urea 40% Cream","G","1"
"2002","","Fungal Infections","","",""
"2002","","","Iodoquinal-Hydrocortisone Cream 1%","G","1"
"2002","Fertility Agents - Drugs to Ovulation Disorders","","","",""
"2002","","","Clomiphene Citrate ","G","1"
"2002","","","Cetrotide Kit","B","2"
"2002","","","Gonal-F","B","2"
"2002","Gastrointestinal Agents - Drugs To Treat Bowel, Intestine And Stomach Conditions","","","",""
"2002","","Hemorrhoids","","",""
"2002","","","Hydrocortisone Acetate Suppository","G","1"
"2002","Genitourinary Agents - Drugs To Treat Bladder, Genital And Kidney Conditions","","","",""
"2002","","Erectile Dysfunction","","",""
"2002","","","Cialis                    Quantity Limits:  Maximum of 8 tablets per 30 days","B","2"
"2002","","Kidney & Urinary Conditions","","",""
"2002","","","Potassium Citrate & Citric Acid Solution","G","1"
"2002","","","Potassium & Sodium Citrate with Citric Acid Solution","G","1"
"2002","","Sexual Desire Disorder","","",""
"2002","","","Addyi","B","3"
"2002","","Urinary Tract Infection","","",""
"2002","","","Methenamine/Hyoscamine/Methylene Blue/Sodium Phosphate ","G","1"
"2002","","","Uryl ","B","3"
"2002","Hormonal Agents - Hormone Replacement/Modifying Drugs","","","",""
"2002","","Menopausal Symptoms","","",""
"2002","","","Osphena","B","3"
"2002","","Thyroid Supplement","","",""
"2002","","","Armour Thyroid","B","3"
"2002","Nutritional Supplements - Drugs To Treat Vitamin & Mineral Deficiencies","","","",""
"2002","","","Cyanocobalamin Injection (Vitamin B12) ","G","1"
"2002","","","Ferrous Fumarate/Folic Acid 324mg-1mg","G","1"
"2002","","","Folic Acid 1mg (Rx only)","G","1"
"2002","","","Galzin","B","3"
"2002","","","Mephyton","B","2"
"2002","","","Vitamin D (Rx only)","G","1"
"2002","","Potassium Supplement","","",""
"2002","","","Potassium Bicarbonate & Chloride Effervescent Tablet","G","1"
"2002","Otic Agents - Drugs To Treat Ear Conditions","","","",""
"2002","","Ear Infection","","",""
"2002","","","Cortane-B Lotion","B","3"
"2002","Respiratory Tract Agents - Drugs To Treat Allergies, Cough, Cold And Lung Conditions","","","",""
"2002","","Cough and Cold","","",""
"2002","","","Benzonatate","G","1"
"2002","","","Brompheniramine/Pseudoephedrine/Dextromethorphan Syrup","G","1"
"2002","","","Guaifenesin/Codeine Syrup","G","1"
"2002","","","Hydrocodone Polyst/Chlorphen CR Susp (generic for Tussionex)","G","1"
"2002","","","Hydrocodone/Homatropine ","G","1"
"2002","","","Promethazine/Codeine Syrup","G","1"
"2002","","","Promethazine/Dextromethorphan Syrup","G","1"
"2005","$0 Copay Certain colon preparation products","Bisacodyl Tablets",""
"2005","","Magnesium Citrate Solution",""
"2005","","Polyethylene Glycol Powder",""
"2005","$0 Copay Tobacco Cessation Medications","Nicotine Gum",""
"2005","","Nicotine Lozenges",""
"2005","","Nicotine Patches",""
***
