SELLENT2,UPPER,LOWER
1,./corp_art/01_Top_Logo_Bradford_Blue_110916.tif,./corp_art/01_Bradford_Logo_Bradford_Blue_120206.tif
7,./corp_art/07_Top_Logo_Bradford_Blue_120206.tif,./corp_art/07_ArdEll_Logo_Bradford_Blue_120206.tif
9,./corp_art/09_Top_Logo_Bradford_Blue_120206.tif,./corp_art/09_Hamilton_Logo_Bradford_Blue_120206.tif
10,./corp_art/10_Top_Logo_Bradford_Blue_120314.tif,./corp_art/10_HamAunt_Logo_Bradford_Blue_120206.tif
11,./corp_art/11_Top_Logo_Bradford_Blue_110916.tif,./corp_art/11_VanHyg_Logo_Bradford_Blue_120206.tif
12,./corp_art/12_BR_Logo_Bradford_Blue_120206.tif,./corp_art/12_BR_Letter_Logo_Bradford_Blue_120206.tif
14,./corp_art/14_Top_Logo_Bradford_Blue_110916.tif,./corp_art/14_Letter_Logo_120206.tif
15,./corp_art/15_Top_Logo_Bradford_Blue_120206.tif,./corp_art/15_Brad_Editions_Logo_Bradford_Blue_120206.tif
16,./corp_art/16_Top_Logo_Bradford_Blue_110916.tif,./corp_art/16_WhiteBox.TIF
17,./corp_art/17_Top_Logo_Bradford_Blue_110916.tif,./corp_art/17_BradMint_Logo_Bradford_Blue_120206.tif
18,./corp_art/18_Top_Logo_Bradford_Blue_110916.tif,./corp_art/18_BradChecks_Logo_Bradford_Blue_120206.tif
