key,sitename,payableName1,payableName2,payableName3,payableName4,siteurl,sitefon,sitepmt,webflag,website,sitecsemail,siteaddress,topaddress,topurl,replyimb
1,The Bradford Exchange,The Bradford Exchange,,,,www.BradfordExchange.com,1-800-323-5577,,,,customerservice@bradfordexchange.com,9333 N. Milwaukee Ave.     Niles  IL 60714,9333 N. Milwaukee Ave.     Niles  IL 60714,www.BradfordExchange.com,0070010767800000000060053083636
3,Ashton-Drake Galleries,Ashton-Drake Galleries,,,,www.AshtonDrake.com,1-800-634-5164,,,,customerservice@ashtondrake.com,9200 N. Maryland Ave.     Niles  IL 60714-1322,9200 N. Maryland Ave.     Niles  IL 60714-1322,,0070010767800000000060053085555
7,Ardleigh Elliot,Ardleigh Elliot,,,,www.BradfordExchange.com,1-800-323-5577,,,,customerservice@bradfordexchange.com,9204 Center For The Arts Dr.     Niles  IL 60714-1387,9204 Center For The Arts Dr.     Niles  IL 60714-1387,www.BradfordExchange.com,0070010767800000000060053081010
9,The Hamilton Collection,The Hamilton Collection,,,,www.HamiltonCollection.com,1-800-545-2077,,,,customerservice@hamiltoncollection.com,9204 Center For The Arts Dr.     Niles  IL 60714-1300,9204 Center For The Arts Dr.     Niles  IL 60714-1300,www.HamiltonCollection.com,0070010767800000000060053084242
10,Hamilton Authenticated,Hamilton Authenticated,,,,www.BradfordExchange.com,1-800-323-5577,,,,customerservice@bradfordexchange.com,9202 Center For The Arts Dr.     Niles  IL 60714,9202 Center For The Arts Dr.     Niles  IL 60714,www.BradfordExchange.com,0070010767800000000060053082828
11,Van Hygan & Smythe,Van Hygan & Smythe,,,,www.BradfordExchange.com,1-800-323-5577,,,,customerservice@bradfordexchange.com,9311 N. Milwaukee Ave.     Niles  IL 60714,9311 N. Milwaukee Ave.     Niles  IL 60714,www.BradfordExchange.com,0070010767800000000060053083232
12,,Crestley & Company,,,,www.breedperfect.com,1-800-323-5577,,,,customerservice@bradfordexchange.com,P.O. Box 255    Bensenville  IL 60106,,,0070010767800000000060106025555
14,The Bradford Exchange,Hawthorne Village,,,,www.BradfordExchange.com,1-800-772-4277,,,,customerservice@bradfordexchange.com,9210 N. Maryland Ave.     Niles  IL 60714-1322,9210 N. Maryland Ave.     Niles  IL 60714-1322,www.BradfordExchange.com,0070010767800000000060053088686
15,The Bradford Editions,The Bradford Editions,,,,www.BradfordExchange.com,1-800-323-5577,,,,customerservice@bradfordexchange.com,9303 N. Milwaukee Ave.     Niles  IL 60714-1398,9303 N. Milwaukee Ave.     Niles  IL 60714-1398,www.BradfordExchange.com,0070010767800000000060053089595
16,The Bradford Exchange Online,The Bradford Exchange Online,,,,www.BradfordExchange.com,1-800-323-5577,,,,customerservice@bradfordexchange.com,,,,0070010767800000000060714970402
17,The Bradford Exchange Mint,The Bradford Exchange Mint,,,,www.BradfordExchange.com,1-800-323-5577,,,,customerservice@bradfordexchange.com,9307 N. Milwaukee Ave.     Niles  Il 60714-1381,9307 N. Milwaukee Ave.     Niles  Il 60714-1381,www.BradfordExchange.com,0070010767800000000060053085858
18,Bradford Exchange Checks,Bradford Exchange Checks,,,,www.BradfordExchangeChecks.com,1-800-323-8104,,,,customerservice@bradfordexchangechecks.com,9333 N. Milwaukee Ave.     Niles  IL 60714,9333 N. Milwaukee Ave.     Niles  IL 60714,www.BradfordExchange.com,0070010767800000000060714130305
19,Studio Hummel,Studio Hummel,,,,www.BradfordExchange.com,1-800-323-5577,,,,customerservice@bradfordexchange.com,9333 N. Milwaukee Ave.     Niles  IL 60714,9333 N. Milwaukee Ave.     Niles  IL 60714,www.BradfordExchange.com,
16941,The Ashton-Drake Galleries Online,The Ashton-Drake Galleries Online,,,,www.AshtonDrake.com,1-800-634-5164,,,,customerservice@ashtondrake.com,,,,0070010767800000000060714970402
16942,The Hamilton Collection Online,The Hamilton Collection Online,,,,www.HamiltonCollection.com,1-800-545-2077,,,,customerservice@hamiltoncollection.com,,,,0070010767800000000060714970402
16997,Collectibles Today Ltd.,Collectibles Today Ltd.,,,,www.BradfordExchange.com,1-866-907-3607,,,,customerservice@bradfordexchange.com,,,,0070010767800000000060714970402
