1,Suzanne Thomas,Account Executive,Suzanne Thomas,Account Executive,Suzanne Thomas,Account Executive,Suzanne Thomas,Account Executive,Charles Delano,Collection Manager
3,Ann Lindon,Account Executive,Ann Lindon,Account Executive,Ann Lindon,Account Executive,Ann Lindon,Account Executive,Charles Delano,Collection Manager
7,Suzanne Thomas,Account Executive,Suzanne Thomas,Account Executive,Suzanne Thomas,Account Executive,Suzanne Thomas,Account Executive,Charles Delano,Collection Manager
9,Kelli Edwards,Executive Director,Kelli Edwards,Executive Director,Kelli Edwards,Executive Director,Kelli Edwards,Executive Director,Charles Delano,Collection Manager
10,Suzanne Thomas,Account Executive,Suzanne Thomas,Account Executive,Suzanne Thomas,Account Executive,Suzanne Thomas,Account Executive,Charles Delano,Collection Manager
11,Suzanne Thomas,Account Executive,Suzanne Thomas,Account Executive,Suzanne Thomas,Account Executive,Suzanne Thomas,Account Executive,Charles Delano,Collection Manager
12,Suzanne Thomas,Account Executive,Suzanne Thomas,Account Executive,Suzanne Thomas,Account Executive,Suzanne Thomas,Account Executive,Charles Delano,Collection Manager
14,Suzanne Thomas,Account Executive,Suzanne Thomas,Account Executive,Suzanne Thomas,Account Executive,Suzanne Thomas,Account Executive,Charles Delano,Collection Manager
15,Suzanne Thomas,Account Executive,Suzanne Thomas,Account Executive,Suzanne Thomas,Account Executive,Suzanne Thomas,Account Executive,Charles Delano,Collection Manager
16,Suzanne Thomas,Account Executive,Suzanne Thomas,Account Executive,Suzanne Thomas,Account Executive,Suzanne Thomas,Account Executive,Charles Delano,Collection Manager
17,Suzanne Thomas,Account Executive,Suzanne Thomas,Account Executive,Suzanne Thomas,Account Executive,Suzanne Thomas,Account Executive,Charles Delano,Collection Manager
18,Jessica Andrews,Account Executive,Jessica Andrews,Account Executive,Jessica Andrews,Account Executive,Jessica Andrews,Account Executive,Charles Delano,Collection Manager
19,Suzanne Thomas,Account Executive,Suzanne Thomas,Account Executive,Suzanne Thomas,Account Executive,Suzanne Thomas,Account Executive,Charles Delano,Collection Manager
