﻿<?xml version="1.0" encoding="utf-8"?>
<ExtractData>
  <CurrentYearPlan>
    <CurrentYearPlanData>
      <PlanYear>2017</PlanYear>
      <PlanID>H0609807000</PlanID>
      <ContractNumber>H0609</ContractNumber>
      <PBPNumber>807</PBPNumber>
      <BusinessSegment>Secure Horizons</BusinessSegment>
      <PlanType>HMO</PlanType>
      <PlanDescription>Health Maintenance Organization</PlanDescription>
      <SNPFlag>false</SNPFlag>
      <PlanName>UnitedHealthcare Group Medicare Advantage (HMO)</PlanName>
      <LegalDescription>PACIFICARE OF COLORADO, INC</LegalDescription>
      <BrandName>UnitedHealthcare</BrandName>
      <DrugCoverageType>MA</DrugCoverageType>
      <AnnualMOOPCategory>Voluntary</AnnualMOOPCategory>
      <OOPMaxAmt>1800.00</OOPMaxAmt>
      <OOPMaxPackage>P200</OOPMaxPackage>
      <GroupName>California Field Ironworkers</GroupName>
      <GroupNumber>060291-MVP</GroupNumber>
      <MasterGroupNumber>060291</MasterGroupNumber>
      <CorporateGroupNumber>EGCA00078</CorporateGroupNumber>
      <Division>25-1</Division>
      <SourceSystem>NICE</SourceSystem>
      <PlanSponsorName>Employer</PlanSponsorName>
      <GroupEffectiveDate>2017-01-01</GroupEffectiveDate>
      <GroupTerminationDate>2017-12-31</GroupTerminationDate>
      <IsTenthBilling>false</IsTenthBilling>
      <BillingCode>1</BillingCode>
      <PaymentDueCode>4</PaymentDueCode>
      <BillingSubsidy>100.00%</BillingSubsidy>
      <IsBillSplit>false</IsBillSplit>
      <BillGroup>Single</BillGroup>
      <InvoiceReceiver>Employer</InvoiceReceiver>
      <PassportFlag>true</PassportFlag>
      <HearingRiderFlag>true</HearingRiderFlag>
      <ChiroRiderFlag>false</ChiroRiderFlag>
      <BaagDMSCode>Group_Regression_MA</BaagDMSCode>
      <EocDMSCode>Group_Regression_MA</EocDMSCode>
      <SobDMSCode>Group_Regression_MA</SobDMSCode>
      <b_18a1_18a4_HearingCode>GHR0810</b_18a1_18a4_HearingCode>
      <FulfillmentType>Standard</FulfillmentType>
      <LEPBillingIndicator>Not Applicable</LEPBillingIndicator>
      <CanPremiumandSubsidybediscussed>Neither</CanPremiumandSubsidybediscussed>
      <ArizonaCounty>
        <State>Arizona</State>
        <County>Apache</County>
      </ArizonaCounty>
      <ArizonaCounty>
        <State>Arizona</State>
        <County>Cochise</County>
      </ArizonaCounty>
      <ArizonaCounty>
        <State>Arizona</State>
        <County>Coconino</County>
      </ArizonaCounty>
      <ArizonaCounty>
        <State>Arizona</State>
        <County>Gila</County>
      </ArizonaCounty>
      <ArizonaCounty>
        <State>Arizona</State>
        <County>Graham</County>
      </ArizonaCounty>
      <ArizonaCounty>
        <State>Arizona</State>
        <County>Greenlee</County>
      </ArizonaCounty>
      <ArizonaCounty>
        <State>Arizona</State>
        <County>La Paz</County>
      </ArizonaCounty>
      <ArizonaCounty>
        <State>Arizona</State>
        <County>Maricopa</County>
      </ArizonaCounty>
      <ArizonaCounty>
        <State>Arizona</State>
        <County>Mohave</County>
      </ArizonaCounty>
      <ArizonaCounty>
        <State>Arizona</State>
        <County>Navajo</County>
      </ArizonaCounty>
      <ArizonaCounty>
        <State>Arizona</State>
        <County>Pima</County>
      </ArizonaCounty>
      <ArizonaCounty>
        <State>Arizona</State>
        <County>Pinal</County>
      </ArizonaCounty>
      <ArizonaCounty>
        <State>Arizona</State>
        <County>Santa Cruz</County>
      </ArizonaCounty>
      <ArizonaCounty>
        <State>Arizona</State>
        <County>Yavapai</County>
      </ArizonaCounty>
      <ArizonaCounty>
        <State>Arizona</State>
        <County>Yuma</County>
      </ArizonaCounty>
      <PlanPriorAuthRequired>false</PlanPriorAuthRequired>
      <PCPRequiredFlag>true</PCPRequiredFlag>
      <GatekeeperFlag>true</GatekeeperFlag>
      <DualNonDualFlag>false</DualNonDualFlag>
      <InstPlanFlag>false</InstPlanFlag>
      <ChronicPlanFlag>false</ChronicPlanFlag>
      <PlanMonthlyPremium>206.16</PlanMonthlyPremium>
      <PartCMonthlyPremium>206.16</PartCMonthlyPremium>
      <OptionalBenefitFlag>true</OptionalBenefitFlag>
      <VisitorTravelProgram>
        <IsVisitorTravelCoverage>true</IsVisitorTravelCoverage>
        <VisitorTravelType>US</VisitorTravelType>
      </VisitorTravelProgram>
      <Nurseline>1</Nurseline>
      <HouseCallsProgram>Included</HouseCallsProgram>
      <ChronicHeartFailure>1</ChronicHeartFailure>
      <CoronaryArteryDisease>1</CoronaryArteryDisease>
      <EndStageRenalDisease>1</EndStageRenalDisease>
      <PersonalHealthManagement>1</PersonalHealthManagement>
      <AdvancedIllnessCare>1</AdvancedIllnessCare>
      <HealthDiscountINN>1</HealthDiscountINN>
      <CaregiverEnhanced>2</CaregiverEnhanced>
      <ChiropracticBenefit>2</ChiropracticBenefit>
      <FitnessIndicator>1</FitnessIndicator>
      <HearingAid>3</HearingAid>
      <HearingBenefit>3</HearingBenefit>
      <DentalBenefit>2</DentalBenefit>
      <Dental>Not Included</Dental>
      <TreatmentDecisionSupport>2</TreatmentDecisionSupport>
      <AccessSupport>1</AccessSupport>
      <PreferredDiabeticSupplyProgram>Not Included</PreferredDiabeticSupplyProgram>
      <DeluxeRiderFlag>false</DeluxeRiderFlag>
      <SPAPFlag>false</SPAPFlag>
      <VisionVendorName>UnitedHealthcare Vision</VisionVendorName>
      <HearingVendorName>EPIC Hearing Network Only</HearingVendorName>
      <RXVendorName>Prescription Solutions by OptumRx</RXVendorName>
      <Activity>Insert</Activity>
      <Preference>true</Preference>
      <TelephonicEnrollment>false</TelephonicEnrollment>
      <OngoingEnrollmentMethod>Paper</OngoingEnrollmentMethod>
      <UnionPrint>No</UnionPrint>
      <INNUAFFootNotes>
        <Footnote1>
          <Code>F219</Code>
          <Description>$0 copay for virtual visits.  If applicable $0 copay OON, no limit to cost of visit.  Plan deductible does not apply.  Unlimited visits.</Description>
        </Footnote1>
        <Footnote2>
          <Code>F220</Code>
          <Description>For Materials Use Only - Virtual Visits marketing language included.</Description>
        </Footnote2>
        <Footnote3>
          <Code>F238</Code>
          <Description>$0 copay for Medicare covered Telemedicine.  If applicable $0 copay OON, no limit to cost of visit.  Plan deductible does not apply.  Unlimited visits.</Description>
        </Footnote3>
      </INNUAFFootNotes>
      <SitusState>CA</SitusState>
      <GPSEmployerID>1291</GPSEmployerID>
      <GPSBranchID>001</GPSBranchID>
    </CurrentYearPlanData>
    <CurrentYearPlanContactInformation>
      <CustomContactData>No</CustomContactData>
      <CustServPhoneNumber>1-800-457-8506</CustServPhoneNumber>
      <CustServTTY>711</CustServTTY>
      <CustServHours>8 a.m. - 8 p.m. local time, Monday - Friday</CustServHours>
      <CustServAddress1>UnitedHealthcare</CustServAddress1>
      <CustServAddress2>PO Box 29675</CustServAddress2>
      <CustServAddress3>Hot Springs, AR 71903-9675</CustServAddress3>
      <CustServWebSite>www.UHCRetiree.com</CustServWebSite>
      <CustServFax>1-501-262-7070</CustServFax>
      <RXMailServicePhoneNumber>1-888-279-1828</RXMailServicePhoneNumber>
      <RXMailServiceTTY>711</RXMailServiceTTY>
      <RXMailServiceHours>24 hours a day, 7 days a week</RXMailServiceHours>
      <RXMailServiceURL>www.OptumRx.com</RXMailServiceURL>
      <MentalHealth1PhoneNumber>1-888-777-2735</MentalHealth1PhoneNumber>
      <MentalHealth1TTY>711</MentalHealth1TTY>
      <MentalHealth1Hours>24 hours a day, 7 days a week</MentalHealth1Hours>
      <NurseLinePhoneNumber>1-877-365-7949</NurseLinePhoneNumber>
      <NurseLineTTY>711</NurseLineTTY>
      <NurseLineHours>24 hours a day, 7 days a week</NurseLineHours>
      <HearingPhoneNumber>1-866-956-5400</HearingPhoneNumber>
      <HearingTTY>711</HearingTTY>
      <HearingHours>6 a.m. - 6 p.m. Pacific Standard Time, Monday - Friday</HearingHours>
      <MedicalAppealsExpeditedPhoneNumber>1-877-262-9203</MedicalAppealsExpeditedPhoneNumber>
      <MedicalAppealsExpeditedFax>1-866-373-1081</MedicalAppealsExpeditedFax>
      <MedicalAppealsExpeditedTTY>711</MedicalAppealsExpeditedTTY>
      <MedicalAppealsExpeditedAddress1>Appeals and Grievance Department</MedicalAppealsExpeditedAddress1>
      <MedicalAppealsExpeditedAddress2>PO Box 6106, MS CA124-0157</MedicalAppealsExpeditedAddress2>
      <MedicalAppealsExpeditedAddress3>Cypress, CA 90630</MedicalAppealsExpeditedAddress3>
      <ClaimsAddress1>PacifiCare of Arizona</ClaimsAddress1>
      <ClaimsAddress2>PO Box 30965</ClaimsAddress2>
      <ClaimsAddress3>Salt Lake City, UT 84130-0965</ClaimsAddress3>
      <SalesPhoneNumber>1-877-714-0178</SalesPhoneNumber>
      <SalesTTY>711</SalesTTY>
      <SalesHours>8 a.m. - 8 p.m. local time, 7 days a week</SalesHours>
      <SalesURL>www.UHCRetiree.com</SalesURL>
      <WebAddressURL>www.UHCRetiree.com</WebAddressURL>
      <CustomerServiceEventLineTN>1-800-457-8506</CustomerServiceEventLineTN>
      <Component1>Group_Regression_MA</Component1>
      <Component4>Group_Regression_MA</Component4>
      <Component6>Group_Regression_MA</Component6>
      <Component9>Group_Regression_MA</Component9>
      <Component10>true</Component10>
      <SHIPInformation>
        <SHIPName>Arizona Department of Economic Security Division of Aging and Adult Services</SHIPName>
        <SHIPState>Arizona</SHIPState>
        <SHIPPhoneNumber>1-800-432-4040</SHIPPhoneNumber>
        <SHIPTTY>711</SHIPTTY>
        <SHIPWebSite>https://des.az.gov/services/aging-and-adult/state-health-insurance-assistance-program-ship</SHIPWebSite>
        <SHIPAddress1>1789 West Jefferson ST, ATTN: SHIP 950A</SHIPAddress1>
        <SHIPAddress2>Phoenix, AZ 85007</SHIPAddress2>
      </SHIPInformation>
      <QIOInformation>
        <QIOName>Livanta BFCC-QIO Program</QIOName>
        <QIOState>Arizona</QIOState>
        <QIOPhoneNumber>1-877-588-1123</QIOPhoneNumber>
        <QIOTTY>1-855-887-6668</QIOTTY>
        <QIOWebSite>www.BFCCQIOAREA5.COM</QIOWebSite>
        <QIOAddress1>9090 Junction DR, STE 10</QIOAddress1>
        <QIOAddress2>Annapolis Junction, MD 20701</QIOAddress2>
      </QIOInformation>
      <DeptHealthAdvanceDirectiveComplaintsInfo>
        <DeptHealthAdvanceDirectiveComplaintsName>Arizona Secretary of State</DeptHealthAdvanceDirectiveComplaintsName>
        <DeptHealthAdvanceDirectiveComplaintsState>AZ</DeptHealthAdvanceDirectiveComplaintsState>
        <DeptHealthAdvanceDirectiveComplaintsPhoneNumber>1-800-458-5842</DeptHealthAdvanceDirectiveComplaintsPhoneNumber>
        <DeptHealthAdvanceDirectiveComplaintsTTY>711</DeptHealthAdvanceDirectiveComplaintsTTY>
        <DeptHealthAdvanceDirectiveComplaintsWebSiteAddress>http://www.azsos.gov/adv_dir</DeptHealthAdvanceDirectiveComplaintsWebSiteAddress>
        <DeptHealthAdvanceDirectiveComplaintsAddress1>1700 W Washington ST, FL 7</DeptHealthAdvanceDirectiveComplaintsAddress1>
        <DeptHealthAdvanceDirectiveComplaintsAddress2>Phoenix, AZ 85007-2808</DeptHealthAdvanceDirectiveComplaintsAddress2>
      </DeptHealthAdvanceDirectiveComplaintsInfo>
      <MedicaidInformation>
        <MedicaidStateOfficeLabel>State Medicaid Office</MedicaidStateOfficeLabel>
        <MedicaidStateOfficePhonenumber>1-800-962-6690</MedicaidStateOfficePhonenumber>
        <MedicaidStateOfficeTTY>1-800-826-5140</MedicaidStateOfficeTTY>
        <MedicaidStateOfficeWebsite>www.ahcccs.state.az.us/</MedicaidStateOfficeWebsite>
        <MedicaidStateName>Arizona</MedicaidStateName>
        <MedicaidStateOfficeName>Arizona Health Care Cost Containment System (AHCCCS)</MedicaidStateOfficeName>
        <MedicaidStateOfficeAddress1>801 East Jefferson</MedicaidStateOfficeAddress1>
        <MedicaidStateOfficeAddress2>Phoenix, AZ 85034</MedicaidStateOfficeAddress2>
      </MedicaidInformation>
      <MedicaidInformation>
        <MedicaidStateOfficeLabel>State Medicaid Office (DDD)</MedicaidStateOfficeLabel>
        <MedicaidStateOfficePhonenumber>1-602-771-8080</MedicaidStateOfficePhonenumber>
        <MedicaidStateOfficeTTY>711</MedicaidStateOfficeTTY>
        <MedicaidStateOfficeWebsite>https://www.azdes.gov/developmental_disabilities/</MedicaidStateOfficeWebsite>
        <MedicaidStateName>Arizona</MedicaidStateName>
        <MedicaidStateOfficeName>Division of Developmental Disabilities</MedicaidStateOfficeName>
        <MedicaidStateOfficeAddress1>3443 N Central Ave, STE 600</MedicaidStateOfficeAddress1>
        <MedicaidStateOfficeAddress2>Phoenix, AZ 85012</MedicaidStateOfficeAddress2>
      </MedicaidInformation>
      <PartCCoverageDeterminationPhoneNumber>1-800-457-8506</PartCCoverageDeterminationPhoneNumber>
      <PartCCoverageDeterminationHours>8 a.m. - 8 p.m. local time, Monday - Friday</PartCCoverageDeterminationHours>
      <PartCCoverageDeterminationTTY>711</PartCCoverageDeterminationTTY>
      <PartCCoverageDeterminationFax>1-501-262-7070</PartCCoverageDeterminationFax>
      <PartCCoverageDeterminationURL>www.UHCRetiree.com</PartCCoverageDeterminationURL>
      <PartCCoverageDeterminationAddress1>UnitedHealthcare</PartCCoverageDeterminationAddress1>
      <PartCCoverageDeterminationAddress2>PO Box 29675</PartCCoverageDeterminationAddress2>
      <PartCCoverageDeterminationAddress3>Hot Springs, AR 71903-9675</PartCCoverageDeterminationAddress3>
      <PartCCoverageDeterminationExpeditedPhoneNumber>1-800-457-8506</PartCCoverageDeterminationExpeditedPhoneNumber>
      <PartCCoverageDeterminationExpeditedHours>8 a.m. - 8 p.m. local time, Monday - Friday</PartCCoverageDeterminationExpeditedHours>
      <PartCCoverageDeterminationExpeditedTTY>711</PartCCoverageDeterminationExpeditedTTY>
      <PartCCoverageDeterminationExpeditedFax>1-501-262-7070</PartCCoverageDeterminationExpeditedFax>
      <PartCCoverageDeterminationExpeditedURL>www.UHCRetiree.com</PartCCoverageDeterminationExpeditedURL>
      <PartCCoverageDeterminationExpeditedAddress1>UnitedHealthcare</PartCCoverageDeterminationExpeditedAddress1>
      <PartCCoverageDeterminationExpeditedAddress2>PO Box 29675</PartCCoverageDeterminationExpeditedAddress2>
      <PartCCoverageDeterminationExpeditedAddress3>Hot Springs, AR 71903-9675</PartCCoverageDeterminationExpeditedAddress3>
      <MedicalAppealsExpeditedHours>8 a.m. - 8 p.m. local time, 7 days a week</MedicalAppealsExpeditedHours>
      <MedicalAppealsPhoneNumber>1-800-457-8506</MedicalAppealsPhoneNumber>
      <MedicalAppealsHours>8 a.m. - 8 p.m. local time, 7 days a week</MedicalAppealsHours>
      <MedicalAppealsFax>1-888-517-7113</MedicalAppealsFax>
      <MedicalAppealsTTY>711</MedicalAppealsTTY>
      <MedicalAppealsAddress1>Appeals and Grievance Department</MedicalAppealsAddress1>
      <MedicalAppealsAddress2>PO Box 6106, MS CA124-0157</MedicalAppealsAddress2>
      <MedicalAppealsAddress3>Cypress, CA 90630</MedicalAppealsAddress3>
      <RXBenefitManagerAddress1>OptumRx</RXBenefitManagerAddress1>
      <RXBenefitManagerAddress2>PO Box 29045</RXBenefitManagerAddress2>
      <RXBenefitManagerAddress3>Hot Springs, AR 71903</RXBenefitManagerAddress3>
      <ADAPInformation>
        <ADAPName>Arizona Department of Health Services ADAP</ADAPName>
        <ADAPState>Arizona</ADAPState>
        <ADAPPhoneNumber>1-800-334-1540</ADAPPhoneNumber>
        <ADAPTTY>711</ADAPTTY>
        <ADAPWebSiteAddress>http://www.azdhs.gov/preparedness/epidemiology-disease-control/disease-integration-services/#aids-drug-assistance-program-home</ADAPWebSiteAddress>
        <ADAPAddress1>150 N 18th AVE, STE 110</ADAPAddress1>
        <ADAPAddress2>Phoenix, AZ 85007</ADAPAddress2>
      </ADAPInformation>
    </CurrentYearPlanContactInformation>
    <CurrentYearBenefitData>
      <CurrentYearInNetworkBenefits>
        <b_1a_InpatientHospitalMC>
          <IsMedicareCoveredCostShare>false</IsMedicareCoveredCostShare>
          <CopayMaxAmount>100</CopayMaxAmount>
          <CopayMinAmount>100</CopayMinAmount>
        </b_1a_InpatientHospitalMC>
        <b_1a1_InpatientHospitalAdd>
          <IsMedicareCoveredCostShare>false</IsMedicareCoveredCostShare>
        </b_1a1_InpatientHospitalAdd>
        <b_1b_InpatientPsychiatricMC>
          <IsMedicareCoveredCostShare>false</IsMedicareCoveredCostShare>
          <CopayMaxAmount>100</CopayMaxAmount>
          <CopayMinAmount>100</CopayMinAmount>
          <LifetimeMax>190</LifetimeMax>
        </b_1b_InpatientPsychiatricMC>
        <b_1b1_InpatientPsychiatricAdd>
          <IsMedicareCoveredCostShare>false</IsMedicareCoveredCostShare>
        </b_1b1_InpatientPsychiatricAdd>
        <b_2a_SNFMC_Int1>
          <BenefitCyclePeriod>100</BenefitCyclePeriod>
          <CopayIntervalAmount>0.00</CopayIntervalAmount>
          <CopayIntervalEndNumber>20</CopayIntervalEndNumber>
          <CopayIntervalStartNumber>1</CopayIntervalStartNumber>
          <IntervalNumberTypeID>2</IntervalNumberTypeID>
          <IsMedicareCoveredCostShare>false</IsMedicareCoveredCostShare>
          <IsWaived>true</IsWaived>
        </b_2a_SNFMC_Int1>
        <b_2a_SNFMC_Int2>
          <BenefitCyclePeriod>100</BenefitCyclePeriod>
          <CopayIntervalAmount>25.00</CopayIntervalAmount>
          <CopayIntervalEndNumber>100</CopayIntervalEndNumber>
          <CopayIntervalStartNumber>21</CopayIntervalStartNumber>
          <IntervalNumberTypeID>3</IntervalNumberTypeID>
          <IsMedicareCoveredCostShare>false</IsMedicareCoveredCostShare>
          <IsWaived>true</IsWaived>
        </b_2a_SNFMC_Int2>
        <b_3_CORF>
          <CopayMaxAmount>0</CopayMaxAmount>
          <CopayMinAmount>0</CopayMinAmount>
        </b_3_CORF>
        <b_4a_EmergencyCare>
          <CopayMaxAmount>50</CopayMaxAmount>
          <CopayMinAmount>50</CopayMinAmount>
          <IsWaived>true</IsWaived>
        </b_4a_EmergencyCare>
        <b_4c_EmergencyCareWW>
          <CopayMaxAmount>50</CopayMaxAmount>
          <CopayMinAmount>50</CopayMinAmount>
          <IsWaived>true</IsWaived>
        </b_4c_EmergencyCareWW>
        <b_4b_UrgentlyNeededServices>
          <CopayMaxAmount>35</CopayMaxAmount>
          <CopayMinAmount>35</CopayMinAmount>
          <IsWaived>true</IsWaived>
        </b_4b_UrgentlyNeededServices>
        <b_4b1_UrgentlyNeededServicesOutOfArea>
          <CopayMaxAmount>35</CopayMaxAmount>
          <CopayMinAmount>35</CopayMinAmount>
          <IsWaived>true</IsWaived>
        </b_4b1_UrgentlyNeededServicesOutOfArea>
        <b_5_PartialHospitalization>
          <CopayMaxAmount>55</CopayMaxAmount>
          <CopayMinAmount>55</CopayMinAmount>
        </b_5_PartialHospitalization>
        <b_6a_HomeHealth>
          <CopayMaxAmount>0</CopayMaxAmount>
          <CopayMinAmount>0</CopayMinAmount>
        </b_6a_HomeHealth>
        <b_7a_PrimaryCarePhysician>
          <CopayMaxAmount>5</CopayMaxAmount>
          <CopayMinAmount>5</CopayMinAmount>
        </b_7a_PrimaryCarePhysician>
        <b_7b_ChiropracticMC>
          <CoInsuranceMaxPercent>0.50</CoInsuranceMaxPercent>
          <CoInsuranceMinPercent>0.50</CoInsuranceMinPercent>
        </b_7b_ChiropracticMC>
        <b_7c_OccupationalTherapy>
          <CopayMaxAmount>0</CopayMaxAmount>
          <CopayMinAmount>0</CopayMinAmount>
        </b_7c_OccupationalTherapy>
        <b_7d_PhysicianSpecialist>
          <CopayMaxAmount>20</CopayMaxAmount>
          <CopayMinAmount>20</CopayMinAmount>
        </b_7d_PhysicianSpecialist>
        <b_7f_PodiatryMC>
          <CopayMaxAmount>20</CopayMaxAmount>
          <CopayMinAmount>20</CopayMinAmount>
        </b_7f_PodiatryMC>
        <b_7f1_PodiatryRoutine>
          <CopayMaxAmount>20</CopayMaxAmount>
          <CopayMinAmount>20</CopayMinAmount>
          <NumberOfVisits>6</NumberOfVisits>
        </b_7f1_PodiatryRoutine>
        <b_7g_OtherHCProfessional>
          <CopayMaxAmount>5</CopayMaxAmount>
          <CopayMinAmount>5</CopayMinAmount>
        </b_7g_OtherHCProfessional>
        <b_7h_Psychiatric>
          <CopayMaxAmount>20</CopayMaxAmount>
          <CopayMinAmount>5</CopayMinAmount>
        </b_7h_Psychiatric>
        <b_7i_PhysSpeechTherapy>
          <CopayMaxAmount>0</CopayMaxAmount>
          <CopayMinAmount>0</CopayMinAmount>
        </b_7i_PhysSpeechTherapy>
        <b_8a1_DiagProceduresTestsMC>
          <CopayMaxAmount>0</CopayMaxAmount>
          <CopayMinAmount>0</CopayMinAmount>
        </b_8a1_DiagProceduresTestsMC>
        <b_8a2_LabMC>
          <CopayMaxAmount>0</CopayMaxAmount>
          <CopayMinAmount>0</CopayMinAmount>
        </b_8a2_LabMC>
        <b_8b1_XRayMC>
          <CopayMaxAmount>0</CopayMaxAmount>
          <CopayMinAmount>0</CopayMinAmount>
        </b_8b1_XRayMC>
        <b_8b2_DiagnosticRadiologyMC>
          <CopayMaxAmount>0</CopayMaxAmount>
          <CopayMinAmount>0</CopayMinAmount>
        </b_8b2_DiagnosticRadiologyMC>
        <b_8b3_TherapeuticRadiologyMC>
          <CopayMaxAmount>0</CopayMaxAmount>
          <CopayMinAmount>0</CopayMinAmount>
        </b_8b3_TherapeuticRadiologyMC>
        <b_9a_OutpatientHospital>
          <CopayMaxAmount>50</CopayMaxAmount>
          <CopayMinAmount>50</CopayMinAmount>
        </b_9a_OutpatientHospital>
        <b_9b_AmbulatorySurgical>
          <CopayMaxAmount>50</CopayMaxAmount>
          <CopayMinAmount>50</CopayMinAmount>
        </b_9b_AmbulatorySurgical>
        <b_9c_OutpatientSubAbuse>
          <CopayMaxAmount>20</CopayMaxAmount>
          <CopayMinAmount>5</CopayMinAmount>
        </b_9c_OutpatientSubAbuse>
        <b_9d_CardiacRehab>
          <CopayMaxAmount>0</CopayMaxAmount>
          <CopayMinAmount>0</CopayMinAmount>
        </b_9d_CardiacRehab>
        <b_10a_Ambulance>
          <CopayMaxAmount>50</CopayMaxAmount>
          <CopayMinAmount>50</CopayMinAmount>
          <IsWaived>false</IsWaived>
        </b_10a_Ambulance>
        <b_11a_DME>
          <CoInsuranceMaxPercent>0.20</CoInsuranceMaxPercent>
          <CoInsuranceMinPercent>0.20</CoInsuranceMinPercent>
        </b_11a_DME>
        <b_11b_ProstheticsMedicalSup>
          <CoInsuranceMaxPercent>0.20</CoInsuranceMaxPercent>
          <CoInsuranceMinPercent>0.20</CoInsuranceMinPercent>
        </b_11b_ProstheticsMedicalSup>
        <b_11b1_ProstheticOrthodicSupplies>
          <CoInsuranceMaxPercent>0.20</CoInsuranceMaxPercent>
          <CoInsuranceMinPercent>0.20</CoInsuranceMinPercent>
        </b_11b1_ProstheticOrthodicSupplies>
        <b_11b2_Orthotics>
          <CoInsuranceMaxPercent>0.20</CoInsuranceMaxPercent>
          <CoInsuranceMinPercent>0.20</CoInsuranceMinPercent>
        </b_11b2_Orthotics>
        <b_11c_DiabetesSupplies>
          <CopayMaxAmount>0</CopayMaxAmount>
          <CopayMinAmount>0</CopayMinAmount>
        </b_11c_DiabetesSupplies>
        <b_11c1_DiabeticTherapeuticShoesInserts>
          <CoInsuranceMaxPercent>0.20</CoInsuranceMaxPercent>
          <CoInsuranceMinPercent>0.20</CoInsuranceMinPercent>
        </b_11c1_DiabeticTherapeuticShoesInserts>
        <b_11c2_InsulinPumpsandSupplies>
          <CoInsuranceMaxPercent>0.20</CoInsuranceMaxPercent>
          <CoInsuranceMinPercent>0.20</CoInsuranceMinPercent>
        </b_11c2_InsulinPumpsandSupplies>
        <b_12_RenalDialysis>
          <CoInsuranceMaxPercent>0.20</CoInsuranceMaxPercent>
          <CoInsuranceMinPercent>0.20</CoInsuranceMinPercent>
        </b_12_RenalDialysis>
        <b_13a_Blood>
          <BenefitServices>1</BenefitServices>
          <CopayMaxAmount>0</CopayMaxAmount>
          <CopayMinAmount>0</CopayMinAmount>
        </b_13a_Blood>
        <b_14a_OneTimePhysicalExams>
          <CopayMaxAmount>0</CopayMaxAmount>
          <CopayMinAmount>0</CopayMinAmount>
        </b_14a_OneTimePhysicalExams>
        <b_14a4_SmokingCessation>
          <CopayMaxAmount>0</CopayMaxAmount>
          <CopayMinAmount>0</CopayMinAmount>
        </b_14a4_SmokingCessation>
        <b_14a6_Fitness>
          <ProgramName>SilverSneakers</ProgramName>
        </b_14a6_Fitness>
        <b_14a11_Caregivers>
          <IsCoverage>true</IsCoverage>
        </b_14a11_Caregivers>
        <b_14a18_AbdominalAorticAneurysmScreening>
          <CopayMaxAmount>0</CopayMaxAmount>
          <CopayMinAmount>0</CopayMinAmount>
        </b_14a18_AbdominalAorticAneurysmScreening>
        <b_14a19_DiabetesScreening>
          <CopayMaxAmount>0</CopayMaxAmount>
          <CopayMinAmount>0</CopayMinAmount>
        </b_14a19_DiabetesScreening>
        <b_14a21_HIVScreening>
          <CopayMaxAmount>0</CopayMaxAmount>
          <CopayMinAmount>0</CopayMinAmount>
        </b_14a21_HIVScreening>
        <b_14a22_Screening_ReduceAlcoholMisuse>
          <CopayMaxAmount>0</CopayMaxAmount>
          <CopayMinAmount>0</CopayMinAmount>
        </b_14a22_Screening_ReduceAlcoholMisuse>
        <b_14a23_Screening_Depression>
          <CopayMaxAmount>0</CopayMaxAmount>
          <CopayMinAmount>0</CopayMinAmount>
        </b_14a23_Screening_Depression>
        <b_14a24_Screening_STIS>
          <CopayMaxAmount>0</CopayMaxAmount>
          <CopayMinAmount>0</CopayMinAmount>
        </b_14a24_Screening_STIS>
        <b_14a25_Intensive_BehaviorTherapy>
          <CopayMaxAmount>0</CopayMaxAmount>
          <CopayMinAmount>0</CopayMinAmount>
        </b_14a25_Intensive_BehaviorTherapy>
        <b_14a26_Screening_Obesity>
          <CopayMaxAmount>0</CopayMaxAmount>
          <CopayMinAmount>0</CopayMinAmount>
        </b_14a26_Screening_Obesity>
        <b_14a27_HepatitisCScreening>
          <CopayMaxAmount>0</CopayMaxAmount>
          <CopayMinAmount>0</CopayMinAmount>
          <Authorization>None</Authorization>
        </b_14a27_HepatitisCScreening>
        <b_14a28_LungCancerScreening>
          <CopayMaxAmount>0</CopayMaxAmount>
          <CopayMinAmount>0</CopayMinAmount>
        </b_14a28_LungCancerScreening>
        <b_14b_Immunizations>
          <CopayMaxAmount>0</CopayMaxAmount>
          <CopayMinAmount>0</CopayMinAmount>
        </b_14b_Immunizations>
        <b_14c1_AddPhysicalExams>
          <CopayMaxAmount>0</CopayMaxAmount>
          <CopayMinAmount>0</CopayMinAmount>
        </b_14c1_AddPhysicalExams>
        <b_14d_PapSmearsMC>
          <CopayMaxAmount>0</CopayMaxAmount>
          <CopayMinAmount>0</CopayMinAmount>
        </b_14d_PapSmearsMC>
        <b_14d3_PelvicExamsMC>
          <CopayMaxAmount>0</CopayMaxAmount>
          <CopayMinAmount>0</CopayMinAmount>
        </b_14d3_PelvicExamsMC>
        <b_14e_ProstateScreenMC>
          <CopayMaxAmount>0</CopayMaxAmount>
          <CopayMinAmount>0</CopayMinAmount>
        </b_14e_ProstateScreenMC>
        <b_14f_ColorectalScreenMC>
          <CopayMaxAmount>0</CopayMaxAmount>
          <CopayMinAmount>0</CopayMinAmount>
        </b_14f_ColorectalScreenMC>
        <b_14g_BoneMassMeasure>
          <CopayMaxAmount>0</CopayMaxAmount>
          <CopayMinAmount>0</CopayMinAmount>
        </b_14g_BoneMassMeasure>
        <b_14h_MammographyMC>
          <CopayMaxAmount>0</CopayMaxAmount>
          <CopayMinAmount>0</CopayMinAmount>
        </b_14h_MammographyMC>
        <b_14i_DiabetesMonitor>
          <CopayMaxAmount>0</CopayMaxAmount>
          <CopayMinAmount>0</CopayMinAmount>
        </b_14i_DiabetesMonitor>
        <b_14j_NutritionDiabetesandRenal>
          <CopayMaxAmount>0</CopayMaxAmount>
          <CopayMinAmount>0</CopayMinAmount>
        </b_14j_NutritionDiabetesandRenal>
        <b_14k_CardioVascularDiseaseScreening>
          <CopayMaxAmount>0</CopayMaxAmount>
          <CopayMinAmount>0</CopayMinAmount>
        </b_14k_CardioVascularDiseaseScreening>
        <b_14l_KidneyDiseaseEducation>
          <CopayMaxAmount>0</CopayMaxAmount>
          <CopayMinAmount>0</CopayMinAmount>
        </b_14l_KidneyDiseaseEducation>
        <b_14m_SelfDialysisTrainingMC>
          <CopayMaxAmount>0</CopayMaxAmount>
          <CopayMinAmount>0</CopayMinAmount>
        </b_14m_SelfDialysisTrainingMC>
        <b_15a1_ChemoDrug>
          <CoInsuranceMaxPercent>0.20</CoInsuranceMaxPercent>
          <CoInsuranceMinPercent>0.20</CoInsuranceMinPercent>
        </b_15a1_ChemoDrug>
        <b_15a3_CoveredImmunosuppressiveDrugs>
          <CoInsuranceMaxPercent>0.20</CoInsuranceMaxPercent>
          <CoInsuranceMinPercent>0.20</CoInsuranceMinPercent>
        </b_15a3_CoveredImmunosuppressiveDrugs>
        <b_16a5_DentalOV>
          <CopayMaxAmount>20</CopayMaxAmount>
          <CopayMinAmount>20</CopayMinAmount>
        </b_16a5_DentalOV>
        <b_17a_EyeExamsMedPartB>
          <CopayMaxAmount>20</CopayMaxAmount>
          <CopayMinAmount>20</CopayMinAmount>
        </b_17a_EyeExamsMedPartB>
        <b_17a2_EyeExamRefraction>
          <CopayMaxAmount>20</CopayMaxAmount>
          <CopayMinAmount>20</CopayMinAmount>
        </b_17a2_EyeExamRefraction>
        <b_17a3_GlaucomaScreeningMC>
          <CopayMaxAmount>0</CopayMaxAmount>
          <CopayMinAmount>0</CopayMinAmount>
        </b_17a3_GlaucomaScreeningMC>
        <b_17b6_Contacts>
          <IsMedicareCoveredCostShare>false</IsMedicareCoveredCostShare>
        </b_17b6_Contacts>
        <b_17b15_EyewearPostCataract>
          <CopayCoverageAmount>0.00</CopayCoverageAmount>
          <IsMedicareCoveredCostShare>false</IsMedicareCoveredCostShare>
        </b_17b15_EyewearPostCataract>
        <b_18a_HearingExamsMedPartB>
          <CopayMaxAmount>20</CopayMaxAmount>
          <CopayMinAmount>20</CopayMinAmount>
        </b_18a_HearingExamsMedPartB>
        <b_18a1_RoutineHearingTestNonMC>
          <CopayMaxAmount>0</CopayMaxAmount>
          <CopayMinAmount>0</CopayMinAmount>
          <NumberOfPeriod>year</NumberOfPeriod>
          <NumberOfVisits>1</NumberOfVisits>
          <PackageID>GHR0810</PackageID>
          <Vendor>EPIC Hearing Healthcare</Vendor>
        </b_18a1_RoutineHearingTestNonMC>
        <b_18a4_DigitalHearingAids>
          <BenefitPerEarOrCombined>Combined</BenefitPerEarOrCombined>
          <CopayMaxAmount>0</CopayMaxAmount>
          <IsMedicareCoveredCostShare>false</IsMedicareCoveredCostShare>
          <MaxPlanAmt>500.00</MaxPlanAmt>
          <NumberOfPeriod>3 years</NumberOfPeriod>
          <NumberOfVisits>999</NumberOfVisits>
          <PackageID>GHR0810</PackageID>
          <Vendor>EPIC Hearing Healthcare</Vendor>
        </b_18a4_DigitalHearingAids>
        <b_1a_InpatientHospitalFlags>
          <InpatientHospitalFFSFlag>false</InpatientHospitalFFSFlag>
          <InpatientHospitalPerDayFlag>false</InpatientHospitalPerDayFlag>
          <InpatientHospitalPerStayFlag>true</InpatientHospitalPerStayFlag>
        </b_1a_InpatientHospitalFlags>
        <b_1b_InpatientPsychiatricFlags>
          <InpatientPsychiatricFFSFlag>false</InpatientPsychiatricFFSFlag>
          <InpatientPsychiatricPerDayFlag>false</InpatientPsychiatricPerDayFlag>
          <InpatientPsychiatricPerStayFlag>true</InpatientPsychiatricPerStayFlag>
        </b_1b_InpatientPsychiatricFlags>
        <b_2a_SNFMCFlags>
          <SNFFFSFlag>false</SNFFFSFlag>
          <SNFNumberOfIntervals>2</SNFNumberOfIntervals>
          <SNFPerDayFlag>true</SNFPerDayFlag>
          <SNFPerStayFlag>false</SNFPerStayFlag>
        </b_2a_SNFMCFlags>
        <b_3_CORF_Flags>
          <CORF_FreeStandHospFlag>false</CORF_FreeStandHospFlag>
          <CORF_PerDayFlag>false</CORF_PerDayFlag>
        </b_3_CORF_Flags>
        <b_7c_OccupationalTherapy_Flags>
          <OccupationalTherapy_FreeStandHospFlag>false</OccupationalTherapy_FreeStandHospFlag>
          <OccupationalTherapy_PerDayFlag>false</OccupationalTherapy_PerDayFlag>
        </b_7c_OccupationalTherapy_Flags>
        <b_7i_PhysSpeechTherapy_Flags>
          <PhysSpeechTherapy_FreeStandHospFlag>false</PhysSpeechTherapy_FreeStandHospFlag>
          <PhysSpeechTherapy_PerDayFlag>false</PhysSpeechTherapy_PerDayFlag>
        </b_7i_PhysSpeechTherapy_Flags>
        <b_9a_OutpatientHospital_Flags>
          <OutpatientHospital_FreeStandHospFlag>false</OutpatientHospital_FreeStandHospFlag>
          <OutpatientHospital_PerDayFlag>false</OutpatientHospital_PerDayFlag>
        </b_9a_OutpatientHospital_Flags>
        <b_9b_AmbulatorySurgical_Flags>
          <AmbulatorySurgical_FreeStandHospFlag>false</AmbulatorySurgical_FreeStandHospFlag>
          <AmbulatorySurgical_PerDayFlag>false</AmbulatorySurgical_PerDayFlag>
        </b_9b_AmbulatorySurgical_Flags>
        <b_9d_CardiacRehab_Flags>
          <CardiacRehab_FreeStandHospFlag>false</CardiacRehab_FreeStandHospFlag>
          <CardiacRehab_PerDayFlag>false</CardiacRehab_PerDayFlag>
        </b_9d_CardiacRehab_Flags>
      </CurrentYearInNetworkBenefits>
      <CurrentYearOONBenefits>
        <b_1a_InpatientHospitalMC>
          <IsMedicareCoveredCostShare>false</IsMedicareCoveredCostShare>
          <IsOutOfPocketMaxAmount>true</IsOutOfPocketMaxAmount>
        </b_1a_InpatientHospitalMC>
        <b_1a_InpatientHospitalMC_Int1>
          <CopayIntervalAmount>295.00</CopayIntervalAmount>
          <CopayIntervalEndNumber>6</CopayIntervalEndNumber>
          <CopayIntervalStartNumber>1</CopayIntervalStartNumber>
          <IntervalNumberTypeID>2</IntervalNumberTypeID>
          <IsOutOfPocketMaxAmount>true</IsOutOfPocketMaxAmount>
          <NotCoveredOON>false</NotCoveredOON>
        </b_1a_InpatientHospitalMC_Int1>
        <b_1a_InpatientHospitalMC_Int2>
          <CopayIntervalAmount>0.00</CopayIntervalAmount>
          <CopayIntervalEndNumber>999</CopayIntervalEndNumber>
          <CopayIntervalStartNumber>7</CopayIntervalStartNumber>
          <IntervalNumberTypeID>3</IntervalNumberTypeID>
          <IsOutOfPocketMaxAmount>true</IsOutOfPocketMaxAmount>
          <NotCoveredOON>false</NotCoveredOON>
        </b_1a_InpatientHospitalMC_Int2>
        <b_1a1_InpatientHospitalAdd>
          <CopayMaxAmount>0</CopayMaxAmount>
          <CopayMinAmount>0</CopayMinAmount>
          <IntervalNumberTypeID>1</IntervalNumberTypeID>
          <IsOutOfPocketMaxAmount>false</IsOutOfPocketMaxAmount>
          <NotCoveredOON>false</NotCoveredOON>
        </b_1a1_InpatientHospitalAdd>
        <b_1b_InpatientPsychiatricMC>
          <IsMedicareCoveredCostShare>false</IsMedicareCoveredCostShare>
          <IsOutOfPocketMaxAmount>true</IsOutOfPocketMaxAmount>
        </b_1b_InpatientPsychiatricMC>
        <b_1b_InpatientPsychiatricMC_Int1>
          <CopayIntervalAmount>295.00</CopayIntervalAmount>
          <CopayIntervalEndNumber>5</CopayIntervalEndNumber>
          <CopayIntervalStartNumber>1</CopayIntervalStartNumber>
          <IntervalNumberTypeID>2</IntervalNumberTypeID>
          <IsOutOfPocketMaxAmount>true</IsOutOfPocketMaxAmount>
          <NotCoveredOON>false</NotCoveredOON>
        </b_1b_InpatientPsychiatricMC_Int1>
        <b_1b_InpatientPsychiatricMC_Int2>
          <CopayIntervalAmount>0.00</CopayIntervalAmount>
          <CopayIntervalEndNumber>90</CopayIntervalEndNumber>
          <CopayIntervalStartNumber>6</CopayIntervalStartNumber>
          <IntervalNumberTypeID>3</IntervalNumberTypeID>
          <IsOutOfPocketMaxAmount>true</IsOutOfPocketMaxAmount>
          <NotCoveredOON>false</NotCoveredOON>
        </b_1b_InpatientPsychiatricMC_Int2>
        <b_1b1_InpatientPsychiatricAdd>
          <IntervalNumberTypeID>1</IntervalNumberTypeID>
          <IsOutOfPocketMaxAmount>false</IsOutOfPocketMaxAmount>
          <NotCoveredOON>true</NotCoveredOON>
        </b_1b1_InpatientPsychiatricAdd>
        <b_1b2_InpatientPsychiatricNonMC>
          <IntervalNumberTypeID>1</IntervalNumberTypeID>
          <IsOutOfPocketMaxAmount>false</IsOutOfPocketMaxAmount>
          <NotCoveredOON>true</NotCoveredOON>
        </b_1b2_InpatientPsychiatricNonMC>
        <b_2a_SNFMC_Int1>
          <CopayIntervalAmount>0.00</CopayIntervalAmount>
          <CopayIntervalEndNumber>20</CopayIntervalEndNumber>
          <CopayIntervalStartNumber>1</CopayIntervalStartNumber>
          <IntervalNumberTypeID>2</IntervalNumberTypeID>
          <IsOutOfPocketMaxAmount>true</IsOutOfPocketMaxAmount>
          <NotCoveredOON>false</NotCoveredOON>
        </b_2a_SNFMC_Int1>
        <b_2a_SNFMC_Int2>
          <CopayIntervalAmount>160.00</CopayIntervalAmount>
          <CopayIntervalEndNumber>62</CopayIntervalEndNumber>
          <CopayIntervalStartNumber>21</CopayIntervalStartNumber>
          <IntervalNumberTypeID>3</IntervalNumberTypeID>
          <IsOutOfPocketMaxAmount>true</IsOutOfPocketMaxAmount>
          <NotCoveredOON>false</NotCoveredOON>
        </b_2a_SNFMC_Int2>
        <b_2a_SNFMC_Int3>
          <CopayIntervalAmount>0.00</CopayIntervalAmount>
          <CopayIntervalEndNumber>100</CopayIntervalEndNumber>
          <CopayIntervalStartNumber>63</CopayIntervalStartNumber>
          <IntervalNumberTypeID>4</IntervalNumberTypeID>
          <IsOutOfPocketMaxAmount>true</IsOutOfPocketMaxAmount>
          <NotCoveredOON>false</NotCoveredOON>
        </b_2a_SNFMC_Int3>
        <b_3_CardiacRehab>
          <CoInsuranceMaxPercent>0</CoInsuranceMaxPercent>
          <CoInsuranceMinPercent>0</CoInsuranceMinPercent>
          <CopayMaxAmount>20</CopayMaxAmount>
          <CopayMinAmount>20</CopayMinAmount>
          <IsOutOfPocketMaxAmount>true</IsOutOfPocketMaxAmount>
          <NotCoveredOON>false</NotCoveredOON>
        </b_3_CardiacRehab>
        <b_3_PulmonaryRehab>
          <CoInsuranceMaxPercent>0</CoInsuranceMaxPercent>
          <CoInsuranceMinPercent>0</CoInsuranceMinPercent>
          <CopayMaxAmount>20</CopayMaxAmount>
          <CopayMinAmount>20</CopayMinAmount>
          <IsOutOfPocketMaxAmount>true</IsOutOfPocketMaxAmount>
          <NotCoveredOON>false</NotCoveredOON>
        </b_3_PulmonaryRehab>
        <b_3_IntensiveCardiacRehab>
          <CoInsuranceMaxPercent>0</CoInsuranceMaxPercent>
          <CoInsuranceMinPercent>0</CoInsuranceMinPercent>
          <CopayMaxAmount>20</CopayMaxAmount>
          <CopayMinAmount>20</CopayMinAmount>
          <IsOutOfPocketMaxAmount>true</IsOutOfPocketMaxAmount>
          <NotCoveredOON>false</NotCoveredOON>
        </b_3_IntensiveCardiacRehab>
        <b_3a1_AdditionalCardiacRehab>
          <IsOutOfPocketMaxAmount>false</IsOutOfPocketMaxAmount>
          <NotCoveredOON>true</NotCoveredOON>
        </b_3a1_AdditionalCardiacRehab>
        <b_3a2_AdditionalIntensiveCardiacRehab>
          <IsOutOfPocketMaxAmount>false</IsOutOfPocketMaxAmount>
          <NotCoveredOON>true</NotCoveredOON>
        </b_3a2_AdditionalIntensiveCardiacRehab>
        <b_3a3_AdditionalPulmonaryRehab>
          <IsOutOfPocketMaxAmount>false</IsOutOfPocketMaxAmount>
          <NotCoveredOON>true</NotCoveredOON>
        </b_3a3_AdditionalPulmonaryRehab>
        <b_4a_EmergencyCare>
          <CopayMaxAmount>80</CopayMaxAmount>
          <CopayMinAmount>80</CopayMinAmount>
          <NotCoveredOON>false</NotCoveredOON>
        </b_4a_EmergencyCare>
        <b_4b_UrgentlyNeededServices>
          <CopayMaxAmount>40</CopayMaxAmount>
          <CopayMinAmount>40</CopayMinAmount>
          <NotCoveredOON>false</NotCoveredOON>
        </b_4b_UrgentlyNeededServices>
        <b_5_PartialHospitalization>
          <CoInsuranceMaxPercent>0</CoInsuranceMaxPercent>
          <CoInsuranceMinPercent>0</CoInsuranceMinPercent>
          <CopayMaxAmount>55</CopayMaxAmount>
          <CopayMinAmount>55</CopayMinAmount>
          <IsOutOfPocketMaxAmount>true</IsOutOfPocketMaxAmount>
          <NotCoveredOON>false</NotCoveredOON>
        </b_5_PartialHospitalization>
        <b_6a_HomeHealth>
          <CoInsuranceMaxPercent>0.50</CoInsuranceMaxPercent>
          <CoInsuranceMinPercent>0.50</CoInsuranceMinPercent>
          <CopayMaxAmount>0</CopayMaxAmount>
          <CopayMinAmount>0</CopayMinAmount>
          <IsOutOfPocketMaxAmount>true</IsOutOfPocketMaxAmount>
          <NotCoveredOON>false</NotCoveredOON>
        </b_6a_HomeHealth>
        <b_7a_PrimaryCarePhysician>
          <CoInsuranceMaxPercent>0</CoInsuranceMaxPercent>
          <CoInsuranceMinPercent>0</CoInsuranceMinPercent>
          <CopayMaxAmount>15</CopayMaxAmount>
          <CopayMinAmount>15</CopayMinAmount>
          <IsOutOfPocketMaxAmount>true</IsOutOfPocketMaxAmount>
          <NotCoveredOON>false</NotCoveredOON>
        </b_7a_PrimaryCarePhysician>
        <b_7b_ChiropracticMC>
          <CoInsuranceMaxPercent>0</CoInsuranceMaxPercent>
          <CoInsuranceMinPercent>0</CoInsuranceMinPercent>
          <CopayMaxAmount>20</CopayMaxAmount>
          <CopayMinAmount>20</CopayMinAmount>
          <IsOutOfPocketMaxAmount>true</IsOutOfPocketMaxAmount>
          <NotCoveredOON>false</NotCoveredOON>
        </b_7b_ChiropracticMC>
        <b_7b1_ChiropracticRoutine>
          <IsOutOfPocketMaxAmount>false</IsOutOfPocketMaxAmount>
          <NotCoveredOON>true</NotCoveredOON>
        </b_7b1_ChiropracticRoutine>
        <b_7c_OccupationalTherapy>
          <CoInsuranceMaxPercent>0</CoInsuranceMaxPercent>
          <CoInsuranceMinPercent>0</CoInsuranceMinPercent>
          <CopayMaxAmount>40</CopayMaxAmount>
          <CopayMinAmount>40</CopayMinAmount>
          <IsOutOfPocketMaxAmount>true</IsOutOfPocketMaxAmount>
          <NotCoveredOON>false</NotCoveredOON>
        </b_7c_OccupationalTherapy>
        <b_7d_PhysicianSpecialist>
          <CoInsuranceMaxPercent>0</CoInsuranceMaxPercent>
          <CoInsuranceMinPercent>0</CoInsuranceMinPercent>
          <CopayMaxAmount>50</CopayMaxAmount>
          <CopayMinAmount>50</CopayMinAmount>
          <IsOutOfPocketMaxAmount>true</IsOutOfPocketMaxAmount>
          <NotCoveredOON>false</NotCoveredOON>
        </b_7d_PhysicianSpecialist>
        <b_7e_MHSpecialtyNonPhysician>
          <CoInsuranceMaxPercent>0</CoInsuranceMaxPercent>
          <CoInsuranceMinPercent>0</CoInsuranceMinPercent>
          <CopayMaxAmount>40</CopayMaxAmount>
          <CopayMinAmount>30</CopayMinAmount>
          <IsOutOfPocketMaxAmount>true</IsOutOfPocketMaxAmount>
          <NotCoveredOON>false</NotCoveredOON>
        </b_7e_MHSpecialtyNonPhysician>
        <b_7e1_MHSpecialtyNonPhysician>
          <CopayMaxAmount>30</CopayMaxAmount>
          <CopayMinAmount>30</CopayMinAmount>
          <IsOutOfPocketMaxAmount>true</IsOutOfPocketMaxAmount>
          <NotCoveredOON>false</NotCoveredOON>
        </b_7e1_MHSpecialtyNonPhysician>
        <b_7f_PodiatryMC>
          <CoInsuranceMaxPercent>0</CoInsuranceMaxPercent>
          <CoInsuranceMinPercent>0</CoInsuranceMinPercent>
          <CopayMaxAmount>0</CopayMaxAmount>
          <CopayMinAmount>0</CopayMinAmount>
          <IsOutOfPocketMaxAmount>true</IsOutOfPocketMaxAmount>
          <NotCoveredOON>false</NotCoveredOON>
        </b_7f_PodiatryMC>
        <b_7f1_PodiatryRoutine>
          <CopayMaxAmount>0</CopayMaxAmount>
          <CopayMinAmount>0</CopayMinAmount>
          <IsOutOfPocketMaxAmount>false</IsOutOfPocketMaxAmount>
          <NotCoveredOON>false</NotCoveredOON>
        </b_7f1_PodiatryRoutine>
        <b_7g_OtherHCProfessional>
          <CopayMaxAmount>50</CopayMaxAmount>
          <CopayMinAmount>15</CopayMinAmount>
          <IsOutOfPocketMaxAmount>true</IsOutOfPocketMaxAmount>
          <NotCoveredOON>false</NotCoveredOON>
        </b_7g_OtherHCProfessional>
        <b_7h_Psychiatric>
          <CoInsuranceMaxPercent>0</CoInsuranceMaxPercent>
          <CoInsuranceMinPercent>0</CoInsuranceMinPercent>
          <CopayMaxAmount>40</CopayMaxAmount>
          <CopayMinAmount>30</CopayMinAmount>
          <IsOutOfPocketMaxAmount>true</IsOutOfPocketMaxAmount>
          <NotCoveredOON>false</NotCoveredOON>
        </b_7h_Psychiatric>
        <b_7h1_Psychiatric>
          <CopayMaxAmount>30</CopayMaxAmount>
          <CopayMinAmount>30</CopayMinAmount>
          <IsOutOfPocketMaxAmount>true</IsOutOfPocketMaxAmount>
          <NotCoveredOON>false</NotCoveredOON>
        </b_7h1_Psychiatric>
        <b_7i_PhysSpeechTherapy>
          <CopayMaxAmount>40</CopayMaxAmount>
          <CopayMinAmount>40</CopayMinAmount>
          <IsOutOfPocketMaxAmount>true</IsOutOfPocketMaxAmount>
          <NotCoveredOON>false</NotCoveredOON>
        </b_7i_PhysSpeechTherapy>
        <b_8a1_DiagProceduresTestsMC>
          <CoInsuranceMaxPercent>0.20</CoInsuranceMaxPercent>
          <CoInsuranceMinPercent>0.20</CoInsuranceMinPercent>
          <IsOutOfPocketMaxAmount>true</IsOutOfPocketMaxAmount>
          <NotCoveredOON>false</NotCoveredOON>
        </b_8a1_DiagProceduresTestsMC>
        <b_8a2_LabMC>
          <CopayMaxAmount>10</CopayMaxAmount>
          <CopayMinAmount>10</CopayMinAmount>
          <IsOutOfPocketMaxAmount>true</IsOutOfPocketMaxAmount>
          <NotCoveredOON>false</NotCoveredOON>
        </b_8a2_LabMC>
        <b_8b1_XRayMC>
          <CopayMaxAmount>14</CopayMaxAmount>
          <CopayMinAmount>14</CopayMinAmount>
          <IsOutOfPocketMaxAmount>true</IsOutOfPocketMaxAmount>
          <NotCoveredOON>false</NotCoveredOON>
        </b_8b1_XRayMC>
        <b_8b2_DiagnosticRadiologyMC>
          <CoInsuranceMaxPercent>0.20</CoInsuranceMaxPercent>
          <CoInsuranceMinPercent>0.20</CoInsuranceMinPercent>
          <IsOutOfPocketMaxAmount>true</IsOutOfPocketMaxAmount>
          <NotCoveredOON>false</NotCoveredOON>
        </b_8b2_DiagnosticRadiologyMC>
        <b_8b3_TherapeuticRadiologyMC>
          <CoInsuranceMaxPercent>0.20</CoInsuranceMaxPercent>
          <CoInsuranceMinPercent>0.20</CoInsuranceMinPercent>
          <IsOutOfPocketMaxAmount>true</IsOutOfPocketMaxAmount>
          <NotCoveredOON>false</NotCoveredOON>
        </b_8b3_TherapeuticRadiologyMC>
        <b_9a_OutpatientHospital>
          <CopayMaxAmount>295</CopayMaxAmount>
          <CopayMinAmount>295</CopayMinAmount>
          <IsOutOfPocketMaxAmount>true</IsOutOfPocketMaxAmount>
          <NotCoveredOON>false</NotCoveredOON>
        </b_9a_OutpatientHospital>
        <b_9b_AmbulatorySurgical>
          <CoInsuranceMaxPercent>0</CoInsuranceMaxPercent>
          <CoInsuranceMinPercent>0</CoInsuranceMinPercent>
          <CopayMaxAmount>295</CopayMaxAmount>
          <CopayMinAmount>295</CopayMinAmount>
          <IsOutOfPocketMaxAmount>true</IsOutOfPocketMaxAmount>
          <NotCoveredOON>false</NotCoveredOON>
        </b_9b_AmbulatorySurgical>
        <b_9c_OutpatientSubAbuse>
          <CoInsuranceMaxPercent>0</CoInsuranceMaxPercent>
          <CoInsuranceMinPercent>0</CoInsuranceMinPercent>
          <CopayMaxAmount>40</CopayMaxAmount>
          <CopayMinAmount>30</CopayMinAmount>
          <IsOutOfPocketMaxAmount>true</IsOutOfPocketMaxAmount>
          <NotCoveredOON>false</NotCoveredOON>
        </b_9c_OutpatientSubAbuse>
        <b_9c1_OutpatientSubAbuse>
          <CopayMaxAmount>30</CopayMaxAmount>
          <CopayMinAmount>30</CopayMinAmount>
          <IsOutOfPocketMaxAmount>true</IsOutOfPocketMaxAmount>
          <NotCoveredOON>false</NotCoveredOON>
        </b_9c1_OutpatientSubAbuse>
        <b_9d_Blood>
          <CoInsuranceMaxPercent>0</CoInsuranceMaxPercent>
          <CoInsuranceMinPercent>0</CoInsuranceMinPercent>
          <CopayMaxAmount>0</CopayMaxAmount>
          <CopayMinAmount>0</CopayMinAmount>
          <IsCoverage>true</IsCoverage>
          <IsOutOfPocketMaxAmount>true</IsOutOfPocketMaxAmount>
          <NotCoveredOON>false</NotCoveredOON>
        </b_9d_Blood>
        <b_9d1_AdditionalBlood>
          <CopayMaxAmount>0</CopayMaxAmount>
          <CopayMinAmount>0</CopayMinAmount>
          <IsOutOfPocketMaxAmount>false</IsOutOfPocketMaxAmount>
          <NotCoveredOON>false</NotCoveredOON>
        </b_9d1_AdditionalBlood>
        <b_10a_Ambulance>
          <CoInsuranceMaxPercent>0</CoInsuranceMaxPercent>
          <CoInsuranceMinPercent>0</CoInsuranceMinPercent>
          <CopayMaxAmount>250</CopayMaxAmount>
          <CopayMinAmount>250</CopayMinAmount>
          <IsOutOfPocketMaxAmount>true</IsOutOfPocketMaxAmount>
          <NotCoveredOON>false</NotCoveredOON>
        </b_10a_Ambulance>
        <b_10b_Transportation>
          <CoInsuranceMaxPercent>0</CoInsuranceMaxPercent>
          <CoInsuranceMinPercent>0</CoInsuranceMinPercent>
          <CopayMaxAmount>0</CopayMaxAmount>
          <CopayMinAmount>0</CopayMinAmount>
          <IsOutOfPocketMaxAmount>false</IsOutOfPocketMaxAmount>
          <NotCoveredOON>false</NotCoveredOON>
          <PackageID>TX415</PackageID>
        </b_10b_Transportation>
        <b_11a_DME>
          <CoInsuranceMaxPercent>0.50</CoInsuranceMaxPercent>
          <CoInsuranceMinPercent>0.50</CoInsuranceMinPercent>
          <CopayMaxAmount>0</CopayMaxAmount>
          <CopayMinAmount>0</CopayMinAmount>
          <IsOutOfPocketMaxAmount>true</IsOutOfPocketMaxAmount>
          <NotCoveredOON>false</NotCoveredOON>
        </b_11a_DME>
        <b_11b_ProstheticsMedicalSup>
          <CoInsuranceMaxPercent>0.20</CoInsuranceMaxPercent>
          <CoInsuranceMinPercent>0.20</CoInsuranceMinPercent>
          <IsOutOfPocketMaxAmount>true</IsOutOfPocketMaxAmount>
          <NotCoveredOON>false</NotCoveredOON>
        </b_11b_ProstheticsMedicalSup>
        <b_11b1_ProstheticOrthodicSupplies>
          <CoInsuranceMaxPercent>0.20</CoInsuranceMaxPercent>
          <CoInsuranceMinPercent>0.20</CoInsuranceMinPercent>
          <IsOutOfPocketMaxAmount>true</IsOutOfPocketMaxAmount>
          <NotCoveredOON>false</NotCoveredOON>
        </b_11b1_ProstheticOrthodicSupplies>
        <b_11c_DiabetesSupplies>
          <CoInsuranceMaxPercent>0.20</CoInsuranceMaxPercent>
          <CoInsuranceMinPercent>0.20</CoInsuranceMinPercent>
          <IsOutOfPocketMaxAmount>true</IsOutOfPocketMaxAmount>
          <NotCoveredOON>false</NotCoveredOON>
        </b_11c_DiabetesSupplies>
        <b_11c1_DiabeticTherapeuticShoesInserts>
          <CoInsuranceMaxPercent>0.20</CoInsuranceMaxPercent>
          <CoInsuranceMinPercent>0.20</CoInsuranceMinPercent>
          <IsOutOfPocketMaxAmount>true</IsOutOfPocketMaxAmount>
          <NotCoveredOON>false</NotCoveredOON>
        </b_11c1_DiabeticTherapeuticShoesInserts>
        <b_12_RenalDialysis>
          <CoInsuranceMaxPercent>0.20</CoInsuranceMaxPercent>
          <CoInsuranceMinPercent>0.20</CoInsuranceMinPercent>
          <CopayMaxAmount>0</CopayMaxAmount>
          <CopayMinAmount>0</CopayMinAmount>
          <IsOutOfPocketMaxAmount>true</IsOutOfPocketMaxAmount>
          <NotCoveredOON>false</NotCoveredOON>
        </b_12_RenalDialysis>
        <b_13a_Acupuncture>
          <IsOutOfPocketMaxAmount>false</IsOutOfPocketMaxAmount>
          <NotCoveredOON>true</NotCoveredOON>
        </b_13a_Acupuncture>
        <b_13b_OverTheCounter>
          <IsOutOfPocketMaxAmount>false</IsOutOfPocketMaxAmount>
          <NotCoveredOON>true</NotCoveredOON>
        </b_13b_OverTheCounter>
        <b_13b2_DebitCardBenefit>
          <IsOutOfPocketMaxAmount>false</IsOutOfPocketMaxAmount>
        </b_13b2_DebitCardBenefit>
        <b_13c_MealBenefit>
          <IsOutOfPocketMaxAmount>false</IsOutOfPocketMaxAmount>
          <NotCoveredOON>true</NotCoveredOON>
        </b_13c_MealBenefit>
        <b_13c_Other1>
          <IsOutOfPocketMaxAmount>false</IsOutOfPocketMaxAmount>
          <NotCoveredOON>true</NotCoveredOON>
        </b_13c_Other1>
        <b_13g1_InHomeFoodDelivery>
          <IsOutOfPocketMaxAmount>false</IsOutOfPocketMaxAmount>
        </b_13g1_InHomeFoodDelivery>
        <b_13g2_NonSkilledInHomeSupptSvcs>
          <NotCoveredOON>true</NotCoveredOON>
        </b_13g2_NonSkilledInHomeSupptSvcs>
        <b_14a_OneTimePhysicalExams>
          <CopayMaxAmount>0</CopayMaxAmount>
          <CopayMinAmount>0</CopayMinAmount>
          <NotCoveredOON>false</NotCoveredOON>
        </b_14a_OneTimePhysicalExams>
        <b_14a1_Immunizations>
          <CopayMaxAmount>0</CopayMaxAmount>
          <CopayMinAmount>0</CopayMinAmount>
          <NotCoveredOON>false</NotCoveredOON>
        </b_14a1_Immunizations>
        <b_14a2_PhysicalExams>
          <CopayMaxAmount>0</CopayMaxAmount>
          <CopayMinAmount>0</CopayMinAmount>
          <NotCoveredOON>false</NotCoveredOON>
        </b_14a2_PhysicalExams>
        <b_14a3_PapSmearsMC>
          <CopayMaxAmount>0</CopayMaxAmount>
          <CopayMinAmount>0</CopayMinAmount>
          <NotCoveredOON>false</NotCoveredOON>
        </b_14a3_PapSmearsMC>
        <b_14a4_PelvicExamsMC>
          <CopayMaxAmount>0</CopayMaxAmount>
          <CopayMinAmount>0</CopayMinAmount>
          <NotCoveredOON>false</NotCoveredOON>
        </b_14a4_PelvicExamsMC>
        <b_14a5_ProstateScreenMC>
          <CopayMaxAmount>0</CopayMaxAmount>
          <CopayMinAmount>0</CopayMinAmount>
          <NotCoveredOON>false</NotCoveredOON>
        </b_14a5_ProstateScreenMC>
        <b_14a6_ColorectalScreenMC>
          <CopayMaxAmount>0</CopayMaxAmount>
          <CopayMinAmount>0</CopayMinAmount>
          <NotCoveredOON>false</NotCoveredOON>
        </b_14a6_ColorectalScreenMC>
        <b_14a7_MammographyMC>
          <CopayMaxAmount>0</CopayMaxAmount>
          <CopayMinAmount>0</CopayMinAmount>
          <NotCoveredOON>false</NotCoveredOON>
        </b_14a7_MammographyMC>
        <b_14a8_BoneMassMeasure>
          <CopayMaxAmount>0</CopayMaxAmount>
          <CopayMinAmount>0</CopayMinAmount>
          <NotCoveredOON>false</NotCoveredOON>
        </b_14a8_BoneMassMeasure>
        <b_14a9_HepatitisB>
          <CopayMaxAmount>0</CopayMaxAmount>
          <CopayMinAmount>0</CopayMinAmount>
          <NotCoveredOON>false</NotCoveredOON>
        </b_14a9_HepatitisB>
        <b_14a10_SmokingCessationMC>
          <CopayMaxAmount>0</CopayMaxAmount>
          <CopayMinAmount>0</CopayMinAmount>
          <NotCoveredOON>false</NotCoveredOON>
        </b_14a10_SmokingCessationMC>
        <b_14a10_CardiovascularScreeningMC>
          <CopayMaxAmount>0</CopayMaxAmount>
          <CopayMinAmount>0</CopayMinAmount>
          <NotCoveredOON>false</NotCoveredOON>
        </b_14a10_CardiovascularScreeningMC>
        <b_14a10_NutritionDiabetesandRenal>
          <CopayMaxAmount>0</CopayMaxAmount>
          <CopayMinAmount>0</CopayMinAmount>
          <NotCoveredOON>false</NotCoveredOON>
        </b_14a10_NutritionDiabetesandRenal>
        <b_14a18_AbdominalAorticAneurysmScreening>
          <CopayMaxAmount>0</CopayMaxAmount>
          <CopayMinAmount>0</CopayMinAmount>
          <NotCoveredOON>false</NotCoveredOON>
        </b_14a18_AbdominalAorticAneurysmScreening>
        <b_14a19_DiabetesScreening>
          <CopayMaxAmount>0</CopayMaxAmount>
          <CopayMinAmount>0</CopayMinAmount>
          <NotCoveredOON>false</NotCoveredOON>
        </b_14a19_DiabetesScreening>
        <b_14a21_HIVScreening>
          <CopayMaxAmount>0</CopayMaxAmount>
          <CopayMinAmount>0</CopayMinAmount>
          <NotCoveredOON>false</NotCoveredOON>
        </b_14a21_HIVScreening>
        <b_14a22_Screening_ReduceAlcoholMisuse>
          <CopayMaxAmount>0</CopayMaxAmount>
          <CopayMinAmount>0</CopayMinAmount>
          <NotCoveredOON>false</NotCoveredOON>
        </b_14a22_Screening_ReduceAlcoholMisuse>
        <b_14a23_Screening_Depression>
          <CopayMaxAmount>0</CopayMaxAmount>
          <CopayMinAmount>0</CopayMinAmount>
          <NotCoveredOON>false</NotCoveredOON>
        </b_14a23_Screening_Depression>
        <b_14a24_Screening_STIS>
          <CopayMaxAmount>0</CopayMaxAmount>
          <CopayMinAmount>0</CopayMinAmount>
          <NotCoveredOON>false</NotCoveredOON>
        </b_14a24_Screening_STIS>
        <b_14a25_Intensive_BehaviorTherapy>
          <CopayMaxAmount>0</CopayMaxAmount>
          <CopayMinAmount>0</CopayMinAmount>
          <NotCoveredOON>false</NotCoveredOON>
        </b_14a25_Intensive_BehaviorTherapy>
        <b_14a26_Screening_Obesity>
          <CopayMaxAmount>0</CopayMaxAmount>
          <CopayMinAmount>0</CopayMinAmount>
          <NotCoveredOON>false</NotCoveredOON>
        </b_14a26_Screening_Obesity>
        <b_14a27_HepatitisCScreening>
          <CopayMaxAmount>0</CopayMaxAmount>
          <CopayMinAmount>0</CopayMinAmount>
          <CoinsuranceMaxPercent>0</CoinsuranceMaxPercent>
          <CoinsuranceMinPercent>0</CoinsuranceMinPercent>
          <NotCoveredOON>false</NotCoveredOON>
        </b_14a27_HepatitisCScreening>
        <b_14a28_LungCancerScreening>
          <CopayMaxAmount>0</CopayMaxAmount>
          <CopayMinAmount>0</CopayMinAmount>
          <NotCoveredOON>false</NotCoveredOON>
        </b_14a28_LungCancerScreening>
        <b_14b_1_HepatitisB>
          <CopayMaxAmount>0</CopayMaxAmount>
          <CopayMinAmount>0</CopayMinAmount>
          <NotCoveredOON>false</NotCoveredOON>
        </b_14b_1_HepatitisB>
        <b_14b2_Influenza_Vaccine>
          <CopayMaxAmount>0</CopayMaxAmount>
          <CopayMinAmount>0</CopayMinAmount>
        </b_14b2_Influenza_Vaccine>
        <b_14b2_AddPhysicalExams>
          <IsOutOfPocketMaxAmount>false</IsOutOfPocketMaxAmount>
          <NotCoveredOON>true</NotCoveredOON>
        </b_14b2_AddPhysicalExams>
        <b_14b3_AddPapSmears>
          <NotCoveredOON>true</NotCoveredOON>
        </b_14b3_AddPapSmears>
        <b_14b4_AddPelvicExams>
          <NotCoveredOON>true</NotCoveredOON>
        </b_14b4_AddPelvicExams>
        <b_14b7_AddMammography>
          <NotCoveredOON>true</NotCoveredOON>
        </b_14b7_AddMammography>
        <b_14c1_HealthEdMaterial>
          <NotCoveredOON>true</NotCoveredOON>
        </b_14c1_HealthEdMaterial>
        <b_14c2_NutritionBenefit>
          <IsOutOfPocketMaxAmount>false</IsOutOfPocketMaxAmount>
          <NotCoveredOON>true</NotCoveredOON>
        </b_14c2_NutritionBenefit>
        <b_14c2_OxfordNutritionalBenefit>
          <IsOutOfPocketMaxAmount>false</IsOutOfPocketMaxAmount>
          <NotCoveredOON>true</NotCoveredOON>
        </b_14c2_OxfordNutritionalBenefit>
        <b_14c3_SmokingCessation>
          <IsOutOfPocketMaxAmount>false</IsOutOfPocketMaxAmount>
          <NotCoveredOON>true</NotCoveredOON>
        </b_14c3_SmokingCessation>
        <b_14c4_Fitness>
          <CopayMaxAmount>0</CopayMaxAmount>
          <CopayMinAmount>0</CopayMinAmount>
          <IsOutOfPocketMaxAmount>false</IsOutOfPocketMaxAmount>
          <NotCoveredOON>false</NotCoveredOON>
        </b_14c4_Fitness>
        <b_14c5_Nurseline>
          <CopayMaxAmount>0</CopayMaxAmount>
          <CopayMinAmount>0</CopayMinAmount>
          <IsOutOfPocketMaxAmount>false</IsOutOfPocketMaxAmount>
          <NotCoveredOON>false</NotCoveredOON>
          <PackageID>NH005</PackageID>
        </b_14c5_Nurseline>
        <b_14c6_HealthEducation>
          <NotCoveredOON>true</NotCoveredOON>
        </b_14c6_HealthEducation>
        <b_14c8_EricksonFallsPreventionProgram>
          <NotCoveredOON>true</NotCoveredOON>
        </b_14c8_EricksonFallsPreventionProgram>
        <b_14c13_PersonalEmergencyResponseSystem>
          <IsOutOfPocketMaxAmount>false</IsOutOfPocketMaxAmount>
          <NotCoveredOON>true</NotCoveredOON>
        </b_14c13_PersonalEmergencyResponseSystem>
        <b_14c14_RecoveryAtHome>
          <NotCoveredOON>true</NotCoveredOON>
        </b_14c14_RecoveryAtHome>
        <b_14c15_BathroomSafetyDevices>
          <CoInsuranceMaxPercent>0</CoInsuranceMaxPercent>
          <CoInsuranceMinPercent>0</CoInsuranceMinPercent>
          <CopayMaxAmount>0</CopayMaxAmount>
          <CopayMinAmount>0</CopayMinAmount>
          <NotCoveredOON>false</NotCoveredOON>
        </b_14c15_BathroomSafetyDevices>
        <b_14c16_CounselingServices>
          <CoInsuranceMaxPercent>0</CoInsuranceMaxPercent>
          <CoInsuranceMinPercent>0</CoInsuranceMinPercent>
          <CopayMaxAmount>0</CopayMaxAmount>
          <CopayMinAmount>0</CopayMinAmount>
          <NotCoveredOON>false</NotCoveredOON>
        </b_14c16_CounselingServices>
        <b_14c17_InHomeSafetyAssessment>
          <CoInsuranceMaxPercent>0</CoInsuranceMaxPercent>
          <CoInsuranceMinPercent>0</CoInsuranceMinPercent>
          <CopayMaxAmount>0</CopayMaxAmount>
          <CopayMinAmount>0</CopayMinAmount>
          <NotCoveredOON>false</NotCoveredOON>
        </b_14c17_InHomeSafetyAssessment>
        <b_14c18_AdditionalMedicalNutritionTherapy>
          <CoInsuranceMaxPercent>0</CoInsuranceMaxPercent>
          <CoInsuranceMinPercent>0</CoInsuranceMinPercent>
          <CopayMaxAmount>0</CopayMaxAmount>
          <CopayMinAmount>0</CopayMinAmount>
          <NotCoveredOON>false</NotCoveredOON>
        </b_14c18_AdditionalMedicalNutritionTherapy>
        <b_14c19_PostDischargeInHomeMedication>
          <CoInsuranceMaxPercent>0</CoInsuranceMaxPercent>
          <CoInsuranceMinPercent>0</CoInsuranceMinPercent>
          <CopayMaxAmount>0</CopayMaxAmount>
          <CopayMinAmount>0</CopayMinAmount>
          <NotCoveredOON>false</NotCoveredOON>
        </b_14c19_PostDischargeInHomeMedication>
        <b_14c20_WigsForHairLossToChemotherapy>
          <CoInsuranceMaxPercent>0</CoInsuranceMaxPercent>
          <CoInsuranceMinPercent>0</CoInsuranceMinPercent>
          <CopayMaxAmount>0</CopayMaxAmount>
          <CopayMinAmount>0</CopayMinAmount>
          <NotCoveredOON>false</NotCoveredOON>
        </b_14c20_WigsForHairLossToChemotherapy>
        <b_14c21_AlternativeTherapies>
          <NotCoveredOON>false</NotCoveredOON>
        </b_14c21_AlternativeTherapies>
        <b_14c22_RemoteAccessTechnologies>
          <CoInsuranceMaxPercent>0</CoInsuranceMaxPercent>
          <CoInsuranceMinPercent>0</CoInsuranceMinPercent>
          <CopayMaxAmount>0</CopayMaxAmount>
          <CopayMinAmount>0</CopayMinAmount>
          <NotCoveredOON>false</NotCoveredOON>
        </b_14c22_RemoteAccessTechnologies>
        <b_14c23_WeightMgmtPrograms>
          <IsOutOfPocketMaxAmount>false</IsOutOfPocketMaxAmount>
          <NotCoveredOON>true</NotCoveredOON>
        </b_14c23_WeightMgmtPrograms>
        <b_14e_DiabetesMonitor>
          <CopayMaxAmount>0</CopayMaxAmount>
          <CopayMinAmount>0</CopayMinAmount>
          <IsOutOfPocketMaxAmount>true</IsOutOfPocketMaxAmount>
          <NotCoveredOON>false</NotCoveredOON>
        </b_14e_DiabetesMonitor>
        <b_14e_Other1Medicare-coveredPreventiveServices>
          <CopayMaxAmount>0</CopayMaxAmount>
          <CopayMinAmount>0</CopayMinAmount>
          <IsOutOfPocketMaxAmount>true</IsOutOfPocketMaxAmount>
          <Notes>Section C - OON Notes - NOTE ON OON COVERAGE:
Benefits with
trip or visit limitations (if any) are total trips or visits
combined in and out of network.

Section C - OON Notes - NOTE ON OON COVERAGE:
Benefits with
plan specified maximum benefit cov</Notes>
        </b_14e_Other1Medicare-coveredPreventiveServices>
        <b_14l_KidneyDiseaseEducation>
          <CoInsuranceMaxPercent>0</CoInsuranceMaxPercent>
          <CoInsuranceMinPercent>0</CoInsuranceMinPercent>
          <CopayMaxAmount>0</CopayMaxAmount>
          <CopayMinAmount>0</CopayMinAmount>
          <IsOutOfPocketMaxAmount>true</IsOutOfPocketMaxAmount>
          <NotCoveredOON>false</NotCoveredOON>
        </b_14l_KidneyDiseaseEducation>
        <b_15_PartB>
          <CoInsuranceMaxPercent>0.20</CoInsuranceMaxPercent>
          <CoInsuranceMinPercent>0.20</CoInsuranceMinPercent>
          <CopayMaxAmount>0</CopayMaxAmount>
          <CopayMinAmount>0</CopayMinAmount>
          <IsOutOfPocketMaxAmount>true</IsOutOfPocketMaxAmount>
          <NotCoveredOON>false</NotCoveredOON>
        </b_15_PartB>
        <b_15a1_ChemoDrug>
          <CoInsuranceMaxPercent>0.20</CoInsuranceMaxPercent>
          <CoInsuranceMinPercent>0.20</CoInsuranceMinPercent>
          <IsOutOfPocketMaxAmount>true</IsOutOfPocketMaxAmount>
          <NotCoveredOON>false</NotCoveredOON>
        </b_15a1_ChemoDrug>
        <b_16a_PreventiveDental>
          <CoInsuranceMaxPercent>0</CoInsuranceMaxPercent>
          <CoInsuranceMinPercent>0</CoInsuranceMinPercent>
          <CopayMaxAmount>20</CopayMaxAmount>
          <CopayMinAmount>20</CopayMinAmount>
          <NotCoveredOON>false</NotCoveredOON>
        </b_16a_PreventiveDental>
        <b_16a1_OralExams>
          <IsOutOfPocketMaxAmount>false</IsOutOfPocketMaxAmount>
          <NotCoveredOON>true</NotCoveredOON>
          <NumberOfPeriod>year</NumberOfPeriod>
          <NumberOfVisits>1</NumberOfVisits>
        </b_16a1_OralExams>
        <b_16a2_CompDental>
          <IsOutOfPocketMaxAmount>false</IsOutOfPocketMaxAmount>
          <NotCoveredOON>true</NotCoveredOON>
          <NumberOfPeriod>year</NumberOfPeriod>
          <NumberOfVisits>1</NumberOfVisits>
        </b_16a2_CompDental>
        <b_16a3_FlourideTreatment>
          <IsOutOfPocketMaxAmount>false</IsOutOfPocketMaxAmount>
          <NotCoveredOON>true</NotCoveredOON>
        </b_16a3_FlourideTreatment>
        <b_16a4_DentalXrays>
          <IsOutOfPocketMaxAmount>false</IsOutOfPocketMaxAmount>
          <NotCoveredOON>true</NotCoveredOON>
          <NumberOfPeriod>year</NumberOfPeriod>
          <NumberOfVisits>1</NumberOfVisits>
        </b_16a4_DentalXrays>
        <b_16a5_DentalOV>
          <CopayMaxAmount>20</CopayMaxAmount>
          <CopayMinAmount>20</CopayMinAmount>
          <IsOutOfPocketMaxAmount>false</IsOutOfPocketMaxAmount>
          <NotCoveredOON>false</NotCoveredOON>
        </b_16a5_DentalOV>
        <b_16b_CompDentalOtherPartB>
          <CoInsuranceMaxPercent>0.20</CoInsuranceMaxPercent>
          <CoInsuranceMinPercent>0.20</CoInsuranceMinPercent>
          <CopayMaxAmount>0</CopayMaxAmount>
          <CopayMinAmount>0</CopayMinAmount>
          <IsOutOfPocketMaxAmount>true</IsOutOfPocketMaxAmount>
          <NotCoveredOON>false</NotCoveredOON>
        </b_16b_CompDentalOtherPartB>
        <b_16b1_CompDentalERNonMC>
          <IsOutOfPocketMaxAmount>false</IsOutOfPocketMaxAmount>
          <NotCoveredOON>true</NotCoveredOON>
        </b_16b1_CompDentalERNonMC>
        <b_16b2_DentalDiagnostic>
          <IsOutOfPocketMaxAmount>false</IsOutOfPocketMaxAmount>
          <NotCoveredOON>true</NotCoveredOON>
        </b_16b2_DentalDiagnostic>
        <b_16b3_DentalRestorative>
          <IsOutOfPocketMaxAmount>false</IsOutOfPocketMaxAmount>
          <NotCoveredOON>true</NotCoveredOON>
        </b_16b3_DentalRestorative>
        <b_16b5_ProsthoOralSurg>
          <CopayMaxAmount>0</CopayMaxAmount>
          <CopayMinAmount>0</CopayMinAmount>
          <IsOutOfPocketMaxAmount>false</IsOutOfPocketMaxAmount>
          <NotCoveredOON>false</NotCoveredOON>
          <NumberOfPeriod>year</NumberOfPeriod>
          <NumberOfVisits>1</NumberOfVisits>
        </b_16b5_ProsthoOralSurg>
        <b_17a_EyeExamsMedPartB>
          <CopayMaxAmount>20</CopayMaxAmount>
          <CopayMinAmount>20</CopayMinAmount>
          <IsOutOfPocketMaxAmount>true</IsOutOfPocketMaxAmount>
          <NotCoveredOON>false</NotCoveredOON>
        </b_17a_EyeExamsMedPartB>
        <b_17a1_RoutineEyeExamNonMC>
          <CopayMaxAmount>20</CopayMaxAmount>
          <CopayMinAmount>20</CopayMinAmount>
          <IsOutOfPocketMaxAmount>false</IsOutOfPocketMaxAmount>
          <NotCoveredOON>false</NotCoveredOON>
          <PackageID>VS450</PackageID>
        </b_17a1_RoutineEyeExamNonMC>
        <b_17a3_GlaucomaScreeningMC>
          <CopayMaxAmount>0</CopayMaxAmount>
          <CopayMinAmount>0</CopayMinAmount>
          <IsOutOfPocketMaxAmount>true</IsOutOfPocketMaxAmount>
          <NotCoveredOON>false</NotCoveredOON>
        </b_17a3_GlaucomaScreeningMC>
        <b_17a4_DiabeticEyeExam>
          <CopayMaxAmount>20</CopayMaxAmount>
          <CopayMinAmount>20</CopayMinAmount>
          <IsOutOfPocketMaxAmount>true</IsOutOfPocketMaxAmount>
          <NotCoveredOON>false</NotCoveredOON>
        </b_17a4_DiabeticEyeExam>
        <b_17b_Eyewear>
          <CoInsuranceMaxPercent>0</CoInsuranceMaxPercent>
          <CoInsuranceMinPercent>0</CoInsuranceMinPercent>
          <CopayMaxAmount>0</CopayMaxAmount>
          <CopayMinAmount>0</CopayMinAmount>
          <IsOutOfPocketMaxAmount>true</IsOutOfPocketMaxAmount>
          <NotCoveredOON>false</NotCoveredOON>
        </b_17b_Eyewear>
        <b_17b1_EyewearNonMCContacts>
          <CopayMaxAmount>0</CopayMaxAmount>
          <CopayMinAmount>0</CopayMinAmount>
          <IsCombinedCostShareAsINN>true</IsCombinedCostShareAsINN>
          <IsOutOfPocketMaxAmount>false</IsOutOfPocketMaxAmount>
          <MaxPlanCoverageType>2</MaxPlanCoverageType>
          <NotCoveredOON>false</NotCoveredOON>
          <PackageID>VS450</PackageID>
        </b_17b1_EyewearNonMCContacts>
        <b_17b2_LensesFrames>
          <CopayMaxAmount>0</CopayMaxAmount>
          <CopayMinAmount>0</CopayMinAmount>
          <IsCombinedCostShareAsINN>true</IsCombinedCostShareAsINN>
          <IsOutOfPocketMaxAmount>false</IsOutOfPocketMaxAmount>
          <MaxPlanCoverageType>2</MaxPlanCoverageType>
          <NotCoveredOON>false</NotCoveredOON>
          <PackageID>VS450</PackageID>
        </b_17b2_LensesFrames>
        <b_17b3_Lenses>
          <IsOutOfPocketMaxAmount>false</IsOutOfPocketMaxAmount>
          <NotCoveredOON>true</NotCoveredOON>
        </b_17b3_Lenses>
        <b_17b4_Frames>
          <IsOutOfPocketMaxAmount>false</IsOutOfPocketMaxAmount>
          <NotCoveredOON>true</NotCoveredOON>
        </b_17b4_Frames>
        <b_17b5_EyewearUpgrades>
          <IsOutOfPocketMaxAmount>false</IsOutOfPocketMaxAmount>
          <NotCoveredOON>true</NotCoveredOON>
        </b_17b5_EyewearUpgrades>
        <b_18a_HearingExamsMedPartB>
          <CopayMaxAmount>15</CopayMaxAmount>
          <CopayMinAmount>15</CopayMinAmount>
          <IsOutOfPocketMaxAmount>true</IsOutOfPocketMaxAmount>
          <NotCoveredOON>false</NotCoveredOON>
        </b_18a_HearingExamsMedPartB>
        <b_18a1_RoutineHearingTestNonMC>
          <CopayMaxAmount>15</CopayMaxAmount>
          <CopayMinAmount>15</CopayMinAmount>
          <IsOutOfPocketMaxAmount>false</IsOutOfPocketMaxAmount>
          <NotCoveredOON>false</NotCoveredOON>
          <PackageID>HX014</PackageID>
        </b_18a1_RoutineHearingTestNonMC>
        <b_18a2_HearingAidEval>
          <IsOutOfPocketMaxAmount>false</IsOutOfPocketMaxAmount>
          <NotCoveredOON>true</NotCoveredOON>
        </b_18a2_HearingAidEval>
        <b_18b_HearingAids>
          <CoInsuranceMaxPercent>0</CoInsuranceMaxPercent>
          <CoInsuranceMinPercent>0</CoInsuranceMinPercent>
          <CopayMaxAmount>380</CopayMaxAmount>
          <CopayMinAmount>330</CopayMinAmount>
          <NotCoveredOON>false</NotCoveredOON>
        </b_18b_HearingAids>
        <b_18b1_HearingAidsalltypes>
          <IsOutOfPocketMaxAmount>false</IsOutOfPocketMaxAmount>
          <NotCoveredOON>true</NotCoveredOON>
        </b_18b1_HearingAidsalltypes>
        <b_18b2_HearingAidsInnerEar>
          <CopayMaxAmount>380</CopayMaxAmount>
          <CopayMinAmount>380</CopayMinAmount>
          <IsOutOfPocketMaxAmount>false</IsOutOfPocketMaxAmount>
          <NotCoveredOON>false</NotCoveredOON>
        </b_18b2_HearingAidsInnerEar>
        <b_18b3_HearingAidsOuterEar>
          <IsOutOfPocketMaxAmount>false</IsOutOfPocketMaxAmount>
          <NotCoveredOON>true</NotCoveredOON>
        </b_18b3_HearingAidsOuterEar>
        <b_18b4_HearAidsOverEar>
          <CopayMaxAmount>330</CopayMaxAmount>
          <CopayMinAmount>330</CopayMinAmount>
          <IsOutOfPocketMaxAmount>false</IsOutOfPocketMaxAmount>
          <NotCoveredOON>false</NotCoveredOON>
        </b_18b4_HearAidsOverEar>
        <b_1a_InpatientHospitalFlags>
          <InpatientHospitalFFSFlag>false</InpatientHospitalFFSFlag>
          <InpatientHospitalNumberOfIntervals>2</InpatientHospitalNumberOfIntervals>
          <InpatientHospitalPerDayFlag>true</InpatientHospitalPerDayFlag>
          <InpatientHospitalPerStayFlag>false</InpatientHospitalPerStayFlag>
        </b_1a_InpatientHospitalFlags>
        <b_1b_InpatientPsychiatricFlags>
          <InpatientPsychiatricFFSFlag>false</InpatientPsychiatricFFSFlag>
          <InpatientPsychiatricNumberOfIntervals>2</InpatientPsychiatricNumberOfIntervals>
          <InpatientPsychiatricPerDayFlag>true</InpatientPsychiatricPerDayFlag>
          <InpatientPsychiatricPerStayFlag>false</InpatientPsychiatricPerStayFlag>
        </b_1b_InpatientPsychiatricFlags>
        <b_2a_SNFMCFlags>
          <SNFFFSFlag>false</SNFFFSFlag>
          <SNFNumberOfIntervals>3</SNFNumberOfIntervals>
          <SNFPerDayFlag>true</SNFPerDayFlag>
          <SNFPerStayFlag>false</SNFPerStayFlag>
        </b_2a_SNFMCFlags>
        <b_7c_OccupationalTherapy_Flags>
          <OccupationalTherapy_FreeStandHospFlag>false</OccupationalTherapy_FreeStandHospFlag>
          <OccupationalTherapy_PerDayFlag>false</OccupationalTherapy_PerDayFlag>
        </b_7c_OccupationalTherapy_Flags>
        <b_7i_PhysSpeechTherapy_Flags>
          <PhysSpeechTherapy_FreeStandHospFlag>false</PhysSpeechTherapy_FreeStandHospFlag>
          <PhysSpeechTherapy_PerDayFlag>false</PhysSpeechTherapy_PerDayFlag>
        </b_7i_PhysSpeechTherapy_Flags>
        <b_9a_OutpatientHospital_Flags>
          <OutpatientHospital_FreeStandHospFlag>false</OutpatientHospital_FreeStandHospFlag>
          <OutpatientHospital_PerDayFlag>false</OutpatientHospital_PerDayFlag>
        </b_9a_OutpatientHospital_Flags>
        <b_9b_AmbulatorySurgical_Flags>
          <AmbulatorySurgical_FreeStandHospFlag>false</AmbulatorySurgical_FreeStandHospFlag>
          <AmbulatorySurgical_PerDayFlag>false</AmbulatorySurgical_PerDayFlag>
        </b_9b_AmbulatorySurgical_Flags>
        <b_9d_CardiacRehab_Flags>
          <CardiacRehab_FreeStandHospFlag>false</CardiacRehab_FreeStandHospFlag>
          <CardiacRehab_PerDayFlag>false</CardiacRehab_PerDayFlag>
        </b_9d_CardiacRehab_Flags>
      </CurrentYearOONBenefits>
      <OptionalBenefits>
        <InNetwork>
          <Fitness>
            <Premium>0.00</Premium>
          </Fitness>
        </InNetwork>
      </OptionalBenefits>
    </CurrentYearBenefitData>
  </CurrentYearPlan>
</ExtractData>