﻿"Language","Plan","Contract","Star Image","Stars","Caution","Text","Customer Service #","Prospect #","CMS Code","DMS Code","File Name","Health Plan Star Image","Health Plan Stars","Drug Plan Star Image","Drug Plan Stars","Version","Comments","Template #","Grid Issue","Color - all black "
"English","UnitedHealthcare","H0251","***","3.5 Stars","","","800-690-1606","888-834-3721","Y0066_H0251_A_PR2017 Accepted","CSTN17HM3939192_000","CSTN17HM3939192_000","***","3.5 Stars","****","4 Stars","A","","","","301"
"English","UnitedHealthcare","H0294","****","4 Stars","","","800-204-1002","800-555-5757","Y0066_H0294_A_PR2017 Accepted","UHWI17PP3939194_000","UHWI17PP3939194_000","***","3.5 Stars","****","4.5 Stars","A","","","","301"
"English","UnitedHealthcare","H0321","***","3.5 Stars","","","877-614-0623","888-834-3721","Y0066_H0321_A_PR2017 Accepted","CSAZ17HM3939196_000","CSAZ17HM3939196_000","***","3.5 Stars","****","4 Stars","A","","","","301"
"English","UnitedHealthcare","H0543","****","4.5 Stars","","","800-950-9355","800-555-5757","Y0066_H0543_A_PR2017 Accepted","AACA17HM3939201_000","AACA17HM3939201_000","****","4 Stars","*****","5 Stars","A","","","","301"
"English","UnitedHealthcare","H0609","****","4.5 Stars","","","800-950-9355","800-555-5757","Y0066_H0609_A_PR2017 Accepted","AACO17HM3939206_000","AACO17HM3939206_000","****","4 Stars","*****","5 Stars","A","","","","301"﻿"Language","Plan","Contract","Star Image","Stars","Caution","Text","Customer Service #","Prospect #","CMS Code","DMS Code","File Name","Health Plan Star Image","Health Plan Stars","Drug Plan Star Image","Drug Plan Stars","Version","Comments","Template #","Grid Issue","Color - all black "
"Spanish","UnitedHealthcare","H0251","***","3.5 estrellas","","","800-690-1606","888-834-3721","Y0066_H0251_A_PR2017SP","CSTN17HM3939401_000","CSTN17HM3939401_000","***","3.5 estrellas","****","4 estrellas","A","","","","301"
"Spanish","UnitedHealthcare","H0294","****","4 estrellas","","","800-204-1002","800-555-5757","Y0066_H0294_A_PR2017SP","UHWI17PP3939405_000","UHWI17PP3939405_000","***","3.5 estrellas","****","4.5 estrellas","A","","","","301"
"Spanish","UnitedHealthcare","H0321","***","3.5 estrellas","","","877-614-0623","888-834-3721","Y0066_H0321_A_PR2017SP","CSAZ17HM3939407_000","CSAZ17HM3939407_000","***","3.5 estrellas","****","4 estrellas","A","","","","301"
"Spanish","UnitedHealthcare","H0543","****","4.5 estrellas","","","800-950-9355","800-555-5757","Y0066_H0543_A_PR2017SP","AACA17HM3939408_000","AACA17HM3939408_000","****","4 estrellas","*****","5 estrellas","A","","","","301"
"Spanish","UnitedHealthcare","H0609","****","4.5 estrellas","","","800-950-9355","800-555-5757","Y0066_H0609_A_PR2017SP","AACO17HM3939412_000","AACO17HM3939412_000","****","4 estrellas","*****","5 estrellas","A","","","","301"