TemplateName,Header_Image_Name,Bottom_Left_Image_Name,BottomLeft_Image_URL,BottomRight_Image_Name,BottomRight_Image_URL,Template_Page_1,Template_Page_2,Footer_Call_No,Foort_Website
,,,,,,,,,,
Personal,.\Images\Personal\ENBD_FD_PERSONAL_Header.jpg,.\Images\Personal\ENBD_FD_PERSONAL_BL.jpg,http://www.emiratesnbd.com/en/personal-banking/fx/global-cash/,.\Images\Personal\ENBD_FD_PERSONAL_BR.jpg,http://www.emiratesnbd.com/en/personal-banking/accounts/deposit-accounts/goal-recurring-deposits/,.\Images\Personal\PerPage1.pdf,.\Images\Personal\PerPage2.pdf,Call (+971) 600 54 0000,www.emiratesnbd.com
Business,.\Images\Business\ENBD_FD_BB_Header.jpg,.\Images\Business\ENBD_FD_BB_BL.jpg,http://www.emiratesnbd.com/en/personal-banking/fx/global-cash/,.\Images\Business\ENBD_FD_BB_BR.jpg,http://www.emiratesnbd.com/en/personal-banking/accounts/deposit-accounts/goal-recurring-deposits/,.\Images\Business\BuiPage1.pdf,.\Images\Business\BuiPage2.pdf,Call (+971) 600 54 0009,www.emiratesnbd.com
Private,.\Images\Private\ENBD_FD_PRIVATE_Header.jpg,.\Images\Private\ENBD_FD_PRIVATE_BL.jpg,http://www.emiratesnbd.com/en/index.cfm/private-banking/private-banking-offering/private-and-institutional-clients/visa-infinite-debit-card/,.\Images\Private\ENBD_FD_PRIVATE_BR,http://www.emiratesnbd.com/en/privateBanking/cards/visaInfiniteDebitCard.cfm,.\Images\Private\PrvPage1.pdf,.\Images\Private\PrvPage2.pdf,"For more information, contact your Relationship Manager",www.emiratesnbd.com
Priority,.\Images\Priority\ENBD_FD_PRIORITY_Header.jpg,.\Images\Priority\ENBD_FD_PRIORITY_BL.jpg,http://www.emiratesnbd.com/en/index.cfm/priority-banking/schedule-of-fees-and-charges/,.\Images\Priority\ENBD_FD_PRIORITY_BR.jpg,http://www.emiratesnbd.com/en/priority-banking/our-solutions/fx/direct-remit/,.\Images\Priority\PriPage1.pdf,.\Images\Priority\PriPage2.pdf,Call (+971) 800 100,emiratesnbd.com
