<?xml version="1.0" encoding="utf-8" ?>
<elixir-data>
<document>
<Main RecordID="2001" HPBP="H0755-032" Version="UHC/AARP MA w Housecalls" Header_Image=".\Images\Header_AllOther.pdf" Timeline_Image=".\Images\Timeline_withWelcomeCall.pdf" Thankyou_Text=".\Images\Call-Out.pdf" CMS_Code="Y0066_170619_154738 Accepted&#13;&#10;" DMS_Code="UHEX18MP4103867_000" Bullet_Heading=".\Images\Common_Header.pdf" Bullet_Subheading=".\Images\Common_Subhead.pdf" Bullet_1=".\Images\AWV-PHY_Bullet.pdf" Bullet_2=".\Images\HA_Bullet.pdf" Bullet_3=".\Images\HC_URL_Bullet.pdf" Bullet_4=".\Images\"/>
</document>
<document>
<Main RecordID="2001" HPBP="H0543-121" Version="UHC/AARP MA w/o Housecalls " Header_Image=".\Images\Header_AllOther.pdf" Timeline_Image=".\Images\Timeline_withWelcomeCall.pdf" Thankyou_Text=".\Images\Call-Out.pdf" CMS_Code="Y0066_170619_154738 Accepted&#13;&#10;" DMS_Code="UHEX18MP4103876_000" Bullet_Heading=".\Images\Common_Header.pdf" Bullet_Subheading=".\Images\Common_Subhead.pdf" Bullet_1=".\Images\AWV-PHY_Bullet.pdf" Bullet_2=".\Images\HA_Bullet.pdf" Bullet_3=".\Images\" Bullet_4=".\Images\"/>
</document>
<document>
<Main RecordID="2001" HPBP="H5652-002" Version="Erickson MA w/o Housecalls" Header_Image=".\Images\Header_Erickson.pdf" Timeline_Image=".\Images\Timeline_NoWelcomeCall.pdf" Thankyou_Text=".\Images\Call-Out_SCO.pdf" CMS_Code="Y0066_170619_154738 Accepted&#13;&#10;" DMS_Code="EREX18MP4103899_000" Bullet_Heading=".\Images\Common_Header.pdf" Bullet_Subheading=".\Images\Common_Subhead.pdf" Bullet_1=".\Images\AWV-PHY_Bullet.pdf" Bullet_2=".\Images\HA_Bullet.pdf" Bullet_3=".\Images\" Bullet_4=".\Images\"/>
</document>
<document>
<Main RecordID="2001" HPBP="H0294-004" Version="UHC/AARP MAPD w Housecalls 90" Header_Image=".\Images\Header_AllOther.pdf" Timeline_Image=".\Images\Timeline_withWelcomeCall.pdf" Thankyou_Text=".\Images\Call-Out.pdf" CMS_Code="Y0066_170619_154738 Accepted&#13;&#10;" DMS_Code="UHEX18MP4103903_000" Bullet_Heading=".\Images\Common_Header.pdf" Bullet_Subheading=".\Images\Common_Subhead.pdf" Bullet_1=".\Images\AWV-PHY_Bullet.pdf" Bullet_2=".\Images\HA_Bullet.pdf" Bullet_3=".\Images\HC_URL_Bullet.pdf" Bullet_4=".\Images\MAIL_Order_Bullet_90.pdf"/>
</document>
<document>
<Main RecordID="2001" HPBP="H0543-001" Version="UHC/AARP MAPD w/o Housecalls 90" Header_Image=".\Images\Header_AllOther.pdf" Timeline_Image=".\Images\Timeline_withWelcomeCall.pdf" Thankyou_Text=".\Images\Call-Out.pdf" CMS_Code="Y0066_170619_154738 Accepted&#13;&#10;" DMS_Code="UHEX18MP4103905_000" Bullet_Heading=".\Images\Common_Header.pdf" Bullet_Subheading=".\Images\Common_Subhead.pdf" Bullet_1=".\Images\AWV-PHY_Bullet.pdf" Bullet_2=".\Images\HA_Bullet.pdf" Bullet_3=".\Images\MAIL_Order_Bullet_90.pdf" Bullet_4=".\Images\"/>
</document>
<document>
<Main RecordID="2001" HPBP="H2001-017" Version="UHC/AARP MAPD w/ Housecalls 100" Header_Image=".\Images\Header_AllOther.pdf" Timeline_Image=".\Images\Timeline_withWelcomeCall.pdf" Thankyou_Text=".\Images\Call-Out.pdf" CMS_Code="Y0066_170619_154738 Accepted&#13;&#10;" DMS_Code="UHEX18MP4104391_000" Bullet_Heading=".\Images\Common_Header.pdf" Bullet_Subheading=".\Images\Common_Subhead.pdf" Bullet_1=".\Images\AWV-PHY_Bullet.pdf" Bullet_2=".\Images\HA_Bullet.pdf" Bullet_3=".\Images\HC_URL_Bullet.pdf" Bullet_4=".\Images\MAIL_Order_Bullet_100.pdf"/>
</document>
<document>
<Main RecordID="2001" HPBP="H0609-028" Version="UHC/AARP MAPD w/o Housecalls 100" Header_Image=".\Images\Header_AllOther.pdf" Timeline_Image=".\Images\Timeline_withWelcomeCall.pdf" Thankyou_Text=".\Images\Call-Out.pdf" CMS_Code="Y0066_170619_154738 Accepted&#13;&#10;" DMS_Code="UHEX18MP4104392_000" Bullet_Heading=".\Images\Common_Header.pdf" Bullet_Subheading=".\Images\Common_Subhead.pdf" Bullet_1=".\Images\AWV-PHY_Bullet.pdf" Bullet_2=".\Images\HA_Bullet.pdf" Bullet_3=".\Images\MAIL_Order_Bullet_100.pdf" Bullet_4=".\Images\"/>
</document>
<document>
<Main RecordID="2001" HPBP="H2931-002" Version="Sierra MAPD" Header_Image=".\Images\Header_AllOther.pdf" Timeline_Image=".\Images\Timeline_WelcomeLetter.pdf" Thankyou_Text=".\Images\Call-Out_SCO.pdf" CMS_Code="Y0066_170619_154738 Accepted&#13;&#10;" DMS_Code="SRAZ18MP4104393_000" Bullet_Heading=".\Images\Common_Header.pdf" Bullet_Subheading=".\Images\Common_Subhead.pdf" Bullet_1=".\Images\AWV-PHY_Bullet.pdf" Bullet_2=".\Images\HA_Bullet.pdf" Bullet_3=".\Images\MAIL_Order_Bullet_100.pdf" Bullet_4=".\Images\"/>
</document>
<document>
<Main RecordID="2001" HPBP="H5420-001" Version="Medica MAPD w/ Housecalls" Header_Image=".\Images\Header_AllOther.pdf" Timeline_Image=".\Images\Timeline_withWelcomeCall.pdf" Thankyou_Text=".\Images\Call-Out_SCO.pdf" CMS_Code="Y0066_170619_154738 Accepted&#13;&#10;" DMS_Code="UHFL18MP4104394_000" Bullet_Heading=".\Images\Common_Header.pdf" Bullet_Subheading=".\Images\Common_Subhead.pdf" Bullet_1=".\Images\AWV-PHY_Bullet.pdf" Bullet_2=".\Images\HA_Bullet.pdf" Bullet_3=".\Images\HC_No-URL_for_SFL_Bullet.pdf" Bullet_4=".\Images\MAIL_Order_Bullet_90.pdf"/>
</document>
<document>
<Main RecordID="2001" HPBP="H1045-037" Version="PCP MAPD w/ Housecalls" Header_Image=".\Images\Header_PCP.pdf" Timeline_Image=".\Images\Timeline_withWelcomeCall.pdf" Thankyou_Text=".\Images\Call-Out_SCO.pdf" CMS_Code="Y0066_170619_154738 Accepted&#13;&#10;" DMS_Code="UHFL18MP4104395_000" Bullet_Heading=".\Images\Common_Header.pdf" Bullet_Subheading=".\Images\Common_Subhead.pdf" Bullet_1=".\Images\AWV-PHY_Bullet.pdf" Bullet_2=".\Images\HA_Bullet.pdf" Bullet_3=".\Images\HC_No-URL_for_SFL_Bullet.pdf" Bullet_4=".\Images\MAIL_Order_Bullet_90.pdf"/>
</document>
</elixir-data>
