﻿"RecordID","HPBP","Version ","Header Image","Timeline Image","Thank you Text","CMS Code","DMS Code","Bullet Heading ","Bullet subheadings","Bullet 1","Bullet 2","Bullet 3","Bullet 4","Signature Line","","","","","","","","","","","","","","","","","","","",""
"2001","H0755-032","UHC/AARP MA w Housecalls","Header_AllOther.eps","Timeline_withWelcomeCall.eps","Call-Out.eps","Y0066_170619_154738 Accepted","UHEX18MP4103867_000","Common_Header.eps","Common_Subhead.eps","AWV-PHY_Bullet.eps","HA_Bullet.eps","HC_URL_Bullet.eps","","2015_UHCMedSol_SigLine_English_LtdSpace_Right_K_presized.eps","","","","","","","","","","","","","","","","","","","",""
***
"2001","H0543-121","UHC/AARP MA w/o Housecalls ","Header_AllOther.eps","Timeline_withWelcomeCall.eps","Call-Out.eps","Y0066_170619_154738 Accepted","UHEX18MP4103876_000","Common_Header.eps","Common_Subhead.eps","AWV-PHY_Bullet.eps","HA_Bullet.eps","","","2015_UHCMedSol_SigLine_English_LtdSpace_Right_K_presized.eps","","","","","","","","","","","","","","","","","","","",""
***
"2001","H5652-002","Erickson MA w/o Housecalls","Header_Erickson.eps","Timeline_NoWelcomeCall.eps","Call-Out_SCO.eps","Y0066_170619_154738 Accepted","EREX18MP4103899_000","Common_Header.eps","Common_Subhead.eps","AWV-PHY_Bullet.eps","HA_Bullet.eps","","","2015_UHCMedSol_SigLine_English_LtdSpace_Right_K_presized.eps","","","","","","","","","","","","","","","","","","","",""
***
"2001","H0294-004","UHC/AARP MAPD w Housecalls 90","Header_AllOther.eps","Timeline_withWelcomeCall.eps","Call-Out.eps","Y0066_170619_154738 Accepted","UHEX18MP4103903_000","Common_Header.eps","Common_Subhead.eps","AWV-PHY_Bullet.eps","HA_Bullet.eps","HC_URL_Bullet.eps","MAIL_Order_Bullet_90.eps","2015_UHCMedSol_SigLine_English_LtdSpace_Right_K_presized.eps","","","","","","","","","","","","","","","","","","","",""
***
"2001","H0543-001","UHC/AARP MAPD w/o Housecalls 90","Header_AllOther.eps","Timeline_withWelcomeCall.eps","Call-Out.eps","Y0066_170619_154738 Accepted","UHEX18MP4103905_000","Common_Header.eps","Common_Subhead.eps","AWV-PHY_Bullet.eps","HA_Bullet.eps","MAIL_Order_Bullet_90.eps","","2015_UHCMedSol_SigLine_English_LtdSpace_Right_K_presized.eps","","","","","","","","","","","","","","","","","","","",""
***
"2001","H2001-017","UHC/AARP MAPD w/ Housecalls 100","Header_AllOther.eps","Timeline_withWelcomeCall.eps","Call-Out.eps","Y0066_170619_154738 Accepted","UHEX18MP4104391_000","Common_Header.eps","Common_Subhead.eps","AWV-PHY_Bullet.eps","HA_Bullet.eps","HC_URL_Bullet.eps","MAIL_Order_Bullet_100.eps","2015_UHCMedSol_SigLine_English_LtdSpace_Right_K_presized.eps","","","","","","","","","","","","","","","","","","","",""
***
"2001","H0609-028","UHC/AARP MAPD w/o Housecalls 100","Header_AllOther.eps","Timeline_withWelcomeCall.eps","Call-Out.eps","Y0066_170619_154738 Accepted","UHEX18MP4104392_000","Common_Header.eps","Common_Subhead.eps","AWV-PHY_Bullet.eps","HA_Bullet.eps","MAIL_Order_Bullet_100.eps","","2015_UHCMedSol_SigLine_English_LtdSpace_Right_K_presized.eps","","","","","","","","","","","","","","","","","","","",""
***
"2001","H2931-002","Sierra MAPD","Header_AllOther.eps","Timeline_WelcomeLetter.eps","Call-Out_SCO.eps","Y0066_170619_154738 Accepted","SRAZ18MP4104393_000","Common_Header.eps","Common_Subhead.eps","AWV-PHY_Bullet.eps","HA_Bullet.eps","MAIL_Order_Bullet_100.eps","","","","","","","","","","","","","","","","","","","","","",""
***
"2001","H5420-001","Medica MAPD w/ Housecalls","Header_AllOther.eps","Timeline_withWelcomeCall.eps","Call-Out_SCO.eps","Y0066_170619_154738 Accepted","UHFL18MP4104394_000","Common_Header.eps","Common_Subhead.eps","AWV-PHY_Bullet.eps","HA_Bullet.eps","HC_No-URL_for_SFL_Bullet.eps","MAIL_Order_Bullet_90.eps","","","","","","","","","","","","","","","","","","","","",""
***
"2001","H1045-037","PCP MAPD w/ Housecalls","Header_PCP.eps","Timeline_withWelcomeCall.eps","Call-Out_SCO.eps","Y0066_170619_154738 Accepted","UHFL18MP4104395_000","Common_Header.eps","Common_Subhead.eps","AWV-PHY_Bullet.eps","HA_Bullet.eps","HC_No-URL_for_SFL_Bullet.eps","MAIL_Order_Bullet_90.eps","","","","","","","","","","","","","","","","","","","","",""
***
"2001","H5652-001","Erickson MAPD","Header_Erickson.eps","Timeline_NoWelcomeCall.eps","Call-Out_SCO.eps","Y0066_170619_154738 Accepted","EREX18MP4104396_000","Common_Header.eps","Common_Subhead.eps","AWV-PHY_Bullet.eps","HA_Bullet.eps","MAIL_Order_Bullet_90.eps","","2015_UHCMedSol_SigLine_English_LtdSpace_Right_K_presized.eps","","","","","","","","","","","","","","","","","","","",""
***
"2001","H1045-025","Villages MAPD ","Header_Villages.eps","Timeline_withWelcomeCall.eps","Call-Out.eps","Y0066_170619_154738 Accepted","AAEX18HM4104399_000","Common_Header.eps","Common_Subhead.eps","AWV-PHY_Bullet.eps","HA_Bullet.eps","HC_URL_Bullet.eps","MAIL_Order_Bullet_90.eps","","","","","","","","","","","","","","","","","","","","",""
***
"2001","H2226-001","UHC SCO w/ Housecalls","Header_ISNP.eps","Timeline_NoWelcomeCall.eps","Call-Out_SCO.eps","H2226_170628_085434 AcceptedUHCSCO_170628_085434","UHMA18HM4104403_000","Common_Header.eps","Common_Subhead.eps","SCO_AWV_Bullet.eps","SCO_HA_Bullet.eps","SCO_HC_Bullet.eps","","","","","","","","","","","","","","","","","","","","","",""
***
"2001","H5652-003","Erickson ISNP","Header_Erickson.eps","Timeline_NoWelcomeCall.eps","Call-Out_SCO.eps","Y0066_170619_154738 Accepted","EREX18MP4104428_000","Common_Header.eps","Common_Subhead.eps","Erickson_ISNP_care_Bullet.eps","Erickson_ISNP_HA_Bullet.eps","Erickson_ISNP_Bullet.eps","MAIL_Order_Bullet_90.eps","2015_UHCMedSol_SigLine_English_LtdSpace_Right_K_presized.eps","","","","","","","","","","","","","","","","","","","",""
***
"2001","H0294-002","UHC CSNP w/ housecalls","Header_AllOther.eps","Timeline_withWelcomeCall.eps","Call-Out.eps","Y0066_170619_154738 Accepted","UHEX18MP4104440_000","Common_Header.eps","Common_Subhead.eps","AWV_Bullet.eps","HA_Bullet.eps","HC_URL_Bullet.eps","MAIL_Order_Bullet_90.eps","2015_UHCMedSol_SigLine_English_LtdSpace_Right_K_presized.eps","","","","","","","","","","","","","","","","","","","",""
***
"2001","H4590-037","UHC CSNP w/o Housecalls","Header_AllOther.eps","Timeline_withWelcomeCall.eps","Call-Out.eps","Y0066_170619_154738 Accepted","UHEX18MP4104443_000","Common_Header.eps","Common_Subhead.eps","AWV_Bullet.eps","HA_Bullet.eps","MAIL_Order_Bullet_90.eps","","2015_UHCMedSol_SigLine_English_LtdSpace_Right_K_presized.eps","","","","","","","","","","","","","","","","","","","",""
***
"2001","H5652-004","Erickson CSNP","Header_Erickson.eps","Timeline_NoWelcomeCall.eps","Call-Out_SCO.eps","Y0066_170619_154738 Accepted","EREX18MP4104447_000","Common_Header.eps","Common_Subhead.eps","AWV-PHY_Bullet.eps","HA_Bullet.eps","MAIL_Order_Bullet_90.eps","","2015_UHCMedSol_SigLine_English_LtdSpace_Right_K_presized.eps","","","","","","","","","","","","","","","","","","","",""
***
"2001","H0710-001","UHC ISNP/IESNP","Header_ISNP.eps","Timeline_NoWelcomeCall.eps","Call-Out.eps","Y0066_170619_154738 Accepted","UHEX18MP4104458_000","Common_Header.eps","Common_Subhead.eps","Optum_ISNP_care_Bullet.eps","Optum_ISNP_ HA_Bullet.eps","Optum_ISNP_Bullet.eps","","2015_UHCMedSol_SigLine_English_LtdSpace_Right_K_presized.eps","","","","","","","","","","","","","","","","","","","",""
***
"2001","H0169-001","UHC DSNP w/ housecalls (MAPD)","Header_DSNP.eps","Timeline_NoWelcomeCall.eps","Call-Out.eps","Y0066_170619_154738 Accepted","UHEX18MP4104465_000","Common_Header.eps","Common_Subhead.eps","AWV_Bullet.eps","HA_Bullet.eps","HC_URL_Bullet.eps","MAIL_Order_Bullet_90.eps","2015_UHCMedSol_SigLine_English_LtdSpace_Right_K_presized.eps","","","","","","","","","","","","","","","","","","","",""
***
"2001","H0251-004","UHC DSNP w/o housecalls (MAPD)","Header_DSNP.eps","Timeline_NoWelcomeCall.eps","Call-Out.eps","Y0066_170619_154738 Accepted","UHEX18MP4104466_000","Common_Header.eps","Common_Subhead.eps","AWV_Bullet.eps","HA_Bullet.eps","MAIL_Order_Bullet_90.eps","","2015_UHCMedSol_SigLine_English_LtdSpace_Right_K_presized.eps","","","","","","","","","","","","","","","","","","","",""
***
"2001","H1045-038","PCP/Medica DSNP w/ Housecalls","Header_AllOther.eps","Timeline_NoWelcomeCall.eps","Call-Out_SCO.eps","Y0066_170619_154738 Accepted","UHFL18MP4104467_000","Common_Header.eps","Common_Subhead.eps","AWV_Bullet.eps","HA_Bullet.eps","HC_No-URL_for_SFL_Bullet.eps","","","","","","","","","","","","","","","","","","","","","",""
***
"2001","H2228-045","UHC DSNP w/ optum nurse","Header_DSNP.eps","Timeline_NoWelcomeCall.eps","Call-Out.eps","Y0066_170619_154738 Accepted","UHEX18MP4104470_000","Common_Header.eps","Common_Subhead.eps","AWV_Bullet.eps","HA_Bullet.eps","MAIL_Order_Bullet_90.eps","Optum_Nurse_Bullet.eps","2015_UHCMedSol_SigLine_English_LtdSpace_Right_K_presized.eps","","","","","","","","","","","","","","","","","","","",""
***
"2001","S0522-001","Symphonix/UHC/AARP PDP","Header_AllOther.eps","Timeline_PDP_GSG.eps","Call-Out.eps","Y0066_170619_154738 Accepted","PDEX18MP4104481_000","PDP_Header.eps","PDP_Subhead.eps","MAIL_Order_Bullet_90.eps","PDP_Pref_Retail_Book_Bullet.eps","PDP_Bullet.eps","","","","","","","","","","","","","","","","","","","","","",""
***
"2001","S5921-382","AARP Walgreens PDP","Header_AllOther.eps","Timeline_PDP_GSG.eps","Call-Out.eps","Y0066_170619_154738 Accepted","PDEX18MP4104483_000","PDP_Header.eps","PDP_Subhead.eps","MAIL_Order_Bullet_90.eps","PDP_Bullet.eps","Walgreens_Bullet.eps","","","","","","","","","","","","","","","","","","","","","",""
***
"2001","H5420-003","Medica MAPD w/o Housecalls","Header_AllOther.eps","Timeline_withWelcomeCall.eps","Call-Out_SCO.eps","Y0066_170619_154738 Accepted","UHFL18MP4120685_000","Common_Header.eps","Common_Subhead.eps","AWV-PHY_Bullet.eps","HA_Bullet.eps","MAIL_Order_Bullet_90.eps","","","","","","","","","","","","","","","","","","","","","",""
***
"2001","H1045-001","PCP MAPD w/o Housecalls","Header_PCP.eps","Timeline_withWelcomeCall.eps","Call-Out_SCO.eps","Y0066_170619_154738 Accepted","UHFL18MP4120691_000","Common_Header.eps","Common_Subhead.eps","AWV-PHY_Bullet.eps","HA_Bullet.eps","MAIL_Order_Bullet_90.eps","","","","","","","","","","","","","","","","","","","","","",""
***
"2001","H1045-012","PCP/Medica DSNP w/o Housecalls","Header_AllOther.eps","Timeline_NoWelcomeCall.eps","Call-Out_SCO.eps","Y0066_170619_154738 Accepted","UHFL18MP4120698_000","Common_Header.eps","Common_Subhead.eps","AWV_Bullet.eps","HA_Bullet.eps","","","","","","","","","","","","","","","","","","","","","","",""
***
﻿"RecordID","HPBP","Version ","Header Image","Timeline Image","Thank you Text","CMS Code","DMS Code","Bullet Heading ","Bullet subheadings","Bullet 1","Bullet 2","Bullet 3","Bullet 4","Signature Line","","","","","","","","","","","","","","","","","","","",""
"2001","H0755-032","UHC/AARP MA w Housecalls","Header_AllOther.eps","Timeline_withWelcomeCall.eps","Call-Out.eps","Y0066_170619_154738 Accepted","UHEX18MP4103867_000","Common_Header.eps","Common_Subhead.eps","AWV-PHY_Bullet.eps","HA_Bullet.eps","HC_URL_Bullet.eps","","2015_UHCMedSol_SigLine_English_LtdSpace_Right_K_presized.eps","","","","","","","","","","","","","","","","","","","",""
***
"2001","H0543-121","UHC/AARP MA w/o Housecalls ","Header_AllOther.eps","Timeline_withWelcomeCall.eps","Call-Out.eps","Y0066_170619_154738 Accepted","UHEX18MP4103876_000","Common_Header.eps","Common_Subhead.eps","AWV-PHY_Bullet.eps","HA_Bullet.eps","","","2015_UHCMedSol_SigLine_English_LtdSpace_Right_K_presized.eps","","","","","","","","","","","","","","","","","","","",""
***
"2001","H5652-002","Erickson MA w/o Housecalls","Header_Erickson.eps","Timeline_NoWelcomeCall.eps","Call-Out_SCO.eps","Y0066_170619_154738 Accepted","EREX18MP4103899_000","Common_Header.eps","Common_Subhead.eps","AWV-PHY_Bullet.eps","HA_Bullet.eps","","","2015_UHCMedSol_SigLine_English_LtdSpace_Right_K_presized.eps","","","","","","","","","","","","","","","","","","","",""
***
"2001","H0294-004","UHC/AARP MAPD w Housecalls 90","Header_AllOther.eps","Timeline_withWelcomeCall.eps","Call-Out.eps","Y0066_170619_154738 Accepted","UHEX18MP4103903_000","Common_Header.eps","Common_Subhead.eps","AWV-PHY_Bullet.eps","HA_Bullet.eps","HC_URL_Bullet.eps","MAIL_Order_Bullet_90.eps","2015_UHCMedSol_SigLine_English_LtdSpace_Right_K_presized.eps","","","","","","","","","","","","","","","","","","","",""
***
"2001","H0543-001","UHC/AARP MAPD w/o Housecalls 90","Header_AllOther.eps","Timeline_withWelcomeCall.eps","Call-Out.eps","Y0066_170619_154738 Accepted","UHEX18MP4103905_000","Common_Header.eps","Common_Subhead.eps","AWV-PHY_Bullet.eps","HA_Bullet.eps","MAIL_Order_Bullet_90.eps","","2015_UHCMedSol_SigLine_English_LtdSpace_Right_K_presized.eps","","","","","","","","","","","","","","","","","","","",""
***
"2001","H2001-017","UHC/AARP MAPD w/ Housecalls 100","Header_AllOther.eps","Timeline_withWelcomeCall.eps","Call-Out.eps","Y0066_170619_154738 Accepted","UHEX18MP4104391_000","Common_Header.eps","Common_Subhead.eps","AWV-PHY_Bullet.eps","HA_Bullet.eps","HC_URL_Bullet.eps","MAIL_Order_Bullet_100.eps","2015_UHCMedSol_SigLine_English_LtdSpace_Right_K_presized.eps","","","","","","","","","","","","","","","","","","","",""
***
"2001","H0609-028","UHC/AARP MAPD w/o Housecalls 100","Header_AllOther.eps","Timeline_withWelcomeCall.eps","Call-Out.eps","Y0066_170619_154738 Accepted","UHEX18MP4104392_000","Common_Header.eps","Common_Subhead.eps","AWV-PHY_Bullet.eps","HA_Bullet.eps","MAIL_Order_Bullet_100.eps","","2015_UHCMedSol_SigLine_English_LtdSpace_Right_K_presized.eps","","","","","","","","","","","","","","","","","","","",""
***
"2001","H2931-002","Sierra MAPD","Header_AllOther.eps","Timeline_WelcomeLetter.eps","Call-Out_SCO.eps","Y0066_170619_154738 Accepted","SRAZ18MP4104393_000","Common_Header.eps","Common_Subhead.eps","AWV-PHY_Bullet.eps","HA_Bullet.eps","MAIL_Order_Bullet_100.eps","","","","","","","","","","","","","","","","","","","","","",""
***
"2001","H5420-001","Medica MAPD w/ Housecalls","Header_AllOther.eps","Timeline_withWelcomeCall.eps","Call-Out_SCO.eps","Y0066_170619_154738 Accepted","UHFL18MP4104394_000","Common_Header.eps","Common_Subhead.eps","AWV-PHY_Bullet.eps","HA_Bullet.eps","HC_No-URL_for_SFL_Bullet.eps","MAIL_Order_Bullet_90.eps","","","","","","","","","","","","","","","","","","","","",""
***
"2001","H1045-037","PCP MAPD w/ Housecalls","Header_PCP.eps","Timeline_withWelcomeCall.eps","Call-Out_SCO.eps","Y0066_170619_154738 Accepted","UHFL18MP4104395_000","Common_Header.eps","Common_Subhead.eps","AWV-PHY_Bullet.eps","HA_Bullet.eps","HC_No-URL_for_SFL_Bullet.eps","MAIL_Order_Bullet_90.eps","","","","","","","","","","","","","","","","","","","","",""
***
"2001","H5652-001","Erickson MAPD","Header_Erickson.eps","Timeline_NoWelcomeCall.eps","Call-Out_SCO.eps","Y0066_170619_154738 Accepted","EREX18MP4104396_000","Common_Header.eps","Common_Subhead.eps","AWV-PHY_Bullet.eps","HA_Bullet.eps","MAIL_Order_Bullet_90.eps","","2015_UHCMedSol_SigLine_English_LtdSpace_Right_K_presized.eps","","","","","","","","","","","","","","","","","","","",""
***
"2001","H1045-025","Villages MAPD ","Header_Villages.eps","Timeline_withWelcomeCall.eps","Call-Out.eps","Y0066_170619_154738 Accepted","AAEX18HM4104399_000","Common_Header.eps","Common_Subhead.eps","AWV-PHY_Bullet.eps","HA_Bullet.eps","HC_URL_Bullet.eps","MAIL_Order_Bullet_90.eps","","","","","","","","","","","","","","","","","","","","",""
***
"2001","H2226-001","UHC SCO w/ Housecalls","Header_ISNP.eps","Timeline_NoWelcomeCall.eps","Call-Out_SCO.eps","H2226_170628_085434 AcceptedUHCSCO_170628_085434","UHMA18HM4104403_000","Common_Header.eps","Common_Subhead.eps","SCO_AWV_Bullet.eps","SCO_HA_Bullet.eps","SCO_HC_Bullet.eps","","","","","","","","","","","","","","","","","","","","","",""
***
"2001","H5652-003","Erickson ISNP","Header_Erickson.eps","Timeline_NoWelcomeCall.eps","Call-Out_SCO.eps","Y0066_170619_154738 Accepted","EREX18MP4104428_000","Common_Header.eps","Common_Subhead.eps","Erickson_ISNP_care_Bullet.eps","Erickson_ISNP_HA_Bullet.eps","Erickson_ISNP_Bullet.eps","MAIL_Order_Bullet_90.eps","2015_UHCMedSol_SigLine_English_LtdSpace_Right_K_presized.eps","","","","","","","","","","","","","","","","","","","",""
***
"2001","H0294-002","UHC CSNP w/ housecalls","Header_AllOther.eps","Timeline_withWelcomeCall.eps","Call-Out.eps","Y0066_170619_154738 Accepted","UHEX18MP4104440_000","Common_Header.eps","Common_Subhead.eps","AWV_Bullet.eps","HA_Bullet.eps","HC_URL_Bullet.eps","MAIL_Order_Bullet_90.eps","2015_UHCMedSol_SigLine_English_LtdSpace_Right_K_presized.eps","","","","","","","","","","","","","","","","","","","",""
***
"2001","H4590-037","UHC CSNP w/o Housecalls","Header_AllOther.eps","Timeline_withWelcomeCall.eps","Call-Out.eps","Y0066_170619_154738 Accepted","UHEX18MP4104443_000","Common_Header.eps","Common_Subhead.eps","AWV_Bullet.eps","HA_Bullet.eps","MAIL_Order_Bullet_90.eps","","2015_UHCMedSol_SigLine_English_LtdSpace_Right_K_presized.eps","","","","","","","","","","","","","","","","","","","",""
***
"2001","H5652-004","Erickson CSNP","Header_Erickson.eps","Timeline_NoWelcomeCall.eps","Call-Out_SCO.eps","Y0066_170619_154738 Accepted","EREX18MP4104447_000","Common_Header.eps","Common_Subhead.eps","AWV-PHY_Bullet.eps","HA_Bullet.eps","MAIL_Order_Bullet_90.eps","","2015_UHCMedSol_SigLine_English_LtdSpace_Right_K_presized.eps","","","","","","","","","","","","","","","","","","","",""
***
"2001","H0710-001","UHC ISNP/IESNP","Header_ISNP.eps","Timeline_NoWelcomeCall.eps","Call-Out.eps","Y0066_170619_154738 Accepted","UHEX18MP4104458_000","Common_Header.eps","Common_Subhead.eps","Optum_ISNP_care_Bullet.eps","Optum_ISNP_ HA_Bullet.eps","Optum_ISNP_Bullet.eps","","2015_UHCMedSol_SigLine_English_LtdSpace_Right_K_presized.eps","","","","","","","","","","","","","","","","","","","",""
***
"2001","H0169-001","UHC DSNP w/ housecalls (MAPD)","Header_DSNP.eps","Timeline_NoWelcomeCall.eps","Call-Out.eps","Y0066_170619_154738 Accepted","UHEX18MP4104465_000","Common_Header.eps","Common_Subhead.eps","AWV_Bullet.eps","HA_Bullet.eps","HC_URL_Bullet.eps","MAIL_Order_Bullet_90.eps","2015_UHCMedSol_SigLine_English_LtdSpace_Right_K_presized.eps","","","","","","","","","","","","","","","","","","","",""
***
"2001","H0251-004","UHC DSNP w/o housecalls (MAPD)","Header_DSNP.eps","Timeline_NoWelcomeCall.eps","Call-Out.eps","Y0066_170619_154738 Accepted","UHEX18MP4104466_000","Common_Header.eps","Common_Subhead.eps","AWV_Bullet.eps","HA_Bullet.eps","MAIL_Order_Bullet_90.eps","","2015_UHCMedSol_SigLine_English_LtdSpace_Right_K_presized.eps","","","","","","","","","","","","","","","","","","","",""
***
"2001","H1045-038","PCP/Medica DSNP w/ Housecalls","Header_AllOther.eps","Timeline_NoWelcomeCall.eps","Call-Out_SCO.eps","Y0066_170619_154738 Accepted","UHFL18MP4104467_000","Common_Header.eps","Common_Subhead.eps","AWV_Bullet.eps","HA_Bullet.eps","HC_No-URL_for_SFL_Bullet.eps","","","","","","","","","","","","","","","","","","","","","",""
***
"2001","H2228-045","UHC DSNP w/ optum nurse","Header_DSNP.eps","Timeline_NoWelcomeCall.eps","Call-Out.eps","Y0066_170619_154738 Accepted","UHEX18MP4104470_000","Common_Header.eps","Common_Subhead.eps","AWV_Bullet.eps","HA_Bullet.eps","MAIL_Order_Bullet_90.eps","Optum_Nurse_Bullet.eps","2015_UHCMedSol_SigLine_English_LtdSpace_Right_K_presized.eps","","","","","","","","","","","","","","","","","","","",""
***
"2001","S0522-001","Symphonix/UHC/AARP PDP","Header_AllOther.eps","Timeline_PDP_GSG.eps","Call-Out.eps","Y0066_170619_154738 Accepted","PDEX18MP4104481_000","PDP_Header.eps","PDP_Subhead.eps","MAIL_Order_Bullet_90.eps","PDP_Pref_Retail_Book_Bullet.eps","PDP_Bullet.eps","","","","","","","","","","","","","","","","","","","","","",""
***
"2001","S5921-382","AARP Walgreens PDP","Header_AllOther.eps","Timeline_PDP_GSG.eps","Call-Out.eps","Y0066_170619_154738 Accepted","PDEX18MP4104483_000","PDP_Header.eps","PDP_Subhead.eps","MAIL_Order_Bullet_90.eps","PDP_Bullet.eps","Walgreens_Bullet.eps","","","","","","","","","","","","","","","","","","","","","",""
***
"2001","H5420-003","Medica MAPD w/o Housecalls","Header_AllOther.eps","Timeline_withWelcomeCall.eps","Call-Out_SCO.eps","Y0066_170619_154738 Accepted","UHFL18MP4120685_000","Common_Header.eps","Common_Subhead.eps","AWV-PHY_Bullet.eps","HA_Bullet.eps","MAIL_Order_Bullet_90.eps","","","","","","","","","","","","","","","","","","","","","",""
***
"2001","H1045-001","PCP MAPD w/o Housecalls","Header_PCP.eps","Timeline_withWelcomeCall.eps","Call-Out_SCO.eps","Y0066_170619_154738 Accepted","UHFL18MP4120691_000","Common_Header.eps","Common_Subhead.eps","AWV-PHY_Bullet.eps","HA_Bullet.eps","MAIL_Order_Bullet_90.eps","","","","","","","","","","","","","","","","","","","","","",""
***
"2001","H1045-012","PCP/Medica DSNP w/o Housecalls","Header_AllOther.eps","Timeline_NoWelcomeCall.eps","Call-Out_SCO.eps","Y0066_170619_154738 Accepted","UHFL18MP4120698_000","Common_Header.eps","Common_Subhead.eps","AWV_Bullet.eps","HA_Bullet.eps","","","","","","","","","","","","","","","","","","","","","","",""
***
