ABW,Aruba
AFG,Afghanistan
AGO,Angola
AIA,Anguilla
ALB,Albania
AND,Andorra
ANT,Netherlands Antilles
ARE,United Arab Emirates
ARG,Argentina
ARM,Armenia
ASM,American Samoa
ATA,Antartica
ATF,French Southern Territories
ATG,Antigua and Barbuda
AUS,Australia
AUT,Austria
AZE,Azerbaijan
BDI,Burundi
BEL,Belgium
BEN,Benin
BFA,Burkina Faso
BGD,Bangladesh
BGR,Bulgaria
BHR,Bahrain
BHS,Bahamas
BIH,Bosnia and Herzegowina
BLR,Belarus
BLZ,Belize
BMU,Bermuda
BOL,Bolivia
BRA,Brazil
BRB,Barbados
BRN,Brunei Darussalam
BTN,Bhutan
BVT,Bouvet Island
BWA,Botswana
CAF,Central African Republic
CAN,Canada
CCK,Cocos (Keeling) Islands
CHE,Switzerland
CHL,Chile
CHN,China
CIV,Cote D'Ivoire
CMR,Cameroon
COG,Congo
COK,Cook Islands
COL,Colombia
COM,Comoros
CPV,Cape Verde
CRI,Costa Rica
CUB,Cuba
CXR,Christmas Island
CYM,Cayman Islands
CYP,Cyprus
CZE,Czech Republic
DEU,Germany
DJI,Djibouti
DMA,Dominica
DNK,Denmark
DOM,Dominican Republic
DZA,Algeria
ECU,Ecuador
EGY,Egypt
ERI,Eritrea
ESH,Western Sahara
ESP,Spain
EST,Estonia
ETH,Ethiopia
FIN,Finland
FJI,Fiji
FLK,Falkland Islands (Malvinas)
FRA,France
FRO,Faroe Islands
FSM,"Micronesia, Fed. States of"
FXX,"France, Metropolitan"
GAB,Gabon
GBR,United Kingdom
GEO,Georgia
GHA,Ghana
GIB,Gibraltar
GIN,Guinea
GLP,Guadeloupe
GMB,Gambia
GNB,Guinea-Bissau
GNQ,Equatorial Guinea
GRC,Greece
GRD,Grenada
GRL,Greenland
GTM,Guatemala
GUF,French Guiana
GUM,Guam
GUY,Guyana
HKG,Hong Kong
HMD,Heard and McDonald Islands
HND,Honduras
HRV,Croatia (Hrvatska)
HTI,Haiti
HUN,Hungary
IDN,Indonesia
IND,India
IOT,British Indian Ocean Territory
IRL,Ireland
IRN,Iran (Islamic Republic of)
IRQ,Iraq
ISL,Iceland
ISR,Israel
ITA,Italy
JAM,Jamaica
JOR,Jordan
JPN,Japan
KAZ,Kazakhstan
KEN,Kenya
KGZ,Kyrgyzstan
KHM,Cambodia
KIR,Kiribati
KNA,Saint Kitts and Nevis
KOR,"Korea, Republic of"
KWT,Kuwait
LAO,Lao People's Dem. Republic of
LBN,Lebanon
LBR,Liberia
LBY,Libyan Arab Jamahiriya
LCA,Saint Lucia
LIE,Liechtenstein
LKA,Sri Lanka
LSO,Lesotho
LTU,Lithuania
LUX,Luxembourg
LVA,Latvia
MAC,Macau
MAR,Morocco
MCO,Monaco
MDA,"Moldova, Republic of"
MDG,Madagascar
MDV,Maldives
MEX,Mexico
MHL,Marshall Islands
MKD,"Macedonia, Former Yugoslav Rep"
MLI,Mali
MLT,Malta
MMR,Myanmar
MNE,Montenegro
MNG,Mongolia
MNP,Northern Mariana Islands
MOZ,Mozambique
MRT,Mauritania
MSR,Montserrat
MTQ,Martinique
MUS,Mauritius
MWI,Malawi
MYS,Malaysia
MYT,Mayotte
NAM,Namibia
NCL,New Caledonia
NER,Niger
NFK,Norfolk Island
NGA,Nigeria
NIC,Nicaragua
NIU,Niue
NLD,Netherlands
NOR,Norway
NPL,Nepal
NRU,Nauru
NZL,New Zealand
OMN,Oman
PAK,Pakistan
PAN,Panama
PCN,Pitcairn
PER,Peru
PHL,Philippines
PLW,Palau
PNG,Papua New Guinea
POL,Poland
PRI,Puerto Rico
PRK,"Korea, Dem. People's Republic"
PRT,Portugal
PRY,Paraguay
PYF,French Polynesia
QAT,Qatar
REU,Reunion
ROM,Romania
RUS,Russian Federation
RWA,Rwanda
SAU,Saudi Arabia
SDN,Sudan
SEN,Senegal
SGP,Singapore
SGS,South Georgia & South Sandwich
SHN,St. Helena
SJM,Svalbard and Jan Mayen Islands
SLB,Solomon Islands
SLE,Sierra Leone
SLV,El Salvador
SMR,San Marino
SOM,Somalia
SPM,St. Pierre and Miquelon
SRB,Serbia
STP,Sao Tome and Principe
SUR,Suriname
SVK,Slovakia (Slovak Republic)
SVN,Slovenia
SWE,Sweden
SWZ,Swaziland
SYC,Seychelles
SYR,Syrian Arab Republic
TCA,Turks and Caicos Islands
TCD,Chad
TGO,Togo
THA,Thailand
TJK,Tajikistan
TKL,Tokelau
TKM,Turkmenistan
TMP,East Timor
TON,Tonga
TTO,Trinidad and Tobago
TUN,Tunisia
TUR,Turkey
TUV,Tuvalu
TWN,Taiwan
TZA,"Tanzania, United Republic of"
UGA,Uganda
UKR,Ukraine
UMI,US Minor Outlying Islands
URY,Uruguay
USA,United States
UZB,Uzbekistan
VAT,Vatican City State (Holy See)
VCT,St. Vincent & the Grenadines
VEN,Venezuela
VGB,Virgin Islands (British)
VIR,Virgin Islands (U.S.)
VNM,Viet Nam
VUT,Vanuatu
WLF,Wallis and Futuna Islands
WSM,Samoa
YEM,Yemen
YUG,Yugoslavia
ZAF,South Africa
ZAR,Zaire
ZMB,Zambia
ZWE,Zimbabwe
'1','1152','4/14/2014','EXT','NET90','7/13/2014','USD','Electronic Download','House','20062.5'
'2','55507','Terry Walsh','Saints IT Group','','','','','Canberra','','2601','AUS'
'3','55507','Liz Flynn','Department of Human Services - CSA','Child Support Agency','3rd floor, Chandler Building','40 Cameron Avenue','','Canberra','','2601','AUS'
'4','133'
'5','ELX080','ElixirViewer','1','0','0','0'
'5','','','','','',''
'6','8/1/2014','7/31/2015'
'4','133'
'5','ELX174','Opus Output Option - AFP','1','1050','787.5','25'
'5','','','','','',''
'6','8/1/2014','7/31/2015'
'4','133'
'5','ELX178','Opus Output Option - PDF','1','1050','787.5','25'
'5','','','','','',''
'6','8/1/2014','7/31/2015'
'4','133'
'5','ELX198','Opus Document Formatter for Central Server','1','0','0','25'
'5','','','','','',''
'6','8/1/2014','7/31/2015'
'4','133'
'5','ELX244','Opus Formatter for Designer','1','0','0','0'
'5','','','','','',''
'6','8/1/2014','7/31/2015'
'4','133'
'5','ELX245','Opus Designer','1','0','0','0'
'5','','','','','',''
'6','8/1/2014','7/31/2015'
'4','133'
'5','ELX497-S','Opus Production Pack Prem Solution','1','7440','5580','25'
'5','','','','','',''
'6','8/1/2014','7/31/2015'
'4','134'
'5','ELX080','ElixirViewer','1','0','0','0'
'5','','','','','',''
'6','8/1/2014','7/31/2015'
'4','134'
'5','ELX174','Opus Output Option - AFP','1','1050','787.5','25'
'5','','','','','',''
'6','8/1/2014','7/31/2015'
'4','134'
'5','ELX178','Opus Output Option - PDF','1','1050','787.5','25'
'5','','','','','',''
'6','8/1/2014','7/31/2015'
'4','134'
'5','ELX198','Opus Document Formatter for Central Server','4','0','0','0'
'5','','','','','',''
'6','8/1/2014','7/31/2015'
'4','134'
'5','ELX244','Opus Formatter for Designer','1','0','0','0'
'5','','','','','',''
'6','8/1/2014','7/31/2015'
'4','134'
'5','ELX245','Opus Designer','1','0','0','0'
'5','','','','','',''
'6','8/1/2014','7/31/2015'
'4','134'
'5','ELX497-S','Opus Production Pack Prem Solution','1','7440','5580','25'
'5','','','','','',''
'6','8/1/2014','7/31/2015'
'4','135'
'5','ELX001','Elixir Desktop & Converters for AFP','1','1320','990','25'
'5','','','','','',''
'6','8/1/2014','7/31/2015'
'4','135'
'5','ELX080','ElixirViewer','1','0','0','0'
'5','','','','','',''
'6','8/1/2014','7/31/2015'
'4','135'
'5','ELX244','Opus Formatter for Designer','1','0','0','0'
'5','','','','','',''
'6','8/1/2014','7/31/2015'
'4','135'
'5','ELX245','Opus Designer','1','0','0','0'
'5','','','','','',''
'6','8/1/2014','7/31/2015'
'4','135'
'5','ELX180-S','Opus Designer Pack Solution','1','1270','952.5','25'
'5','','','','','',''
'6','8/1/2014','7/31/2015'
'4','136'
'5','ELX080','ElixirViewer','1','0','0','0'
'5','','','','','',''
'6','8/1/2014','7/31/2015'
'4','136'
'5','ELX244','Opus Formatter for Designer','1','0','0','0'
'5','','','','','',''
'6','8/1/2014','7/31/2015'
'4','136'
'5','ELX245','Opus Designer','1','0','0','0'
'5','','','','','',''
'6','8/1/2014','7/31/2015'
'4','136'
'5','ELX180-S','Opus Designer Pack Solution','1','1270','952.5','25'
'5','','','','','',''
'6','8/1/2014','7/31/2015'
'4','137'
'5','ELX080','ElixirViewer','1','0','0','0'
'5','','','','','',''
'6','8/1/2014','7/31/2015'
'4','137'
'5','ELX244','Opus Formatter for Designer','1','0','0','0'
'5','','','','','',''
'6','8/1/2014','7/31/2015'
'4','137'
'5','ELX245','Opus Designer','1','0','0','0'
'5','','','','','',''
'6','8/1/2014','7/31/2015'
'4','137'
'5','ELX180-S','Opus Designer Pack Solution','1','1270','952.5','25'
'5','','','','','',''
'6','8/1/2014','7/31/2015'
'4','138'
'5','ELX080','ElixirViewer','1','0','0','0'
'5','','','','','',''
'6','8/1/2014','7/31/2015'
'4','138'
'5','ELX244','Opus Formatter for Designer','1','0','0','0'
'5','','','','','',''
'6','8/1/2014','7/31/2015'
'4','138'
'5','ELX245','Opus Designer','1','0','0','0'
'5','','','','','',''
'6','8/1/2014','7/31/2015'
'4','138'
'5','ELX180-S','Opus Designer Pack Solution','1','1270','952.5','25'
'5','','','','','',''
'6','8/1/2014','7/31/2015'
'4','139'
'5','ELX080','ElixirViewer','1','0','0','0'
'5','','','','','',''
'6','8/1/2014','7/31/2015'
'4','139'
'5','ELX244','Opus Formatter for Designer','1','0','0','0'
'5','','','','','',''
'6','8/1/2014','7/31/2015'
'4','139'
'5','ELX245','Opus Designer','1','0','0','0'
'5','','','','','',''
'6','8/1/2014','7/31/2015'
'4','139'
'5','ELX180-S','Opus Designer Pack Solution','1','1270','952.5','25'
'5','','.','','','',''
'6','8/1/2014','7/31/2015'
'4','5697'
'5','ELX174','Opus Output Option - AFP','1','0','0','0'
'5','','','','','',''
'6','8/1/2014','7/31/2015'
'4','5697'
'5','ELX180','Opus Designer Pack','1','0','0','0'
'5','','','','','',''
'6','8/1/2014','7/31/2015'
'4','5697'
'5','ELX198','Opus Document Formatter for Central Server','2','0','0','0'
'5','','','','','',''
'6','8/1/2014','7/31/2015'
'4','5697'
'5','ELX205','Opus Output Option - HTML','1','0','0','0'
'5','','','','','',''
'6','8/1/2014','7/31/2015'
'4','5697'
'5','ELX455','Opus Express','1','0','0','0'
'5','','','','','',''
'6','8/1/2014','7/31/2015'
'4','-1'
'7','1152'
'8','',''
'9','11974','04','Renewal'
*****
'1','1311','7/23/2014','EXT','NET90','10/21/2014','USD','','House','20062.5'
'2','55507','Terry Walsh','Saints IT Group','','','','','Canberra','','2601','AUS'
'3','55507','Liz Flynn','Department of Human Services - CSA','Child Support Agency','3rd floor, Chandler Building','40 Cameron Avenue','','Canberra','','2601','AUS'
'4','133'
'5','ELX080','ElixirViewer','1','0','0','0'
'5','','','','','',''
'6','8/1/2014','7/31/2015'
'4','133'
'5','ELX174','Opus Output Option - AFP','1','1050','787.5','25'
'5','','','','','',''
'6','8/1/2014','7/31/2015'
'4','133'
'5','ELX178','Opus Output Option - PDF','1','1050','787.5','25'
'5','','','','','',''
'6','8/1/2014','7/31/2015'
'4','133'
'5','ELX198','Opus Document Formatter for Central Server','1','0','0','25'
'5','','','','','',''
'6','8/1/2014','7/31/2015'
'4','133'
'5','ELX244','Opus Formatter for Designer','1','0','0','0'
'5','','','','','',''
'6','8/1/2014','7/31/2015'
'4','133'
'5','ELX245','Opus Designer','1','0','0','0'
'5','','','','','',''
'6','8/1/2014','7/31/2015'
'4','133'
'5','ELX497-S','Opus Production Pack Prem Solution','1','7440','5580','25'
'5','','','','','',''
'6','8/1/2014','7/31/2015'
'4','134'
'5','ELX080','ElixirViewer','1','0','0','0'
'5','','','','','',''
'6','8/1/2014','7/31/2015'
'4','134'
'5','ELX174','Opus Output Option - AFP','1','1050','787.5','25'
'5','','','','','',''
'6','8/1/2014','7/31/2015'
'4','134'
'5','ELX178','Opus Output Option - PDF','1','1050','787.5','25'
'5','','','','','',''
'6','8/1/2014','7/31/2015'
'4','134'
'5','ELX198','Opus Document Formatter for Central Server','4','0','0','0'
'5','','','','','',''
'6','8/1/2014','7/31/2015'
'4','134'
'5','ELX244','Opus Formatter for Designer','1','0','0','0'
'5','','','','','',''
'6','8/1/2014','7/31/2015'
'4','134'
'5','ELX245','Opus Designer','1','0','0','0'
'5','','','','','',''
'6','8/1/2014','7/31/2015'
'4','134'
'5','ELX497-S','Opus Production Pack Prem Solution','1','7440','5580','25'
'5','','','','','',''
'6','8/1/2014','7/31/2015'
'4','135'
'5','ELX001','Elixir Desktop & Converters for AFP','1','1320','990','25'
'5','','','','','',''
'6','8/1/2014','7/31/2015'
'4','135'
'5','ELX080','ElixirViewer','1','0','0','0'
'5','','','','','',''
'6','8/1/2014','7/31/2015'
'4','135'
'5','ELX244','Opus Formatter for Designer','1','0','0','0'
'5','','','','','',''
'6','8/1/2014','7/31/2015'
'4','135'
'5','ELX245','Opus Designer','1','0','0','0'
'5','','','','','',''
'6','8/1/2014','7/31/2015'
'4','135'
'5','ELX180-S','Opus Designer Pack Solution','1','1270','952.5','25'
'5','','','','','',''
'6','8/1/2014','7/31/2015'
'4','136'
'5','ELX080','ElixirViewer','1','0','0','0'
'5','','','','','',''
'6','8/1/2014','7/31/2015'
'4','136'
'5','ELX244','Opus Formatter for Designer','1','0','0','0'
'5','','','','','',''
'6','8/1/2014','7/31/2015'
'4','136'
'5','ELX245','Opus Designer','1','0','0','0'
'5','','','','','',''
'6','8/1/2014','7/31/2015'
'4','136'
'5','ELX180-S','Opus Designer Pack Solution','1','1270','952.5','25'
'5','','','','','',''
'6','8/1/2014','7/31/2015'
'4','137'
'5','ELX080','ElixirViewer','1','0','0','0'
'5','','','','','',''
'6','8/1/2014','7/31/2015'
'4','137'
'5','ELX244','Opus Formatter for Designer','1','0','0','0'
'5','','','','','',''
'6','8/1/2014','7/31/2015'
'4','137'
'5','ELX245','Opus Designer','1','0','0','0'
'5','','','','','',''
'6','8/1/2014','7/31/2015'
'4','137'
'5','ELX180-S','Opus Designer Pack Solution','1','1270','952.5','25'
'5','','','','','',''
'6','8/1/2014','7/31/2015'
'4','138'
'5','ELX080','ElixirViewer','1','0','0','0'
'5','','','','','',''
'6','8/1/2014','7/31/2015'
'4','138'
'5','ELX244','Opus Formatter for Designer','1','0','0','0'
'5','','','','','',''
'6','8/1/2014','7/31/2015'
'4','138'
'5','ELX245','Opus Designer','1','0','0','0'
'5','','','','','',''
'6','8/1/2014','7/31/2015'
'4','138'
'5','ELX180-S','Opus Designer Pack Solution','1','1270','952.5','25'
'5','','','','','',''
'6','8/1/2014','7/31/2015'
'4','139'
'5','ELX080','ElixirViewer','1','0','0','0'
'5','','','','','',''
'6','8/1/2014','7/31/2015'
'4','139'
'5','ELX244','Opus Formatter for Designer','1','0','0','0'
'5','','','','','',''
'6','8/1/2014','7/31/2015'
'4','139'
'5','ELX245','Opus Designer','1','0','0','0'
'5','','','','','',''
'6','8/1/2014','7/31/2015'
'4','139'
'5','ELX180-S','Opus Designer Pack Solution','1','1270','952.5','25'
'5','','.','','','',''
'6','8/1/2014','7/31/2015'
'4','5697'
'5','ELX174','Opus Output Option - AFP','1','0','0','0'
'5','','','','','',''
'6','8/1/2014','7/31/2015'
'4','5697'
'5','ELX180','Opus Designer Pack','1','0','0','0'
'5','','','','','',''
'6','8/1/2014','7/31/2015'
'4','5697'
'5','ELX198','Opus Document Formatter for Central Server','2','0','0','0'
'5','','','','','',''
'6','8/1/2014','7/31/2015'
'4','5697'
'5','ELX205','Opus Output Option - HTML','1','0','0','0'
'5','','','','','',''
'6','8/1/2014','7/31/2015'
'4','5697'
'5','ELX455','Opus Express','1','0','0','0'
'5','','','','','',''
'6','8/1/2014','7/31/2015'
'4','-1'
'7','1152'
'8','',''
'9','11974','04',''
*****
'1','1152','4/14/2014','EXT','NET90','7/13/2014','USD','Electronic Download','House','20062.5'
'2','55507','Terry Walsh','Saints IT Group','','','','','Canberra','','2601','AUS'
'3','55507','Liz Flynn','Department of Human Services - CSA','Child Support Agency','3rd floor, Chandler Building','40 Cameron Avenue','','Canberra','','2601','AUS'
'4','133'
'5','ELX080','ElixirViewer','1','0','0','0'
'5','','','','','',''
'6','8/1/2014','7/31/2015'
'4','133'
'5','ELX174','Opus Output Option - AFP','1','1050','787.5','25'
'5','','','','','',''
'6','8/1/2014','7/31/2015'
'4','133'
'5','ELX178','Opus Output Option - PDF','1','1050','787.5','25'
'5','','','','','',''
'6','8/1/2014','7/31/2015'
'4','133'
'5','ELX198','Opus Document Formatter for Central Server','1','0','0','25'
'5','','','','','',''
'6','8/1/2014','7/31/2015'
'4','133'
'5','ELX205','Opus Output Option - HTML','1','1170','877.5','25'
'5','','','','','',''
'6','8/1/2014','7/31/2015'
'4','133'
'5','ELX244','Opus Formatter for Designer','1','0','0','0'
'5','','','','','',''
'6','8/1/2014','7/31/2015'
'4','133'
'5','ELX245','Opus Designer','1','0','0','0'
'5','','','','','',''
'6','8/1/2014','7/31/2015'
'4','133'
'5','ELX497-S','Opus Production Pack Prem Solution','1','7440','5580','25'
'5','','','','','',''
'6','8/1/2014','7/31/2015'
'4','134'
'5','ELX080','ElixirViewer','1','0','0','0'
'5','','','','','',''
'6','8/1/2014','7/31/2015'
'4','134'
'5','ELX174','Opus Output Option - AFP','1','1050','787.5','25'
'5','','','','','',''
'6','8/1/2014','7/31/2015'
'4','134'
'5','ELX178','Opus Output Option - PDF','1','1050','787.5','25'
'5','','','','','',''
'6','8/1/2014','7/31/2015'
'4','134'
'5','ELX198','Opus Document Formatter for Central Server','4','0','0','0'
'5','','','','','',''
'6','8/1/2014','7/31/2015'
'4','134'
'5','ELX205','Opus Output Option - HTML','1','1170','877.5','25'
'5','','','','','',''
'6','8/1/2014','7/31/2015'
'4','134'
'5','ELX244','Opus Formatter for Designer','1','0','0','0'
'5','','','','','',''
'6','8/1/2014','7/31/2015'
'4','134'
'5','ELX245','Opus Designer','1','0','0','0'
'5','','','','','',''
'6','8/1/2014','7/31/2015'
'4','134'
'5','ELX497-S','Opus Production Pack Prem Solution','1','7440','5580','25'
'5','','','','','',''
'6','8/1/2014','7/31/2015'
'4','135'
'5','ELX001','Elixir Desktop & Converters for AFP','1','1320','990','25'
'5','','','','','',''
'6','8/1/2014','7/31/2015'
'4','135'
'5','ELX080','ElixirViewer','1','0','0','0'
'5','','','','','',''
'6','8/1/2014','7/31/2015'
'4','135'
'5','ELX244','Opus Formatter for Designer','1','0','0','0'
'5','','','','','',''
'6','8/1/2014','7/31/2015'
'4','135'
'5','ELX245','Opus Designer','1','0','0','0'
'5','','','','','',''
'6','8/1/2014','7/31/2015'
'4','135'
'5','ELX180-S','Opus Designer Pack Solution','1','1270','952.5','25'
'5','','','','','',''
'6','8/1/2014','7/31/2015'
'4','136'
'5','ELX080','ElixirViewer','1','0','0','0'
'5','','','','','',''
'6','8/1/2014','7/31/2015'
'4','136'
'5','ELX244','Opus Formatter for Designer','1','0','0','0'
'5','','','','','',''
'6','8/1/2014','7/31/2015'
'4','136'
'5','ELX245','Opus Designer','1','0','0','0'
'5','','','','','',''
'6','8/1/2014','7/31/2015'
'4','136'
'5','ELX180-S','Opus Designer Pack Solution','1','1270','952.5','25'
'5','','','','','',''
'6','8/1/2014','7/31/2015'
'4','137'
'5','ELX080','ElixirViewer','1','0','0','0'
'5','','','','','',''
'6','8/1/2014','7/31/2015'
'4','137'
'5','ELX244','Opus Formatter for Designer','1','0','0','0'
'5','','','','','',''
'6','8/1/2014','7/31/2015'
'4','137'
'5','ELX245','Opus Designer','1','0','0','0'
'5','','','','','',''
'6','8/1/2014','7/31/2015'
'4','137'
'5','ELX180-S','Opus Designer Pack Solution','1','1270','952.5','25'
'5','','','','','',''
'6','8/1/2014','7/31/2015'
'4','138'
'5','ELX080','ElixirViewer','1','0','0','0'
'5','','','','','',''
'6','8/1/2014','7/31/2015'
'4','138'
'5','ELX244','Opus Formatter for Designer','1','0','0','0'
'5','','','','','',''
'6','8/1/2014','7/31/2015'
'4','138'
'5','ELX245','Opus Designer','1','0','0','0'
'5','','','','','',''
'6','8/1/2014','7/31/2015'
'4','138'
'5','ELX180-S','Opus Designer Pack Solution','1','1270','952.5','25'
'5','','','','','',''
'6','8/1/2014','7/31/2015'
'4','139'
'5','ELX080','ElixirViewer','1','0','0','0'
'5','','','','','',''
'6','8/1/2014','7/31/2015'
'4','139'
'5','ELX244','Opus Formatter for Designer','1','0','0','0'
'5','','','','','',''
'6','8/1/2014','7/31/2015'
'4','139'
'5','ELX245','Opus Designer','1','0','0','0'
'5','','','','','',''
'6','8/1/2014','7/31/2015'
'4','139'
'5','ELX180-S','Opus Designer Pack Solution','1','1270','952.5','25'
'5','','.','','','',''
'6','8/1/2014','7/31/2015'
'4','5697'
'5','ELX174','Opus Output Option - AFP','1','0','0','0'
'5','','','','','',''
'6','8/1/2014','7/31/2015'
'4','5697'
'5','ELX180','Opus Designer Pack','1','0','0','0'
'5','','','','','',''
'6','8/1/2014','7/31/2015'
'4','5697'
'5','ELX198','Opus Document Formatter for Central Server','2','0','0','0'
'5','','','','','',''
'6','8/1/2014','7/31/2015'
'4','5697'
'5','ELX205','Opus Output Option - HTML','1','0','0','0'
'5','','','','','',''
'6','8/1/2014','7/31/2015'
'4','5697'
'5','ELX455','Opus Express','1','0','0','0'
'5','','','','','',''
'6','8/1/2014','7/31/2015'
'4','-1'
'7','1152'
'8','',''
'9','11974','04','Renewal'
*****
'1','2129','7/7/2014','REISSUE','NET30','8/6/2014','USD','Electronic Download','House','31824'
'2','7416','Business Services','Infrastructure Technology Services','Management Board Secretariate','','','','Toronto','ON','M5H 3B7','CAN'
'3','7416','Business Services','Infrastructure Technology Services','Management Board Secretariate','','','','Toronto','ON','M5H 3B7','CAN'
'4','1855'
'5','ELX371','DesignPro Tools for AFP Migration Package','1','10608','10608','0'
'5','','','','','',''
'6','1/1/2015','12/31/2016'
'4','3747'
'5','ELX371','DesignPro Tools for AFP Migration Package','1','10608','10608','0'
'5','','','','','',''
'6','1/1/2015','12/31/2016'
'4','5892'
'5','ELX348','DesignPro Tools for AFP','1','10608','10608','0'
'5','','* * * ','','','',''
'5','','Price is for advance renewal and','','','',''
'5','',' is due now to obtain the quoted prices.','','','',''
'5','','* * * ','','','',''
'6','1/1/2015','12/31/2016'
'4','-1'
'7','2129'
'8','',''
'9','7416','01','Quote'
*****
'1','2930','4/21/2015','SOW# 8 YR# 2','NET40','5/31/2015','USD','Electronic Download','House','18000'
'2','56232','Raymond Stultz','United Health Group Payment Services','Mail Route MN005-N100','5640 Smetana Drive','','','Minnetonka','MN','55343','USA'
'3','56232','Carmen Wilson','United HealthCare Services Inc','9900 Bren Road East','','','','Minnetonka','MN','55343','USA'
'4','9002'
'5','ASP-SS 2+','ASP Service Fee & Support Svcs (YR2+)','1','18000','18000','0'
'5','','','','','',''
'6','4/15/2015','5/14/2015'
'4','-1'
'7','2930'
'8','',''
'9','56233','01','Renewal'
*****
1|5002|12/22/2015|1546-114652|RECEIPT|12/22/2015|USD||House|58416|IT&SERVICES|C
2|56302|Faeza Salehbhai|System Solutions Inc|3630 Commercial Ave||||Northbrook|IL|60062|USA
3|56302|AnnMarie Anderson|State of Illinois - Div of Inf Srvcs|2200 Churchill Rd., C-3||||Springfield|IL|62702|USA
4|8849
5|ELX461-S|Opus WebService Solution|1|2496|2496|0
5||||||
6|1/1/2016|12/31/2016
4|8849
5|ELX461|Opus Web Services|2|0|0|0
5||||||
6|1/1/2016|12/31/2016
4|8849
5|ELX299|Opus30 Document Composition System|1|2080|2080|0
5||||||
6|1/1/2016|12/31/2016
4|8849
5|ELX297|Opus 30 code|3|0|0|0
5||||||
6|1/1/2016|12/31/2016
4|8849
5|ELX198|Opus Document Formatter for Central Server|1|0|0|0
5||||||
6|1/1/2016|12/31/2016
4|8849
5|ELX180|Opus Designer Pack|1|0|0|0
5||||||
6|1/1/2016|12/31/2016
4|8849
5|ELX179|Opus Output Option - PCL|1|0|0|0
5||||||
6|1/1/2016|12/31/2016
4|8849
5|ELX178|Opus Output Option - PDF|1|0|0|0
5||||||
6|1/1/2016|12/31/2016
4|8850
5|ELX974|Opus Virtualization Enabled|1|0|0|0
5||||||
6|1/1/2016|12/31/2016
4|8850
5|ELX461|Opus Web Services|2|0|0|0
5||||||
6|1/1/2016|12/31/2016
4|8850
5|ELX299|Opus30 Document Composition System|1|2080|2080|0
5||||||
6|1/1/2016|12/31/2016
4|8850
5|ELX297|Opus 30 code|3|0|0|0
5||||||
6|1/1/2016|12/31/2016
4|8850
5|ELX198|Opus Document Formatter for Central Server|1|0|0|0
5||||||
6|1/1/2016|12/31/2016
4|8850
5|ELX180|Opus Designer Pack|1|0|0|0
5||||||
6|1/1/2016|12/31/2016
4|8850
5|ELX179|Opus Output Option - PCL|1|0|0|0
5||||||
6|1/1/2016|12/31/2016
4|8850
5|ELX178|Opus Output Option - PDF|1|0|0|0
5||||||
6|1/1/2016|12/31/2016
4|8850
5|ELX461-S|Opus WebService Solution|1|2496|2496|0
5||||||
6|1/1/2016|12/31/2016
4|8851
5|ELX461|Opus Web Services|2|0|0|0
5||||||
6|1/1/2016|12/31/2016
4|8851
5|ELX299|Opus30 Document Composition System|1|2080|2080|0
5||||||
6|1/1/2016|12/31/2016
4|8851
5|ELX297|Opus 30 code|3|0|0|0
5||||||
6|1/1/2016|12/31/2016
4|8851
5|ELX198|Opus Document Formatter for Central Server|1|0|0|0
5||||||
6|1/1/2016|12/31/2016
4|8851
5|ELX180|Opus Designer Pack|1|0|0|0
5||||||
6|1/1/2016|12/31/2016
4|8851
5|ELX179|Opus Output Option - PCL|1|0|0|0
5||||||
6|1/1/2016|12/31/2016
4|8851
5|ELX178|Opus Output Option - PDF|1|0|0|0
5||||||
6|1/1/2016|12/31/2016
4|8854
5|ELX080|ElixirViewer|1|0|0|0
5||||||
6|1/1/2016|12/31/2016
4|8854
5|ELX198|Opus Document Formatter for Central Server|1|0|0|0
5||||||
6|1/1/2016|12/31/2016
4|8854
5|ELX244|Opus Formatter for Designer|1|0|0|0
5||||||
6|1/1/2016|12/31/2016
4|8854
5|ELX245|Opus Designer|1|0|0|0
5||||||
6|1/1/2016|12/31/2016
4|8854
5|ELX497-S|Opus Production Pack Prem Solution|1|0|0|0
5||||||
6|1/1/2016|12/31/2016
4|8854
5|ELX461|Opus Web Services|2|0|0|0
5||||||
6|1/1/2016|12/31/2016
4|8854
5|ELX179|Opus Output Option - PCL|1|0|0|0
5||||||
6|1/1/2016|12/31/2016
4|8854
5|ELX178|Opus Output Option - PDF|1|0|0|0
5||||||
6|1/1/2016|12/31/2016
4|8855
5|ELX974|Opus Virtualization Enabled|1|0|0|0
5||||||
6|1/1/2016|12/31/2016
4|8855
5|ELX180|Opus Designer Pack|1|698|698|0
5||||||
6|1/1/2016|12/31/2016
4|8856
5|ELX974|Opus Virtualization Enabled|1|0|0|0
5||||||
6|1/1/2016|12/31/2016
4|8856
5|ELX180|Opus Designer Pack|1|698|698|0
5||||||
6|1/1/2016|12/31/2016
4|8857
5|ELX974|Opus Virtualization Enabled|1|0|0|0
5||||||
6|1/1/2016|12/31/2016
4|8857
5|ELX180|Opus Designer Pack|1|698|698|0
5||||||
6|1/1/2016|12/31/2016
4|8858
5|ELX974|Opus Virtualization Enabled|1|0|0|0
5||||||
6|1/1/2016|12/31/2016
4|8858
5|ELX180|Opus Designer Pack|1|698|698|0
5||||||
6|1/1/2016|12/31/2016
4|8859
5|ELX974|Opus Virtualization Enabled|1|0|0|0
5||||||
6|1/1/2016|12/31/2016
4|8859
5|ELX180|Opus Designer Pack|1|698|698|0
5||||||
6|1/1/2016|12/31/2016
4|8860
5|ELX847|DesignPro Tools Virtualization Enabled|1|0|0|0
5||||||
6|1/1/2016|12/31/2016
4|8860
5|ELX345|DesignPro Tools (Xerox)|1|3433|3433|0
5||||||
6|1/1/2016|12/31/2016
4|8861
5|ELX345|DesignPro Tools (Xerox)|1|3433|3433|0
5||||||
6|1/1/2016|12/31/2016
4|8861
5|ELX847|DesignPro Tools Virtualization Enabled|1|0|0|0
5||||||
6|1/1/2016|12/31/2016
4|9257
5|ELX497-S|Opus Production Pack Prem Solution|1|2497|2497|0
5||||||
6|1/1/2016|12/31/2016
4|9257
5|ELX244|Opus Formatter for Designer|1|0|0|0
5||||||
6|1/1/2016|12/31/2016
4|9257
5|ELX974|Opus Virtualization Enabled|1|0|0|0
5||||||
6|1/1/2016|12/31/2016
4|9257
5|ELX179|Opus Output Option - PCL|1|0|0|0
5||||||
6|1/1/2016|12/31/2016
4|9257
5|ELX178|Opus Output Option - PDF|1|0|0|0
5||||||
6|1/1/2016|12/31/2016
4|9257
5|ELX198|Opus Document Formatter for Central Server|1|0|0|0
5||||||
6|1/1/2016|12/31/2016
4|9257
5|ELX080|ElixirViewer|1|0|0|0
5||||||
6|1/1/2016|12/31/2016
4|9257
5|ELX245|Opus Designer|1|0|0|0
5||||||
6|1/1/2016|12/31/2016
4|9258
5|ELX461|Opus WebServices|2|0|0|0
5||||||
6|1/1/2016|12/31/2016
4|9258
5|ELX461-S|Opus WebService Solution|1|1248|1248|0
5||||||
6|1/1/2016|12/31/2016
4|9258
5|ELX974|Opus Virtualization Enabled|1|0|0|0
5||||||
6|1/1/2016|12/31/2016
4|9258
5|ELX180|Opus Designer Pack|1|0|0|0
5||||||
6|1/1/2016|12/31/2016
4|9259
5|ELX974|Opus Virtualization Enabled|1|0|0|0
5||||||
6|1/1/2016|12/31/2016
4|9259
5|ELX180|Opus Designer Pack|1|0|0|0
5||||||
6|1/1/2016|12/31/2016
4|9259
5|ELX461|Opus WebServices|2|0|0|0
5||||||
6|1/1/2016|12/31/2016
4|9259
5|ELX461-S|Opus WebService Solution|1|1248|1248|0
5||||||
6|1/1/2016|12/31/2016
4|9260
5|ELX634|Opus Load Balancing Server|1|1040|1040|0
5||||||
6|1/1/2016|12/31/2016
4|9260
5|ELX974|Opus Virtualization Enabled|1|0|0|0
5||||||
6|1/1/2016|12/31/2016
4|9261
5|ELX974|Opus Virtualization Enabled|1|0|0|0
5||||||
6|1/1/2016|12/31/2016
4|9261
5|ELX179|Opus Output Option - PCL|1|0|0|0
5||||||
6|1/1/2016|12/31/2016
4|9261
5|ELX178|Opus Output Option - PDF|1|0|0|0
5||||||
6|1/1/2016|12/31/2016
4|9261
5|ELX080|ElixirViewer|1|0|0|0
5||||||
6|1/1/2016|12/31/2016
4|9261
5|ELX198|Opus Document Formatter for Central Server|1|0|0|0
5||||||
6|1/1/2016|12/31/2016
4|9261
5|ELX245|Opus Designer|1|0|0|0
5||||||
6|1/1/2016|12/31/2016
4|9261
5|ELX244|Opus Formatter for Designer|1|0|0|0
5||||||
6|1/1/2016|12/31/2016
4|9261
5|ELX497-S|Opus Production Pack Prem Solution|1|2497|2497|0
5||||||
6|1/1/2016|12/31/2016
4|9378
5|ELX244|Opus Formatter for Designer|1|0|0|0
5||||||
6|1/1/2016|12/31/2016
4|9378
5|ELX245|Opus Designer|1|0|0|0
5||||||
6|1/1/2016|12/31/2016
4|9378
5|ELX080|ElixirViewer|1|0|0|0
5||||||
6|1/1/2016|12/31/2016
4|9378
5|ELX974|Opus Virtualization Enabled|1|0|0|0
5||||||
6|1/1/2016|12/31/2016
4|9378
5|ELX179|Opus Output Option - PCL|1|0|0|0
5||||||
6|1/1/2016|12/31/2016
4|9378
5|ELX178|Opus Output Option - PDF|1|0|0|0
5||||||
6|1/1/2016|12/31/2016
4|9378
5|ELX198|Opus Document Formatter for Central Server|1|0|0|0
5||||||
6|1/1/2016|12/31/2016
4|9378
5|ELX497-S|Opus Production Pack Prem Solution|1|8115|8115|0
5||||||
6|1/1/2016|12/31/2016
4|9379
5|ELX080|ElixirViewer|1|0|0|0
5||||||
6|1/1/2016|12/31/2016
4|9379
5|ELX974|Opus Virtualization Enabled|1|0|0|0
5||||||
6|1/1/2016|12/31/2016
4|9379
5|ELX244|Opus Formatter for Designer|1|0|0|0
5||||||
6|1/1/2016|12/31/2016
4|9379
5|ELX245|Opus Designer|1|0|0|0
5||||||
6|1/1/2016|12/31/2016
4|9379
5|ELX179|Opus Output Option - PCL|1|0|0|0
5||||||
6|1/1/2016|12/31/2016
4|9379
5|ELX178|Opus Output Option - PDF|1|0|0|0
5||||||
6|1/1/2016|12/31/2016
4|9379
5|ELX198|Opus Document Formatter for Central Server|1|0|0|0
5||||||
6|1/1/2016|12/31/2016
4|9379
5|ELX497-S|Opus Production Pack Prem Solution|1|8115|8115|0
5||||||
6|1/1/2016|12/31/2016
4|9380
5|ELX461-S|Opus WebService Solution|1|2497|2497|0
5||||||
6|1/1/2016|12/31/2016
4|9380
5|ELX080|ElixirViewer|1|0|0|0
5||||||
6|1/1/2016|12/31/2016
4|9380
5|ELX974|Opus Virtualization Enabled|1|0|0|0
5||||||
6|1/1/2016|12/31/2016
4|9380
5|ELX244|Opus Formatter for Designer|1|0|0|0
5||||||
6|1/1/2016|12/31/2016
4|9380
5|ELX245|Opus Designer|1|0|0|0
5||||||
6|1/1/2016|12/31/2016
4|9380
5|ELX461|Opus WebServices|2|0|0|0
5||||||
6|1/1/2016|12/31/2016
4|9381
5|ELX974|Opus Virtualization Enabled|1|0|0|0
5||||||
6|1/1/2016|12/31/2016
4|9381
5|ELX080|ElixirViewer|1|0|0|0
5||||||
6|1/1/2016|12/31/2016
4|9381
5|ELX244|Opus Formatter for Designer|1|0|0|0
5||||||
6|1/1/2016|12/31/2016
4|9381
5|ELX245|Opus Designer|1|0|0|0
5||||||
6|1/1/2016|12/31/2016
4|9381
5|ELX461|Opus WebServices|2|0|0|0
5||||||
6|1/1/2016|12/31/2016
4|9381
5|ELX461-S|Opus WebService Solution|1|2497|2497|0
5||||||
6|1/1/2016|12/31/2016
4|9382
5|ELX974|Opus Virtualization Enabled|1|0|0|0
5||||||
6|1/1/2016|12/31/2016
4|9382
5|ELX634|Opus Load Balancing Server|1|1040|1040|0
5||||||
6|1/1/2016|12/31/2016
4|9387
5|ELX974|Opus Virtualization Enabled|1|0|0|0
5||||||
6|1/1/2016|12/31/2016
4|9387
5|ELX080|ElixirViewer|1|0|0|0
5||||||
6|1/1/2016|12/31/2016
4|9387
5|ELX244|Opus Formatter for Designer|1|0|0|0
5||||||
6|1/1/2016|12/31/2016
4|9387
5|ELX245|Opus Designer|1|0|0|0
5||||||
6|1/1/2016|12/31/2016
4|9387
5|ELX179|Opus Output Option - PCL|1|0|0|0
5||||||
6|1/1/2016|12/31/2016
4|9387
5|ELX178|Opus Output Option - PDF|1|0|0|0
5||||||
6|1/1/2016|12/31/2016
4|9387
5|ELX497-S|Opus Production Pack Prem Solution|1|2497|2497|0
5||||||
6|1/1/2016|12/31/2016
4|9388
5|ELX974|Opus Virtualization Enabled|1|0|0|0
5||||||
6|1/1/2016|12/31/2016
4|9388
5|ELX080|ElixirViewer|1|0|0|0
5||||||
6|1/1/2016|12/31/2016
4|9388
5|ELX244|Opus Formatter for Designer|1|0|0|0
5||||||
6|1/1/2016|12/31/2016
4|9388
5|ELX245|Opus Designer|1|0|0|0
5||||||
6|1/1/2016|12/31/2016
4|9388
5|ELX179|Opus Output Option - PCL|1|0|0|0
5||||||
6|1/1/2016|12/31/2016
4|9388
5|ELX178|Opus Output Option - PDF|1|0|0|0
5||||||
6|1/1/2016|12/31/2016
4|9388
5|ELX497-S|Opus Production Pack Prem Solution|1|2497|2497|0
5||||||
6|1/1/2016|12/31/2016
4|9389
5|ELX974|Opus Virtualization Enabled|1|0|0|0
5||||||
6|1/1/2016|12/31/2016
4|9389
5|ELX080|ElixirViewer|1|0|0|0
5||||||
6|1/1/2016|12/31/2016
4|9389
5|ELX244|Opus Formatter for Designer|1|0|0|0
5||||||
6|1/1/2016|12/31/2016
4|9389
5|ELX245|Opus Designer|1|0|0|0
5||||||
6|1/1/2016|12/31/2016
4|9389
5|ELX461|Opus WebServices|2|0|0|0
5||||||
6|1/1/2016|12/31/2016
4|9389
5|ELX461-S|Opus WebService Solution|1|0|0|0
5||||||
6|1/1/2016|12/31/2016
4|9390
5|ELX974|Opus Virtualization Enabled|1|0|0|0
5||||||
6|1/1/2016|12/31/2016
4|9390
5|ELX080|ElixirViewer|1|0|0|0
5||||||
6|1/1/2016|12/31/2016
4|9390
5|ELX244|Opus Formatter for Designer|1|0|0|0
5||||||
6|1/1/2016|12/31/2016
4|9390
5|ELX245|Opus Designer|1|0|0|0
5||||||
6|1/1/2016|12/31/2016
4|9390
5|ELX461|Opus WebServices|2|0|0|0
5||||||
6|1/1/2016|12/31/2016
4|9390
5|ELX461-S|Opus WebService Solution|1|0|0|0
5||||||
6|1/1/2016|12/31/2016
4|9391
5|ELX974|Opus Virtualization Enabled|1|0|0|0
5||||||
6|1/1/2016|12/31/2016
4|9391
5|ELX634|Opus Load Balancing Server|1|1040|1040|0
5||||||
6|1/1/2016|12/31/2016
4|-1
7|3404
8||
9|56207|01|
*****
