'1','2129','7/7/2014','REISSUE','NET30','8/6/2014','USD','Electronic Download','House','31824'
'2','7416','Business Services','Infrastructure Technology Services','Management Board Secretariate','','','','Toronto','ON','M5H 3B7','CAN'
'3','7416','Business Services','Infrastructure Technology Services','Management Board Secretariate','','','','Toronto','ON','M5H 3B7','CAN'
'4','1855'
'5','ELX371','DesignPro Tools for AFP Migration Package','1','10608','10608','0'
'5','','','','','',''
'6','1/1/2015','12/31/2016'
'4','3747'
'5','ELX371','DesignPro Tools for AFP Migration Package','1','10608','10608','0'
'5','','','','','',''
'6','1/1/2015','12/31/2016'
'4','5892'
'5','ELX348','DesignPro Tools for AFP','1','10608','10608','0'
'5','','* * * ','','','',''
'5','','Price is for advance renewal and','','','',''
'5','',' is due now to obtain the quoted prices.','','','',''
'5','','* * * ','','','',''
'6','1/1/2015','12/31/2016'
'4','-1'
'7','2129'
'8','',''
'9','7416','01','Quote'
*****
