'1','2930','4/21/2015','SOW# 8 YR# 2','NET40','5/31/2015','USD','Electronic Download','House','18000'
'2','56232','Raymond Stultz','United Health Group Payment Services','Mail Route MN005-N100','5640 Smetana Drive','','','Minnetonka','MN','55343','USA'
'3','56232','Carmen Wilson','United HealthCare Services Inc','9900 Bren Road East','','','','Minnetonka','MN','55343','USA'
'4','9002'
'5','ASP-SS 2+','ASP Service Fee & Support Svcs (YR2+)','1','18000','18000','0'
'5','','','','','',''
'6','4/15/2015','5/14/2015'
'4','-1'
'7','2930'
'8','',''
'9','56233','01','Renewal'
*****
