Group Code ($GRP$) Company Code ($CO$),Window Envelope ($WINDOW$),Return Envelope ($RETURN$),Form Number,Comment ($GROUPCODECOMMENT$),Page Definition  ,Form Definition,Enclosure ($ENCLO$)
char(5),int(5),int(5),int(4),char(50),char(5),char(5),int(5)
01A57,87310,88525,7343,7.25 X 10 - 7TH AVE  -GOTHIC,GTH80,PINK57,0
01A63,87312,88937,7343,7.25 X 10 - GINNY'S  -GOTHIC,GTH80,PINK63,0
01B57,87310,88525,7343,7.25 X 10 - 7TH AVE -HELVITICA,LTRHL,PINK57,0
01B63,87312,88937,7343,7.25 X 10 - GINNY'S -HELVITICA,LTRHL,PINK63,0
01C57,87310,88525,7343,7.25 X 10- 7TH AVE    -GOTHIC,GTH80,PINK57,0
01C63,87312,88937,7343,7.25 X 10- GINNY'S    -GOTHIC,GTH80,PINK63,0
01D57,88911,88724,3027,2UP - 7TH AVENUE -GOTHIC,REMIT,REM57,0
01D63,88913,88726,3027,2UP - GINNY'S    -GOTHIC,REMIT,REM63,0
01E57,87310,0,7343,8.5 X 10 - 7TH AVE  -GOTHIC,GTH80,PINK57,0
01E63,87312,0,7343,8.5 X 10 - GINNY'S  -GOTHIC,GTH80,PINK63,0
02A57,87310,88525,7343,WHITE BOX 7928- 7TH AVENUE -GOTHIC,GTH80,PINK57,0
02A63,87312,88937,7343,WHITE BOX 7928- GINNY'S    -GOTHIC,GTH80,PINK63,0
02B57,87310,88525,7343,WHITE BOX 7928- 7TH AVE -HELVITICA,LTRHL,PINK57,0
02B63,87312,88937,7343,WHITE BOX 7928- GINNY'S -HELVITICA,LTRHL,PINK63,0
03A57,88565,88525,4016,PINK LETTRHEAD- 7TH AVE -HELVITICA,LTRHL,PINK57,0
03A63,88907,88937,4016,PINK LETTRHEAD- GINNY'S -HELVITICA,LTRHL,PINK63,0
04A57,87310,88525,7321,8.5  X 11 - 7TH AVE    -GOTHIC,GTH80, ,0
04A63,87312,88937,7323,8.5  X 11 - GINNY'S    -GOTHIC,GTH80, ,0
04B57,87310,88525,7321,8.5  X 11 - 7TH AVE  -TIMES NR,LTRTN, ,0
04B63,87312,88937,7323,8.5  X 11 - GINNY'S  -TIMES NR,LTRTN, ,0
04C57,87310,88525,7321,8.5  X 11 - 7TH AVE -HELVITICA,LTRHL, ,0
04C63,87312,88937,7323,8.5  X 11 - GINNY'S -HELVITICA,LTRHL, ,0
04D57,87310,88525,7321,8.5  X 11 - 7TH AVE  -ECLINE,LTREC,ECLINE,0
04D63,87312,88937,7323,8.5  X 11 - GINNY'S  -ECLINE,LTREC,ECLINE,0
04E57,87310,88525,3027,2UP - 7TH AVE-GOTHIC,REMIT,REM57,0
04E63,87312,88937,3027,2UP - GINNY'S-GOTHIC,REMIT,REM63,0
04F57,87310,88525,8277,ACC CNTRL - 7TH AVE- TNR,LTICT,ICMS57,0
04F63,87312,88937,8277,ACC CNTRL - GINNY'S- TNR,LTICT,ICMS63,0
05A57,88344,88525,7321,WHITE PO BOX - 7TH AVE -HELVITICA,LTRHL, ,0
05A63,88344,88937,7323,WHITE PO BOX - GINNY'S -HELVITICA,LTRHL, ,0
05B57,88344,88525,7321,WHITE PO BOX - 7TH AVE -TIMES N R,LTRTN, ,0
05B63,88344,88937,7323,WHITE PO BOX - GINNY'S -TIMES N R,LTRTN, ,0
06A57,88345,88525,7321,RED WHITE BLUE- 7TH AVE -HELVITICA,LTRHL, ,0
06A63,88345,88937,7323,RED WHITE BLUE- GINNY'S -HELVITICA,LTRHL, ,0
07A57,88342,88525,8341,LOOKS LIKE CHECK -   7TH AVE -HELV,LTRHL,PINK57,0
07A63,88342,88937,8341,LOOKS LIKE CHECK -   GINNY'S -HELV,LTRHL,PINK63,0
08A57,87310,88525,7343,7.25 X 10LETTERHEAD- 7TH AVE -GOTH,GTH80,PINK57,0
08A63,87312,88937,7343,7.25 X 10LETTERHEAD- GINNY'S -GOTH,GTH80,PINK63,0
08B57,87310,88525,8277,ACC CTRL LETTERHEAD- 7TH AVE -HELV,LTICH,ICMS57,0
08B63,87312,88937,8277,ACC CTRL LETTERHEAD- GINNY'S -HELV,LTICH,ICMS63,0
08C57,87310,88525,7343,ACC CTRL LETTERHEAD- 7TH AVE -HELV,LTRHL,PINK57,0
08C63,87312,88937,7343,ACC CTRL LETTERHEAD- GINNY'S -HELV,LTRHL,PINK63,0
09A57,88911,88724,3027,2 UP FORM          - 7TH AVE -GOTH,REMIT,REM57,0
09A63,88913,88726,3027,2 UP FORM          - GINNY'S -GOTH,REMIT,REM63,0
09B57,88911,88724,3027,2 UP FORM          - 7TH AVE -ICMS,REMIT,REM57,0
09B63,88913,88726,3027,2 UP FORM          - GINNY'S -ICMS,REMIT,REM63,0
09C57,88911,88724,3027,2 UP FORM - 7TH AVE -TIMES NEW ROM,REMIT,REM57,0
09C63,88913,88726,3027,2 UP FORM - GINNY'S -TIMES NEW ROM,REMIT,REM63,0
10A57,88911,88724,3027,2UP PAST DUE BOX 7TH AVE -HELVITIC,REMPD,REP57,0
10A63,88913,88726,3027,2UP PAST DUE BOX GINNYS -HELVITICA,REMPD,REP63,0
11A57,88911,88724,3027,2UP BLANK FLAP - 7TH AVE,REMBL,REB57,0
11A63,88913,88726,3027,2UP BLANK FLAP - GINNYS,REMBL,REB63,0
12A57,88911,88724,3027,2UP COLORED PAPER - SEVENTH AVE,REMIT,REM57,0
12A63,88913,88726,3027,2UP COLORED PAPER - GINNYS,REMIT,REM63,0
12B57,87310,88525,4033,DICE - SEVENTH AVENUE,LDICE,DICE57,0
12B63,87312,88937,4033,DICE - GINNNYS,LDICE,DICE63,0
12C57,88911,88724,4034,THUMBS UP - SEVENTH AVENUE,REMTH,RET57,0
12C63,88913,88726,4034,THUMBS UP - GINNYS,REMTH,RET63,0
12D57,88911,88724,3027,STICKER ENVELOPE-SEVENTH AVENUE,REMIT,REM57,0
12D63,88913,88726,3027,STICKER ENVELOPE-GINNYS,REMIT,REM63,0
13A57,87310,88525,7343,8.5 X 11 FR AFFADAVIT,GTH80,PINK57,88422
13A63,87312,88937,7343,8.5 X 11 FR AFFADAVIT,GTH80,PINK63,88422
14A57,87310,0,7343,REOCCURING CC PYMT SEVENTH AVENUE,GTH80,PINK57,84060
14A63,87312,0,7343,REOCCURING CC PYMT GINNYS,GTH80,PINK63,84060
14B57,87310,0,7343,LTTRHD - HELVETICA - SEVENTH AVE,LTRHL,PINK57,0
14B63,87312,0,7343,LTTRHD - HELVETICA - GINNYS,LTRHL,PINK63,0
