﻿"RecID","Plan Year""language""Directory Type""Directory ID""H_PBP for versioning""Component code""Material ID""Publish Date""Front cover name(s) 1""Front cover service area 1""PCP Count""Specialist Count""Hospital Count""Zip file""Customer Service Phone""Customer Service TTY""Customer Service Hours of Operation""Customer Service Website""MASCO_Emergency Care page""MASCO_Urgent care""MASCO_Renal dialysis""MASCO_Out-of-area coverage""MASCO_Care management""MASCO_Aging services""MASCO_Prior Auth""MASCO_Bill""MASCO_Important info""MASCO_Health Services""MASCO_How info listed""MASCO_Service area""MASCO_How do you find provider""MASCO APPROVAL ID""Logo"
"50001","2018","English","MASCO_Full","IN115","H2226-001","UHMA18HM4111188_005","H2226_170601_143259A_NM ","January 10, 2018","UnitedHealthcare® Senior Care Options (HMO SNP) PlanPhysicians, Health Care Providers, Dental and Vision Directory","Hampden* and Worcester counties","10,504","22,885","187","n/a","1-888-867-5511","711","8 a.m. to 8 p.m. local time, 7 days a week","www.UHCCommunityPlan.com","3","3","4","4","4","4","4","5","5","5","6","6","6","UHCSCO_170601_143259_NM","2018PY_UHCCommPlan_Logo_K_KitCover_V1.eps"
*****
"50001","2018","Spanish","MASCO_Full","SP115","H2226-001","UHMA18HM4111646_005","H2226_170601_143259A_NM_SP","10 de enero de 2018","Plan UnitedHealthcare® Senior Care Options (HMO SNP)Directorio de médicos, proveedores de cuidado de la salud,dentales y de la vista","Condados de Hampden* y Worcester","3,333","2,222","100","n/a","1-888-867-5511","711","8 a.m. a 8 p.m., hora local, los 7 días de la semana","www.UHCCommunityPlan.com","3","3","4","4","4","5","5","5","5","6","6","7","7","UHCSCO_170601_143259_NM_SP","2018PY_UHCCommPlan_Logo_K_KitCover_V1.eps"
*****
"50001","2018","English","MASCO_Full","IN115","H2226-001","UHMA18HM4111188_006","H2226_170601_143259A_NM ","February 10, 2018","UnitedHealthcare® Senior Care Options (HMO SNP) PlanPhysicians, Health Care Providers, Dental and Vision Directory","Hampden* and Worcester counties","10,504","22,885","187","n/a","1-888-867-5511","711","8 a.m. to 8 p.m. local time, 7 days a week","www.UHCCommunityPlan.com","3","3","4","4","4","4","4","5","5","5","6","6","6","UHCSCO_170601_143259_NM","2018PY_UHCCommPlan_Logo_K_KitCover_V1.eps"
*****
"50001","2018","Spanish","MASCO_Full","SP115","H2226-001","UHMA18HM4111646_006","H2226_170601_143259A_NM_SP","10 de febrero de 2018","Plan UnitedHealthcare® Senior Care Options (HMO SNP)Directorio de médicos, proveedores de cuidado de la salud,dentales y de la vista","Condados de Hampden* y Worcester","3,333","2,222","100","n/a","1-888-867-5511","711","8 a.m. a 8 p.m., hora local, los 7 días de la semana","www.UHCCommunityPlan.com","3","3","4","4","4","5","5","5","5","6","6","7","7","UHCSCO_170601_143259_NM_SP","2018PY_UHCCommPlan_Logo_K_KitCover_V1.eps"
*****
"50001","2018","English","MASCO_Full","IN115","H2226-001","UHMA18HM4111188_007","H2226_170601_143259A_NM ","March 10, 2018","UnitedHealthcare® Senior Care Options (HMO SNP) PlanPhysicians, Health Care Providers, Dental and Vision Directory","Hampden* and Worcester counties","10,504","22,885","187","n/a","1-888-867-5511","711","8 a.m. to 8 p.m. local time, 7 days a week","www.UHCCommunityPlan.com","3","3","4","4","4","4","4","5","5","5","6","6","6","UHCSCO_170601_143259_NM","2018PY_UHCCommPlan_Logo_K_KitCover_V1.eps"
*****
"50001","2018","Spanish","MASCO_Full","SP115","H2226-001","UHMA18HM4111646_007","H2226_170601_143259A_NM_SP","10 de marzo de 2018","Plan UnitedHealthcare® Senior Care Options (HMO SNP)Directorio de médicos, proveedores de cuidado de la salud,dentales y de la vista","Condados de Hampden* y Worcester","3,333","2,222","100","n/a","1-888-867-5511","711","8 a.m. a 8 p.m., hora local, los 7 días de la semana","www.UHCCommunityPlan.com","3","3","4","4","4","5","5","5","5","6","6","7","7","UHCSCO_170601_143259_NM_SP","2018PY_UHCCommPlan_Logo_K_KitCover_V1.eps"
*****
