﻿"RecordID","Language","Season/Year","Next Edition Date","Plan Number","Site Name","Plan Name 1","Plan Name 2","Plan Name 3","Plan Type (1st paragraph and CO blurb)","Plan Type Plus","Plan Type Version","PBP (market)","H (product)","Bk 1 of 2","DMS Code","Plan Number","UBH Phone","Health Plan Website","UHC Logo","Co-Logo","NCQA DPRP Logo","NCQA HSRP Logo","Health Plan Name 1","Health Plan Additional Name 1","HP Address Line 1","HP City, State, Zip 1","Plan Name 4","Pub Date","Spanish Season/Year"
"50001","English","Spring/Summer 2018","September 2018","DEN-523","New Jersey","Garden State Dental","","","","","DEN","523","DEN","","OXNJ18DE4239500_000","DEN-523","","oxfordhealth.com","UHC_Oxford_Logo_4C_hi res_10 18 17","","","","","","","","","March 2018",""
*****
"50001","English","Spring/Summer 2018","September 2018","DEN-445","Connecticut/New Jersey/New York","Oxford Dental","CT - Fairfield, Hartford, Litchfield, Middlesex, New Haven, New London and Tolland countiesNewline_NJ - Atlantic, Bergen, Burlington, Camden, Cape May, Cumberland, Essex, Gloucester, Hudson, Hunterdon, Mercer, Middlesex, Monmouth, Morris, Ocean, Passaic, Salem, Somerset, Sussex, Union, and Warren countiesNewline_NY - Bronx, Dutchess, Essex, Kings, Nassau, New York, Orange, Putnam, Queens, Richmond, Rockland, Suffolk, Warren and Westchester counties","","","","DEN","445","DEN","","OXCT18DE4239502_000","DEN-445","","oxfordhealth.com","UHC_Oxford_Logo_4C_hi res_10 18 17","","","","","","","","","March 2018",""
*****
