<?xml version="1.0" encoding="utf-8"?>
<ExtractData>
	<CurrentYearPlan>
		<CurrentYearPlanData>
			<PlanYear>20.13</PlanYear>
			<PlanID>H4102801000</PlanID>
			<ContractNumber>H4102</ContractNumber>
			<PBPNumber>801</PBPNumber>
			<BusinessSegment>Secure Horizons</BusinessSegment>
			<PlanType>HMO</PlanType>
			<PlanDescription>Health Maintenance Organization</PlanDescription>
			<SNPFlag>false</SNPFlag>
			<PlanName>UnitedHealthcare Group Medicare Advantage (HMO)</PlanName>
			<LegalDescription>UNITEDHEALTHCARE OF NEW ENGLAND, INC.</LegalDescription>
			<BrandName>UnitedHealthcare</BrandName>
			<DrugCoverageType>MAPD</DrugCoverageType>
			<OOPMaxAmt>1500.00</OOPMaxAmt>
			<OOPMaxPackage>P100</OOPMaxPackage>
			<GroupName>State of Rhode Island</GroupName>
			<GroupNumber>50107</GroupNumber>
			<MasterGroupNumber>200023</MasterGroupNumber>
			<CorporateGroupNumber>EGST00559</CorporateGroupNumber>
			<Division>PVS</Division>
			<SourceSystem>COSMOS</SourceSystem>
			<PlanSponsorName>Employer</PlanSponsorName>
			<GroupEffectiveDate>2013-01-01</GroupEffectiveDate>
			<GroupTerminationDate>2013-12-31</GroupTerminationDate>
			<BillingSubsidy>100.00%</BillingSubsidy>
			<IsBillSplit>false</IsBillSplit>
			<BillGroup>Single</BillGroup>
			<InvoiceReceiver>Employer</InvoiceReceiver>
			<PassportFlag>true</PassportFlag>
			<HearingRiderFlag>true</HearingRiderFlag>
			<ChiroRiderFlag>false</ChiroRiderFlag>
			<BaagDMSCode>UHRI13HM3409713_000</BaagDMSCode>
			<EocDMSCode>UHRI13HM3409584_000</EocDMSCode>
			<SobDMSCode>UHRI13HM3406904_000</SobDMSCode>
			<b_18a1_18a4_HearingCode>GHR0810</b_18a1_18a4_HearingCode>
			<FulfillmentType>Standard</FulfillmentType>
			<LEPBillingIndicator>Employer</LEPBillingIndicator>
			<CanPremiumandSubsidybediscussed>Neither</CanPremiumandSubsidybediscussed>
			<RhodeIslandCounty>
				<State>Rhode Island</State>
				<County>Bristol</County>
			</RhodeIslandCounty>
			<RhodeIslandCounty>
				<State>Rhode Island</State>
				<County>Kent</County>
			</RhodeIslandCounty>
			<RhodeIslandCounty>
				<State>Rhode Island</State>
				<County>Newport</County>
			</RhodeIslandCounty>
			<RhodeIslandCounty>
				<State>Rhode Island</State>
				<County>Providence</County>
			</RhodeIslandCounty>
			<RhodeIslandCounty>
				<State>Rhode Island</State>
				<County>Washington</County>
			</RhodeIslandCounty>
			<PlanPriorAuthRequired>false</PlanPriorAuthRequired>
			<PCPRequiredFlag>true</PCPRequiredFlag>
			<OpenAccessFlag>true</OpenAccessFlag>
			<DualNonDualFlag>false</DualNonDualFlag>
			<InstPlanFlag>false</InstPlanFlag>
			<ChronicPlanFlag>false</ChronicPlanFlag>
			<PlanMonthlyPremium>124.16</PlanMonthlyPremium>
			<PartCMonthlyPremium>124.16</PartCMonthlyPremium>
			<PartDPremium100>0</PartDPremium100>
			<PartDPremium0>67.84</PartDPremium0>
			<OptionalBenefitFlag>false</OptionalBenefitFlag>
			<VisitorTravelProgram>
				<IsVisitorTravelCoverage>true</IsVisitorTravelCoverage>
				<VisitorTravelType>US</VisitorTravelType>
			</VisitorTravelProgram>
			<Nurseline>1</Nurseline>
			<ChronicHeartFailure>1</ChronicHeartFailure>
			<CoronaryArteryDisease>1</CoronaryArteryDisease>
			<EndStageRenalDisease>1</EndStageRenalDisease>
			<PersonalHealthManagement>1</PersonalHealthManagement>
			<AdvancedIllnessCare>1</AdvancedIllnessCare>
			<CaregiverEnhanced>2</CaregiverEnhanced>
			<ChiropracticBenefit>2</ChiropracticBenefit>
			<FitnessIndicator>1</FitnessIndicator>
			<HearingAid>3</HearingAid>
			<HearingBenefit>3</HearingBenefit>
			<DentalBenefit>4</DentalBenefit>
			<Dental>Custom</Dental>
			<PrescriptionDrugPlanType>Custom</PrescriptionDrugPlanType>
			<TreatmentDecisionSupport>1</TreatmentDecisionSupport>
			<AccessSupport>1</AccessSupport>
			<SPAPFlag>false</SPAPFlag>
			<VisionVendorName>UnitedHealthcare Vision-Any Cntr Prov/Div</VisionVendorName>
			<DentalVendorName>UnitedHealthcare Dental</DentalVendorName>
			<RXVendorName>Rx Solutions</RXVendorName>
			<Activity>Insert</Activity>
			<FormularyName>Formulary G13</FormularyName>
			<Preference>true</Preference>
			<FormularyEdit>on</FormularyEdit>
			<INNUAFFootNotes>
				<Footnote1>
					<Code>F013</Code>
					<Description>For State of Rhode Island  - The 90 day supply benefit is 2x copay through Retail.</Description>
				</Footnote1>
				<Footnote2>
					<Code>F005</Code>
					<Description>For State of Rhode Island. Dental INN Benefit = $0 copay.Dental OON Benefit = 60% of eligible expenses.Dental $500 Calendar Year Max for IINN and ONN Benefits</Description>
				</Footnote2>
			</INNUAFFootNotes>
			<SitusState>MO</SitusState>
		</CurrentYearPlanData>
		<CurrentYearPlanContactInformation>
			<CustServPhoneNumber>1-800-457-8506</CustServPhoneNumber>
			<CustServTTY>711</CustServTTY>
			<CustServHours>8 a.m. to 8 p.m. local time, Monday – Friday</CustServHours>
			<CustServAddress1>UnitedHealthcare</CustServAddress1>
			<CustServAddress2>PO Box 29675</CustServAddress2>
			<CustServAddress3>Hot Springs, AR 71903-9675</CustServAddress3>
			<CustServWebSite>www.UHCRetiree.com</CustServWebSite>
			<RXMailServicePhoneNumber>1-877-889-6358</RXMailServicePhoneNumber>
			<RXMailServiceTTY>1-866-394-7218</RXMailServiceTTY>
			<RXMailServiceHours>24 hours a day, 7 days a week</RXMailServiceHours>
			<RXMailServiceURL>www.prescriptionsolutions.com</RXMailServiceURL>
			<MentalHealth1PhoneNumber>1-800-985-2596</MentalHealth1PhoneNumber>
			<MentalHealth1TTY>711</MentalHealth1TTY>
			<MentalHealth1Hours>24 hours a day, 7 days a week</MentalHealth1Hours>
			<DentalPhoneNumber>1-800-445-9090</DentalPhoneNumber>
			<DentalTTY>1-800-524-3157</DentalTTY>
			<DentalHours>8 a.m. to 8 p.m. Eastern Standard Time, Monday - Friday</DentalHours>
			<NurseLinePhoneNumber>1-877-365-7949</NurseLinePhoneNumber>
			<NurseLineTTY>711</NurseLineTTY>
			<NurseLineHours>24 hours a day, 7 days a week</NurseLineHours>
			<HearingPhoneNumber>1-866-956-5400</HearingPhoneNumber>
			<HearingTTY>711</HearingTTY>
			<HearingHours>6 a.m. to 6 p.m. Pacific Standard Time, Monday - Friday</HearingHours>
			<MedicalAppealsExpeditedPhoneNumber>1-877-262-9203</MedicalAppealsExpeditedPhoneNumber>
			<MedicalAppealsExpeditedFax>1-866-373-1081</MedicalAppealsExpeditedFax>
			<MedicalAppealsExpeditedTTY>711</MedicalAppealsExpeditedTTY>
			<MedicalAppealsExpeditedAddress1>Appeals and Grievance Department</MedicalAppealsExpeditedAddress1>
			<MedicalAppealsExpeditedAddress2>PO Box 6106, MS CA124-0157</MedicalAppealsExpeditedAddress2>
			<MedicalAppealsExpeditedAddress3>Cypress, CA 90630</MedicalAppealsExpeditedAddress3>
			<PartDPrescriptionDrugsCoveragePhoneNumber>1-800-457-8506</PartDPrescriptionDrugsCoveragePhoneNumber>
			<PartDPrescriptionDrugsCoverageTTY>711</PartDPrescriptionDrugsCoverageTTY>
			<PartDPrescriptionDrugsCoverageAddress1>UnitedHealthcare</PartDPrescriptionDrugsCoverageAddress1>
			<PartDPrescriptionDrugsCoverageAddress2>PO Box 29675</PartDPrescriptionDrugsCoverageAddress2>
			<PartDPrescriptionDrugsCoverageAddress3>Hot Springs, AR 71903-9675</PartDPrescriptionDrugsCoverageAddress3>
			<PartDPrescriptionDrugsAppealPhoneNumber>1-800-643-4845</PartDPrescriptionDrugsAppealPhoneNumber>
			<PartDPrescriptionDrugsAppealTTY>711</PartDPrescriptionDrugsAppealTTY>
			<PartDPrescriptionDrugsAppealFax>1-866-308-6294</PartDPrescriptionDrugsAppealFax>
			<PartDPrescriptionDrugsAppealAddress1>Part D Appeal and Grievance Department</PartDPrescriptionDrugsAppealAddress1>
			<PartDPrescriptionDrugsAppealAddress2>PO Box 6106, MS CA124-0197</PartDPrescriptionDrugsAppealAddress2>
			<PartDPrescriptionDrugsAppealAddress3>Cypress, CA 90630-9948</PartDPrescriptionDrugsAppealAddress3>
			<PartDGrievCustServTTY>711</PartDGrievCustServTTY>
			<PartDGrievCustServFax>1-866-308-6294</PartDGrievCustServFax>
			<PartDGrievCustServPhoneNumber>1-800-643-4845</PartDGrievCustServPhoneNumber>
			<PartDGrievExpeditedCustServPhoneNumber>1-800-595-9532</PartDGrievExpeditedCustServPhoneNumber>
			<PartDGrievExpeditedCustServFax>1-866-308-6296</PartDGrievExpeditedCustServFax>
			<PartDGrievExpeditedCustServTTY>711</PartDGrievExpeditedCustServTTY>
			<PartDGrievExpeditedCustServHours>8 a.m. to 8 p.m. local time, 7 days a week</PartDGrievExpeditedCustServHours>
			<ClaimsAddress1>UnitedHealthcare</ClaimsAddress1>
			<ClaimsAddress2>PO Box 31362</ClaimsAddress2>
			<ClaimsAddress3>Salt Lake City, UT 84131-0362</ClaimsAddress3>
			<SalesPhoneNumber>1-877-714-0178</SalesPhoneNumber>
			<SalesTTY>711</SalesTTY>
			<SalesHours>8 a.m. to 8 p.m. local time, 7 days a week</SalesHours>
			<SalesURL>UHCRetiree.com</SalesURL>
			<WebAddressURL>UHCRetiree.com</WebAddressURL>
			<CustomerServiceEventLineTN>1-800-457-8506</CustomerServiceEventLineTN>
			<Component6>UHRI13HM3406904_000</Component6>
			<Component9>RxWrapCert_28</Component9>
			<Component10>true</Component10>
			<SHIPInformation>
				<SHIPName>State of Rhode Island, Department of Business Regulation</SHIPName>
				<SHIPState>Rhode Island</SHIPState>
				<SHIPPhoneNumber>1-401-462-9520</SHIPPhoneNumber>
				<SHIPTTY>711</SHIPTTY>
				<SHIPWebSite>www.dea.ri.gov</SHIPWebSite>
				<SHIPAddress1>1511 Pontiac Avenue, Building 69-2</SHIPAddress1>
				<SHIPAddress2>Cranston, RI 02920</SHIPAddress2>
			</SHIPInformation>
			<QIOInformation>
				<QIOName>Healthcentric Advisors</QIOName>
				<QIOState>Rhode Island</QIOState>
				<QIOPhoneNumber>1-800-662-5028</QIOPhoneNumber>
				<QIOTTY>711</QIOTTY>
				<QIOWebSite>http://www.healthcentricadvisors.org/</QIOWebSite>
				<QIOAddress1>235 Promenade Street, Suite 500 Box 18</QIOAddress1>
				<QIOAddress2>Providence, RI 02908</QIOAddress2>
			</QIOInformation>
			<DeptHealthAdvanceDirectiveComplaintsInfo>
				<DeptHealthAdvanceDirectiveComplaintsName>Rhode Island Department of Health</DeptHealthAdvanceDirectiveComplaintsName>
				<DeptHealthAdvanceDirectiveComplaintsState>RI</DeptHealthAdvanceDirectiveComplaintsState>
				<DeptHealthAdvanceDirectiveComplaintsPhoneNumber>1-401-222-5960</DeptHealthAdvanceDirectiveComplaintsPhoneNumber>
				<DeptHealthAdvanceDirectiveComplaintsTTY>711</DeptHealthAdvanceDirectiveComplaintsTTY>
				<DeptHealthAdvanceDirectiveComplaintsWebSiteAddress>www.health.state.ri.us</DeptHealthAdvanceDirectiveComplaintsWebSiteAddress>
				<DeptHealthAdvanceDirectiveComplaintsAddress1>3 Capitol Hill</DeptHealthAdvanceDirectiveComplaintsAddress1>
				<DeptHealthAdvanceDirectiveComplaintsAddress2>Providence, RI 02908</DeptHealthAdvanceDirectiveComplaintsAddress2>
			</DeptHealthAdvanceDirectiveComplaintsInfo>
			<MedicaidInformation>
				<MedicaidStateOfficePhonenumber>1-401-462-5300</MedicaidStateOfficePhonenumber>
				<MedicaidStateOfficeTTY>711</MedicaidStateOfficeTTY>
				<MedicaidStateOfficeWebsite>http://www.dhs.ri.gov/Default.aspx</MedicaidStateOfficeWebsite>
				<MedicaidStateName>RI</MedicaidStateName>
				<MedicaidStateOfficeName>Department of Human Services Office of Children and Families</MedicaidStateOfficeName>
				<MedicaidStateOfficeAddress1>Louis Pasteur Building #57 600 New London Avenue</MedicaidStateOfficeAddress1>
				<MedicaidStateOfficeAddress2>Cranston, RI 02920</MedicaidStateOfficeAddress2>
			</MedicaidInformation>
			<PartCCoverageDeterminationPhoneNumber>1-800-457-8506</PartCCoverageDeterminationPhoneNumber>
			<PartCCoverageDeterminationHours>8 a.m. to 8 p.m. local time, Monday – Friday</PartCCoverageDeterminationHours>
			<PartCCoverageDeterminationTTY>711</PartCCoverageDeterminationTTY>
			<PartCCoverageDeterminationURL>www.UHCRetiree.com</PartCCoverageDeterminationURL>
			<PartCCoverageDeterminationAddress1>UnitedHealthcare</PartCCoverageDeterminationAddress1>
			<PartCCoverageDeterminationAddress2>PO Box 29675</PartCCoverageDeterminationAddress2>
			<PartCCoverageDeterminationAddress3>Hot Springs, AR 71903-9675</PartCCoverageDeterminationAddress3>
			<PartCCoverageDeterminationExpeditedPhoneNumber>1-800-457-8506</PartCCoverageDeterminationExpeditedPhoneNumber>
			<PartCCoverageDeterminationExpeditedHours>8 a.m. to 8 p.m. local time, Monday – Friday</PartCCoverageDeterminationExpeditedHours>
			<PartCCoverageDeterminationExpeditedTTY>711</PartCCoverageDeterminationExpeditedTTY>
			<PartCCoverageDeterminationExpeditedURL>www.UHCRetiree.com</PartCCoverageDeterminationExpeditedURL>
			<PartCCoverageDeterminationExpeditedAddress1>UnitedHealthcare</PartCCoverageDeterminationExpeditedAddress1>
			<PartCCoverageDeterminationExpeditedAddress2>PO Box 29675</PartCCoverageDeterminationExpeditedAddress2>
			<PartCCoverageDeterminationExpeditedAddress3>Hot Springs, AR 71903-9675</PartCCoverageDeterminationExpeditedAddress3>
			<MedicalAppealsExpeditedHours>8 a.m. to 8 p.m. local time, 7 days a week</MedicalAppealsExpeditedHours>
			<MedicalAppealsPhoneNumber>1-800-643-4845</MedicalAppealsPhoneNumber>
			<MedicalAppealsHours>8 a.m. to 8 p.m. local time, Monday - Friday</MedicalAppealsHours>
			<MedicalAppealsFax>1-888-517-7113</MedicalAppealsFax>
			<MedicalAppealsTTY>711</MedicalAppealsTTY>
			<MedicalAppealsAddress1>Appeals and Grievance Department</MedicalAppealsAddress1>
			<MedicalAppealsAddress2>PO Box 6106, MS CA124-0157</MedicalAppealsAddress2>
			<MedicalAppealsAddress3>Cypress, CA 90630</MedicalAppealsAddress3>
			<PartDPrescriptionDrugsCoverageHours>8 a.m. to 8 p.m. local time, Monday – Friday</PartDPrescriptionDrugsCoverageHours>
			<PartDPrescriptionDrugsAppealHours>8 a.m. to 8 p.m. local time, Monday - Friday</PartDPrescriptionDrugsAppealHours>
			<PartDPrescriptionDrugsExpeditedAppealPhoneNumber>1-800-595-9532</PartDPrescriptionDrugsExpeditedAppealPhoneNumber>
			<PartDPrescriptionDrugsExpeditedAppealTTY>711</PartDPrescriptionDrugsExpeditedAppealTTY>
			<PartDPrescriptionDrugsExpeditedAppealFax>1-866-308-6296</PartDPrescriptionDrugsExpeditedAppealFax>
			<PartDPrescriptionDrugsExpeditedAppealAddress1>Part D Appeal and Grievance Department</PartDPrescriptionDrugsExpeditedAppealAddress1>
			<PartDPrescriptionDrugsExpeditedAppealAddress2>PO Box 6106, MS CA124-0197</PartDPrescriptionDrugsExpeditedAppealAddress2>
			<PartDPrescriptionDrugsExpeditedAppealAddress3>Cypress, CA 90630-9948</PartDPrescriptionDrugsExpeditedAppealAddress3>
			<PartDPrescriptionDrugsExpeditedAppealHours>8 a.m. to 8 p.m. local time, 7 days a week</PartDPrescriptionDrugsExpeditedAppealHours>
			<RXBenefitManagerAddress1>Prescription Solutions</RXBenefitManagerAddress1>
			<RXBenefitManagerAddress2>PO Box 29045</RXBenefitManagerAddress2>
			<RXBenefitManagerAddress3>Hot Springs, AR 71903</RXBenefitManagerAddress3>
			<PartDPrescriptionDrugsCoverageExpeditedAddress1>UnitedHealthcare</PartDPrescriptionDrugsCoverageExpeditedAddress1>
			<PartDPrescriptionDrugsCoverageExpeditedAddress2>PO Box 29675</PartDPrescriptionDrugsCoverageExpeditedAddress2>
			<PartDPrescriptionDrugsCoverageExpeditedAddress3>Hot Springs, AR 71903-9675</PartDPrescriptionDrugsCoverageExpeditedAddress3>
		</CurrentYearPlanContactInformation>
		<CurrentYearBenefitData>
			<CurrentYearInNetworkBenefits>
				<b_1a_InpatientHospitalMC_Int1>
					<CopayIntervalAmount>100.00</CopayIntervalAmount>
					<CopayIntervalEndNumber>3</CopayIntervalEndNumber>
					<CopayIntervalStartNumber>1</CopayIntervalStartNumber>
					<IntervalNumberTypeID>2</IntervalNumberTypeID>
					<IsMedicareCoveredCostShare>false</IsMedicareCoveredCostShare>
				</b_1a_InpatientHospitalMC_Int1>
				<b_1a_InpatientHospitalMC_Int2>
					<CopayIntervalAmount>0.00</CopayIntervalAmount>
					<CopayIntervalEndNumber>999</CopayIntervalEndNumber>
					<CopayIntervalStartNumber>4</CopayIntervalStartNumber>
					<IntervalNumberTypeID>3</IntervalNumberTypeID>
					<IsMedicareCoveredCostShare>false</IsMedicareCoveredCostShare>
				</b_1a_InpatientHospitalMC_Int2>
				<b_1a1_InpatientHospitalAdd>
					<IsMedicareCoveredCostShare>false</IsMedicareCoveredCostShare>
				</b_1a1_InpatientHospitalAdd>
				<b_1b_InpatientPsychiatricMC>
					<CopayMaxAmount>100</CopayMaxAmount>
					<CopayMinAmount>100</CopayMinAmount>
					<IntervalNumberTypeID>1</IntervalNumberTypeID>
					<IsMedicareCoveredCostShare>false</IsMedicareCoveredCostShare>
					<LifetimeMax>190</LifetimeMax>
				</b_1b_InpatientPsychiatricMC>
				<b_2a_SNFMC_Int1>
					<BenefitCyclePeriod>100</BenefitCyclePeriod>
					<CopayIntervalAmount>50.00</CopayIntervalAmount>
					<CopayIntervalEndNumber>10</CopayIntervalEndNumber>
					<CopayIntervalStartNumber>1</CopayIntervalStartNumber>
					<IntervalNumberTypeID>2</IntervalNumberTypeID>
					<IsMedicareCoveredCostShare>false</IsMedicareCoveredCostShare>
					<IsWaived>true</IsWaived>
				</b_2a_SNFMC_Int1>
				<b_2a_SNFMC_Int2>
					<BenefitCyclePeriod>100</BenefitCyclePeriod>
					<CopayIntervalAmount>0.00</CopayIntervalAmount>
					<CopayIntervalEndNumber>100</CopayIntervalEndNumber>
					<CopayIntervalStartNumber>11</CopayIntervalStartNumber>
					<IntervalNumberTypeID>3</IntervalNumberTypeID>
					<IsMedicareCoveredCostShare>false</IsMedicareCoveredCostShare>
					<IsWaived>true</IsWaived>
				</b_2a_SNFMC_Int2>
				<b_3_CORF>
					<CopayMaxAmount>0</CopayMaxAmount>
					<CopayMinAmount>0</CopayMinAmount>
				</b_3_CORF>
				<b_4a_EmergencyCare>
					<CopayMaxAmount>35</CopayMaxAmount>
					<CopayMinAmount>35</CopayMinAmount>
					<IsWaived>true</IsWaived>
				</b_4a_EmergencyCare>
				<b_4c_EmergencyCareWW>
					<CopayMaxAmount>35</CopayMaxAmount>
					<CopayMinAmount>35</CopayMinAmount>
					<IsWaived>true</IsWaived>
				</b_4c_EmergencyCareWW>
				<b_4b_UrgentlyNeededServices>
					<CopayMaxAmount>20</CopayMaxAmount>
					<CopayMinAmount>20</CopayMinAmount>
					<IsWaived>true</IsWaived>
				</b_4b_UrgentlyNeededServices>
				<b_4b1_UrgentlyNeededServicesOutOfArea>
					<CopayMaxAmount>20</CopayMaxAmount>
					<CopayMinAmount>20</CopayMinAmount>
					<IsWaived>true</IsWaived>
				</b_4b1_UrgentlyNeededServicesOutOfArea>
				<b_5_PartialHospitalization>
					<CopayMaxAmount>40</CopayMaxAmount>
					<CopayMinAmount>40</CopayMinAmount>
				</b_5_PartialHospitalization>
				<b_6a_HomeHealth>
					<CopayMaxAmount>0</CopayMaxAmount>
					<CopayMinAmount>0</CopayMinAmount>
				</b_6a_HomeHealth>
				<b_7a_PrimaryCarePhysician>
					<CopayMaxAmount>10</CopayMaxAmount>
					<CopayMinAmount>10</CopayMinAmount>
				</b_7a_PrimaryCarePhysician>
				<b_7b_ChiropracticMC>
					<CoInsuranceMaxPercent>0.50</CoInsuranceMaxPercent>
					<CoInsuranceMinPercent>0.50</CoInsuranceMinPercent>
				</b_7b_ChiropracticMC>
				<b_7c_OccupationalTherapy>
					<CopayMaxAmount>0</CopayMaxAmount>
					<CopayMinAmount>0</CopayMinAmount>
				</b_7c_OccupationalTherapy>
				<b_7d_PhysicianSpecialist>
					<CopayMaxAmount>20</CopayMaxAmount>
					<CopayMinAmount>20</CopayMinAmount>
				</b_7d_PhysicianSpecialist>
				<b_7f_PodiatryMC>
					<CopayMaxAmount>20</CopayMaxAmount>
					<CopayMinAmount>20</CopayMinAmount>
				</b_7f_PodiatryMC>
				<b_7f1_PodiatryRoutine>
					<CopayMaxAmount>20</CopayMaxAmount>
					<CopayMinAmount>20</CopayMinAmount>
					<NumberOfVisits>6</NumberOfVisits>
				</b_7f1_PodiatryRoutine>
				<b_7g_OtherHCProfessional>
					<CopayMaxAmount>10</CopayMaxAmount>
					<CopayMinAmount>10</CopayMinAmount>
				</b_7g_OtherHCProfessional>
				<b_7h_Psychiatric>
					<CopayMaxAmount>20</CopayMaxAmount>
					<CopayMinAmount>10</CopayMinAmount>
				</b_7h_Psychiatric>
				<b_7i_PhysSpeechTherapy>
					<CopayMaxAmount>0</CopayMaxAmount>
					<CopayMinAmount>0</CopayMinAmount>
				</b_7i_PhysSpeechTherapy>
				<b_8a1_DiagProceduresTestsMC>
					<CopayMaxAmount>0</CopayMaxAmount>
					<CopayMinAmount>0</CopayMinAmount>
				</b_8a1_DiagProceduresTestsMC>
				<b_8a2_LabMC>
					<CopayMaxAmount>0</CopayMaxAmount>
					<CopayMinAmount>0</CopayMinAmount>
				</b_8a2_LabMC>
				<b_8b1_XRayMC>
					<CopayMaxAmount>0</CopayMaxAmount>
					<CopayMinAmount>0</CopayMinAmount>
				</b_8b1_XRayMC>
				<b_8b2_DiagnosticRadiologyMC>
					<CopayMaxAmount>0</CopayMaxAmount>
					<CopayMinAmount>0</CopayMinAmount>
				</b_8b2_DiagnosticRadiologyMC>
				<b_8b3_TherapeuticRadiologyMC>
					<CopayMaxAmount>0</CopayMaxAmount>
					<CopayMinAmount>0</CopayMinAmount>
				</b_8b3_TherapeuticRadiologyMC>
				<b_9a_OutpatientHospital>
					<CopayMaxAmount>0</CopayMaxAmount>
					<CopayMinAmount>0</CopayMinAmount>
				</b_9a_OutpatientHospital>
				<b_9b_AmbulatorySurgical>
					<CopayMaxAmount>0</CopayMaxAmount>
					<CopayMinAmount>0</CopayMinAmount>
				</b_9b_AmbulatorySurgical>
				<b_9c_OutpatientSubAbuse>
					<CopayMaxAmount>20</CopayMaxAmount>
					<CopayMinAmount>10</CopayMinAmount>
				</b_9c_OutpatientSubAbuse>
				<b_9d_CardiacRehab>
					<CopayMaxAmount>0</CopayMaxAmount>
					<CopayMinAmount>0</CopayMinAmount>
				</b_9d_CardiacRehab>
				<b_10a_Ambulance>
					<CopayMaxAmount>50</CopayMaxAmount>
					<CopayMinAmount>50</CopayMinAmount>
					<IsWaived>false</IsWaived>
				</b_10a_Ambulance>
				<b_11a_DME>
					<CopayMaxAmount>0</CopayMaxAmount>
					<CopayMinAmount>0</CopayMinAmount>
				</b_11a_DME>
				<b_11b_ProstheticsMedicalSup>
					<CopayMaxAmount>0</CopayMaxAmount>
					<CopayMinAmount>0</CopayMinAmount>
				</b_11b_ProstheticsMedicalSup>
				<b_11b1_ProstheticOrthodicSupplies>
					<CopayMaxAmount>0</CopayMaxAmount>
					<CopayMinAmount>0</CopayMinAmount>
				</b_11b1_ProstheticOrthodicSupplies>
				<b_11c_DiabetesSupplies>
					<CopayMaxAmount>0</CopayMaxAmount>
					<CopayMinAmount>0</CopayMinAmount>
				</b_11c_DiabetesSupplies>
				<b_12_RenalDialysis>
					<CoInsuranceMaxPercent>0.20</CoInsuranceMaxPercent>
					<CoInsuranceMinPercent>0.20</CoInsuranceMinPercent>
				</b_12_RenalDialysis>
				<b_13a_Blood>
					<BenefitServices>1</BenefitServices>
					<CopayMaxAmount>0</CopayMaxAmount>
					<CopayMinAmount>0</CopayMinAmount>
				</b_13a_Blood>
				<b_14a_OneTimePhysicalExams>
					<CopayMaxAmount>0</CopayMaxAmount>
					<CopayMinAmount>0</CopayMinAmount>
				</b_14a_OneTimePhysicalExams>
				<b_14a4_SmokingCessation>
					<CopayMaxAmount>0</CopayMaxAmount>
					<CopayMinAmount>0</CopayMinAmount>
				</b_14a4_SmokingCessation>
				<b_14a6_Fitness>
					<ProgramName>SilverSneakers</ProgramName>
				</b_14a6_Fitness>
				<b_14a11_Caregivers>
					<IsCoverage>true</IsCoverage>
				</b_14a11_Caregivers>
				<b_14b_Immunizations>
					<CopayMaxAmount>0</CopayMaxAmount>
					<CopayMinAmount>0</CopayMinAmount>
				</b_14b_Immunizations>
				<b_14c1_AddPhysicalExams>
					<CopayMaxAmount>0</CopayMaxAmount>
					<CopayMinAmount>0</CopayMinAmount>
				</b_14c1_AddPhysicalExams>
				<b_14d_PapSmearsMC>
					<CopayMaxAmount>0</CopayMaxAmount>
					<CopayMinAmount>0</CopayMinAmount>
				</b_14d_PapSmearsMC>
				<b_14d3_PelvicExamsMC>
					<CopayMaxAmount>0</CopayMaxAmount>
					<CopayMinAmount>0</CopayMinAmount>
				</b_14d3_PelvicExamsMC>
				<b_14e_ProstateScreenMC>
					<CopayMaxAmount>0</CopayMaxAmount>
					<CopayMinAmount>0</CopayMinAmount>
				</b_14e_ProstateScreenMC>
				<b_14f_ColorectalScreenMC>
					<CopayMaxAmount>0</CopayMaxAmount>
					<CopayMinAmount>0</CopayMinAmount>
				</b_14f_ColorectalScreenMC>
				<b_14g_BoneMassMeasure>
					<CopayMaxAmount>0</CopayMaxAmount>
					<CopayMinAmount>0</CopayMinAmount>
				</b_14g_BoneMassMeasure>
				<b_14h_MammographyMC>
					<CopayMaxAmount>0</CopayMaxAmount>
					<CopayMinAmount>0</CopayMinAmount>
				</b_14h_MammographyMC>
				<b_14i_DiabetesMonitor>
					<CopayMaxAmount>0</CopayMaxAmount>
					<CopayMinAmount>0</CopayMinAmount>
				</b_14i_DiabetesMonitor>
				<b_14j_NutritionDiabetesandRenal>
					<CopayMaxAmount>0</CopayMaxAmount>
					<CopayMinAmount>0</CopayMinAmount>
				</b_14j_NutritionDiabetesandRenal>
				<b_14k_CardioVascularDiseaseScreening>
					<CopayMaxAmount>0</CopayMaxAmount>
					<CopayMinAmount>0</CopayMinAmount>
				</b_14k_CardioVascularDiseaseScreening>
				<b_15a3_CoveredImmunosuppressiveDrugs>
					<CoInsuranceMaxPercent>0.20</CoInsuranceMaxPercent>
					<CoInsuranceMinPercent>0.20</CoInsuranceMinPercent>
				</b_15a3_CoveredImmunosuppressiveDrugs>
				<b_15a4_OutpatientInjectableSelfAdministered>
					<CoverageType>Part D</CoverageType>
				</b_15a4_OutpatientInjectableSelfAdministered>
				<b_16a1_OralExams>
					<CopayMaxAmount>0</CopayMaxAmount>
					<CopayMinAmount>0</CopayMinAmount>
					<NumberOfPeriod>6 months</NumberOfPeriod>
					<NumberOfVisits>1</NumberOfVisits>
				</b_16a1_OralExams>
				<b_16a2_CompDental>
					<CopayMaxAmount>0</CopayMaxAmount>
					<CopayMinAmount>0</CopayMinAmount>
					<NumberOfPeriod>6 months</NumberOfPeriod>
					<NumberOfVisits>1</NumberOfVisits>
				</b_16a2_CompDental>
				<b_16a4_DentalXrays>
					<CopayMaxAmount>0</CopayMaxAmount>
					<CopayMinAmount>0</CopayMinAmount>
					<NumberOfPeriod>year</NumberOfPeriod>
					<NumberOfVisits>1</NumberOfVisits>
				</b_16a4_DentalXrays>
				<b_16a5_DentalOV>
					<CopayMaxAmount>20</CopayMaxAmount>
					<CopayMinAmount>20</CopayMinAmount>
				</b_16a5_DentalOV>
				<b_17a_EyeExamsMedPartB>
					<CopayMaxAmount>20</CopayMaxAmount>
					<CopayMinAmount>20</CopayMinAmount>
				</b_17a_EyeExamsMedPartB>
				<b_17a2_EyeExamRefraction>
					<CopayMaxAmount>20</CopayMaxAmount>
					<CopayMinAmount>20</CopayMinAmount>
				</b_17a2_EyeExamRefraction>
				<b_17b3_Lenses>
					<CopayCoverageAmount>105.00</CopayCoverageAmount>
					<NumberOfPeriod>year</NumberOfPeriod>
				</b_17b3_Lenses>
				<b_17b4_Frames>
					<CopayCoverageAmount>70.00</CopayCoverageAmount>
					<NumberOfPeriod>year</NumberOfPeriod>
				</b_17b4_Frames>
				<b_17b6_Contacts>
					<IsMedicareCoveredCostShare>false</IsMedicareCoveredCostShare>
				</b_17b6_Contacts>
				<b_17b15_EyewearPostCataract>
					<CopayCoverageAmount>0.00</CopayCoverageAmount>
					<IsMedicareCoveredCostShare>false</IsMedicareCoveredCostShare>
				</b_17b15_EyewearPostCataract>
				<b_18a_HearingExamsMedPartB>
					<CopayMaxAmount>0</CopayMaxAmount>
					<CopayMinAmount>0</CopayMinAmount>
				</b_18a_HearingExamsMedPartB>
				<b_18a1_RoutineHearingTestNonMC>
					<CopayMaxAmount>0</CopayMaxAmount>
					<CopayMinAmount>0</CopayMinAmount>
					<NumberOfPeriod>year</NumberOfPeriod>
					<NumberOfVisits>1</NumberOfVisits>
					<PackageID>GHR0810</PackageID>
					<Vendor>EPIC Hearing Healthcare</Vendor>
				</b_18a1_RoutineHearingTestNonMC>
				<b_18a4_DigitalHearingAids>
					<BenefitPerEarOrCombined>Combined</BenefitPerEarOrCombined>
					<CopayMaxAmount>0</CopayMaxAmount>
					<IsMedicareCoveredCostShare>false</IsMedicareCoveredCostShare>
					<MaxPlanAmt>500.00</MaxPlanAmt>
					<NumberOfPeriod>3 years</NumberOfPeriod>
					<NumberOfVisits>999</NumberOfVisits>
					<PackageID>GHR0810</PackageID>
					<Vendor>EPIC Hearing Healthcare</Vendor>
				</b_18a4_DigitalHearingAids>
				<b_1a_InpatientHospitalFlags>
					<InpatientHospitalFFSFlag>false</InpatientHospitalFFSFlag>
					<InpatientHospitalNumberOfIntervals>2</InpatientHospitalNumberOfIntervals>
					<InpatientHospitalPerDayFlag>true</InpatientHospitalPerDayFlag>
					<InpatientHospitalPerStayFlag>false</InpatientHospitalPerStayFlag>
				</b_1a_InpatientHospitalFlags>
				<b_1b_InpatientPsychiatricFlags>
					<InpatientPsychiatricFFSFlag>false</InpatientPsychiatricFFSFlag>
					<InpatientPsychiatricPerDayFlag>false</InpatientPsychiatricPerDayFlag>
					<InpatientPsychiatricPerStayFlag>true</InpatientPsychiatricPerStayFlag>
				</b_1b_InpatientPsychiatricFlags>
				<b_2a_SNFMCFlags>
					<SNFFFSFlag>false</SNFFFSFlag>
					<SNFNumberOfIntervals>2</SNFNumberOfIntervals>
					<SNFPerDayFlag>true</SNFPerDayFlag>
					<SNFPerStayFlag>false</SNFPerStayFlag>
				</b_2a_SNFMCFlags>
				<b_3_CORF_Flags>
					<CORF_FreeStandHospFlag>false</CORF_FreeStandHospFlag>
					<CORF_PerDayFlag>false</CORF_PerDayFlag>
				</b_3_CORF_Flags>
				<b_7c_OccupationalTherapy_Flags>
					<OccupationalTherapy_FreeStandHospFlag>false</OccupationalTherapy_FreeStandHospFlag>
					<OccupationalTherapy_PerDayFlag>false</OccupationalTherapy_PerDayFlag>
				</b_7c_OccupationalTherapy_Flags>
				<b_7i_PhysSpeechTherapy_Flags>
					<PhysSpeechTherapy_FreeStandHospFlag>false</PhysSpeechTherapy_FreeStandHospFlag>
					<PhysSpeechTherapy_PerDayFlag>false</PhysSpeechTherapy_PerDayFlag>
				</b_7i_PhysSpeechTherapy_Flags>
				<b_9a_OutpatientHospital_Flags>
					<OutpatientHospital_FreeStandHospFlag>false</OutpatientHospital_FreeStandHospFlag>
					<OutpatientHospital_PerDayFlag>false</OutpatientHospital_PerDayFlag>
				</b_9a_OutpatientHospital_Flags>
				<b_9b_AmbulatorySurgical_Flags>
					<AmbulatorySurgical_FreeStandHospFlag>false</AmbulatorySurgical_FreeStandHospFlag>
					<AmbulatorySurgical_PerDayFlag>false</AmbulatorySurgical_PerDayFlag>
				</b_9b_AmbulatorySurgical_Flags>
				<b_9d_CardiacRehab_Flags>
					<CardiacRehab_FreeStandHospFlag>false</CardiacRehab_FreeStandHospFlag>
					<CardiacRehab_PerDayFlag>false</CardiacRehab_PerDayFlag>
				</b_9d_CardiacRehab_Flags>
			</CurrentYearInNetworkBenefits>
			<CurrentYearPartD>
				<PartDGapCoverage>Full Coverage</PartDGapCoverage>
				<InitialCoverageAmount>2970</InitialCoverageAmount>
				<CatastrophicThreshold>4750</CatastrophicThreshold>
				<FormularyID>13509G</FormularyID>
				<CoverageInTheGap>false</CoverageInTheGap>
				<Initial_Coverage>
					<InNetworkRetail>
						<Tier1>
							<Day31>
								<Term>31</Term>
								<CopayAmount>3</CopayAmount>
							</Day31>
						</Tier1>
						<Tier2>
							<Day31>
								<Term>31</Term>
								<CopayAmount>28</CopayAmount>
							</Day31>
						</Tier2>
						<Tier3>
							<Day31>
								<Term>31</Term>
								<CopayAmount>58</CopayAmount>
							</Day31>
						</Tier3>
						<Tier4>
							<Day31>
								<Term>31</Term>
								<CoinsurancePercent>0.25</CoinsurancePercent>
							</Day31>
						</Tier4>
					</InNetworkRetail>
					<MailOrder>
						<Tier1>
							<Day90>
								<Term>90</Term>
								<CopayAmount>6</CopayAmount>
							</Day90>
						</Tier1>
						<Tier2>
							<Day90>
								<Term>90</Term>
								<CopayAmount>56</CopayAmount>
							</Day90>
						</Tier2>
						<Tier3>
							<Day90>
								<Term>90</Term>
								<CopayAmount>116</CopayAmount>
							</Day90>
						</Tier3>
						<Tier4>
							<Day90>
								<Term>90</Term>
								<CoinsurancePercent>0.25</CoinsurancePercent>
							</Day90>
						</Tier4>
					</MailOrder>
				</Initial_Coverage>
				<Catastrophic_Coverage>
					<LongTermCare>
						<Tier1>
							<Day31>
								<Term>31</Term>
								<CoinsurancePercent>0.05</CoinsurancePercent>
								<CopayAmount>2.65</CopayAmount>
							</Day31>
						</Tier1>
						<Tier2>
							<Day31>
								<Term>31</Term>
								<CoinsurancePercent>0.05</CoinsurancePercent>
								<CopayAmount>6.60</CopayAmount>
							</Day31>
						</Tier2>
						<Tier3>
							<Day31>
								<Term>31</Term>
								<CoinsurancePercent>0.05</CoinsurancePercent>
								<CopayAmount>6.60</CopayAmount>
							</Day31>
						</Tier3>
						<Tier4>
							<Day31>
								<Term>31</Term>
								<CoinsurancePercent>0.05</CoinsurancePercent>
								<CopayAmount>6.60</CopayAmount>
							</Day31>
						</Tier4>
						<Tier5>
							<Day31>
								<Term>31</Term>
								<CoinsurancePercent>0.05</CoinsurancePercent>
								<CopayAmount>6.60</CopayAmount>
							</Day31>
						</Tier5>
						<Tier6>
							<Day31>
								<Term>31</Term>
								<CoinsurancePercent>0.05</CoinsurancePercent>
								<CopayAmount>6.60</CopayAmount>
							</Day31>
						</Tier6>
					</LongTermCare>
				</Catastrophic_Coverage>
			</CurrentYearPartD>
		</CurrentYearBenefitData>
	</CurrentYearPlan>
</ExtractData>
