AARPMedCompUHC_H_KOP_PostKit2014,.\Images\AARPMedCompUHC_H_KOP_PostKit2014.pdf
AARPMedRxUHC_H_KOP_PostKit2014,.\Images\AARPMedRxUHC_H_KOP_PostKit2014.pdf
CIP_logo_K_PostKit2014,.\Images\CIP_logo_K_PostKit2014.pdf
Erickson Living_H_K_PostKit2014_RevisedSize,.\Images\Erickson Living_H_K_PostKit2014_RevisedSize.pdf
PCP_Logo_K_3x.79,.\Images\PCP_Logo_K_3x.79.pdf
SD_Logo_K_PostKit2014,.\Images\SD_Logo_K_PostKit2014.pdf
Sierra Spectrum PPO PLAN_K_PostKit2014_RevisedSize,.\Images\Sierra Spectrum PPO PLAN_K_PostKit2014_RevisedSize.pdf
UHC_CP_K_PostKit2014,.\Images\UHC_CP_K_PostKit2014.pdf
UHC_ID_K_50tint_PostKit2014,.\Images\UHC_ID_K_50tint_PostKit2014.pdf
PCP_Logo_K_NoTAG,.\Images\PCP_Logo_K_3x.79.pdf