﻿"RecID","Plan Year (A)""language (B)""Plan name - Long ( C )""State (D)""Service area (for all Eng and Front Cover Sp only) (E)""Customer Service Phone (F)""Customer Service Hours of Operation (G)""Customer Service Website (H)""Co logo (I)""Logo (J)""Material ID (K)""Component Code (L)""Directory Type (M)""H_PBP for versioning (N)""Plan name - Short (O)""Publication Date (P)""TTY (Q)""Service area (for Sp only, except cover) ( R )""Pharmacy Customer Service Phone (S)""Plan Name Spanish only""Service area (for Sp only, except cover) ( R )""Customer Service Website (for cover)""Provider Counts""Data Refresh Date""Dir Code""2016 Kit Code""2017 Kit Code""Translation for Customer Service Hours of Operation"""""""""""""
"50001","2018","English ","UnitedHealthcare Connected® for MyCare Ohio (Medicare‑Medicaid Plan)","Ohio","Columbiana, Mahoning, and Trumbull counties","1-877-542-9236","8 a.m. - 8 p.m., local time,  Monday - Friday","www.UHCCommunityPlan.com ","DO NOT USE","2017_MMP_OH_UHC_CommPlan_Logo_K_Large","H2531_170627_125818_FINAL_1 Approved","CSOH18MM4060461_000","MMP","H2531-001","UnitedHealthcare Connected for MyCare Ohio","N/A","711","DO NOT USE","1-877-542-9236","UnitedHealthcare® Connected for MyCare Ohio (Medicare‑Medicaid Plan)","DO NOT USE","www.myuhc.com/CommunityPlan","175 hospitals, 6,067 primary care providers, 13,552 specialists, 827 Pediatrics, 997 Obstetrics & Gynecology, 243 Certified Nurse Midwives, 1,672 Certified Nurse Practitioners, 1,721 Dental Providers, 1,056 Vision Care Providers, 15 Qualified Family Planning Providers, 25 Federally Qualified Health Care Agency / Rural Health Clinic, 312 Long Term Supports and Services, 761 Ancillary Providers, 294 Skilled Nursing Facilities, 5,739 Behavioral Health Providers, 197 Behavioral Health Facilities, 371 Ohio Department of Mental Health and Addiction Services (OhioMHAS), 139 List of Certified OhioHAS Provider Agencies, and 605 pharmacies","9/1/2016","OHMM_A1 (Care/Caid - NEC)","MOEW.16.999.01.9.001","MMOH.17.999.01.9.001","de lunes a viernes, de 7 a.m. a 8 p.m., hora local","","","","","",""
*****
"50001","2018","Spanish","UnitedHealthcare Connected® for MyCare Ohio (Medicare‑Medicaid Plan)","Ohio","Condados de Columbiana, Mahoning y Trumbull","1-877-542-9236","de lunes a viernes, de 8 a.m. a 8 p.m., hora local","www.UHCCommunityPlan.com ","DO NOT USE","2017_MMP_OH_UHC_CommPlan_Logo_K_Large","H2531_170627_125818_FINAL_1SP","CSOH18MM4060463_000","MMP","H2531-001","UnitedHealthcare Connected for MyCare Ohio","N/A","711","los condados de Columbiana, Mahoning y Trumbull","1-877-542-9236","UnitedHealthcare Connected for MyCare Ohio (Medicare‑Medicaid Plan)","DO NOT USE","www.myuhc.com/CommunityPlan","175 hospitales, 6,067 proveedores de cuidado primario, 13,552 especialistas, 827 pediatras, 997 obstetras y ginecólogos, 243 enfermeras parteras certificadas, 1,672 enfermeras especialistas certificadas, 1,721 proveedores dentales, 1,056 proveedores de cuidado de la vista, 15 proveedores de planificación familiar calificados, 25 agencias de cuidado de la salud con calificación federal o clínicas de salud rurales, 312 servicios y apoyo a largo plazo, 761 proveedores auxiliares, 294 centros de enfermería especializada, 5,739 proveedores de salud del comportamiento, 197 centros de salud del comportamiento, 371 unidades del Departamento de Salud Mental y Servicios para Adicciones de Ohio, una lista de 139 agencias de proveedores certificadas por el Departamento de Salud Mental y Servicios para Adicciones de Ohio, y 605 farmacias en la red.","9/1/2016","OHMM_A1 SP (Care/Caid - NEC - Spanish)","MOEW.16.999.01.9.002","MMOH.17.999.01.9.002","7 a.m. to 8 p.m., local time,  Monday - Friday","","","","","",""
*****
"50001","2018","English ","UnitedHealthcare Connected® for MyCare Ohio (Medicare‑Medicaid Plan)","Ohio","Portage, Stark, Summit, and Wayne counties","1-877-542-9236","8 a.m. - 8 p.m., local time,  Monday - Friday","www.UHCCommunityPlan.com ","DO NOT USE","2017_MMP_OH_UHC_CommPlan_Logo_K_Large","H2531_170627_125818_FINAL_2 Approved","CSOH18MM4060466_000","MMP","H2531-001","UnitedHealthcare Connected for MyCare Ohio","N/A","711","DO NOT USE","1-877-542-9236","UnitedHealthcare® Connected for MyCare Ohio (Medicare‑Medicaid Plan)","DO NOT USE","www.myuhc.com/CommunityPlan","175 hospitals, 6,067 primary care providers, 13,552 specialists, 827 Pediatrics, 997 Obstetrics & Gynecology, 243 Certified Nurse Midwives, 1,672 Certified Nurse Practitioners, 1,721 Dental Providers, 1,056 Vision Care Providers, 15 Qualified Family Planning Providers, 25 Federally Qualified Health Care Agency / Rural Health Clinic, 312 Long Term Supports and Services, 761 Ancillary Providers, 294 Skilled Nursing Facilities, 5,739 Behavioral Health Providers, 197 Behavioral Health Facilities, 371 Ohio Department of Mental Health and Addiction Services (OhioMHAS), 139 List of Certified OhioHAS Provider Agencies, and 605 pharmacies","9/1/2016","OHMM_A2 (Care/Caid - EC)","MOEW.16.999.01.9.003","MMOH.17.999.01.9.003","de lunes a viernes, de 7 a.m. a 8 p.m., hora local","","","","","",""
*****
"50001","2018","Spanish","UnitedHealthcare Connected® for MyCare Ohio (Medicare‑Medicaid Plan)","Ohio","Condados de Portage, Stark, Summit y Wayne","1-877-542-9236","de lunes a viernes, de 8 a.m. a 8 p.m., hora local","www.UHCCommunityPlan.com ","DO NOT USE","2017_MMP_OH_UHC_CommPlan_Logo_K_Large","H2531_170627_125818_FINAL_2SP","CSOH18MM4060468_000","MMP","H2531-001","UnitedHealthcare Connected for MyCare Ohio","N/A","711","los condados de Portage, Stark, Summit y Wayne","1-877-542-9236","UnitedHealthcare Connected for MyCare Ohio (Medicare‑Medicaid Plan)","DO NOT USE","www.myuhc.com/CommunityPlan","175 hospitales, 6,067 proveedores de cuidado primario, 13,552 especialistas, 827 pediatras, 997 obstetras y ginecólogos, 243 enfermeras parteras certificadas, 1,672 enfermeras especialistas certificadas, 1,721 proveedores dentales, 1,056 proveedores de cuidado de la vista, 15 proveedores de planificación familiar calificados, 25 agencias de cuidado de la salud con calificación federal o clínicas de salud rurales, 312 servicios y apoyo a largo plazo, 761 proveedores auxiliares, 294 centros de enfermería especializada, 5,739 proveedores de salud del comportamiento, 197 centros de salud del comportamiento, 371 unidades del Departamento de Salud Mental y Servicios para Adicciones de Ohio, una lista de 139 agencias de proveedores certificadas por el Departamento de Salud Mental y Servicios para Adicciones de Ohio, y 605 farmacias en la red.","9/1/2016","OHMM_A2 SP (Care/Caid - EC - Spanish)","MOEW.16.999.01.9.004","MMOH.17.999.01.9.004","7 a.m. to 8 p.m., local time,  Monday - Friday","","","","","",""
*****
"50001","2018","English ","UnitedHealthcare Connected® for MyCare Ohio (Medicare‑Medicaid Plan)","Ohio","Geauga, Lake, Lorain, and Medina counties","1-877-542-9236","8 a.m. - 8 p.m., local time,  Monday - Friday","www.UHCCommunityPlan.com ","DO NOT USE","2017_MMP_OH_UHC_CommPlan_Logo_K_Large","H2531_170627_125818_FINAL_3 Approved","CSOH18MM4060470_000","MMP","H2531-001","UnitedHealthcare Connected for MyCare Ohio","N/A","711","DO NOT USE","1-877-542-9236","UnitedHealthcare Connected for MyCare Ohio (Medicare‑Medicaid Plan)","DO NOT USE","www.myuhc.com/CommunityPlan","175 hospitals, 6,067 primary care providers, 13,552 specialists, 827 Pediatrics, 997 Obstetrics & Gynecology, 243 Certified Nurse Midwives, 1,672 Certified Nurse Practitioners, 1,721 Dental Providers, 1,056 Vision Care Providers, 15 Qualified Family Planning Providers, 25 Federally Qualified Health Care Agency / Rural Health Clinic, 312 Long Term Supports and Services, 761 Ancillary Providers, 294 Skilled Nursing Facilities, 5,739 Behavioral Health Providers, 197 Behavioral Health Facilities, 371 Ohio Department of Mental Health and Addiction Services (OhioMHAS), 139 List of Certified OhioHAS Provider Agencies, and 605 pharmacies","9/1/2016","OHMM_A3  (Care/Caid - NE)","MOEW.16.999.01.9.005","MMOH.17.999.01.9.005","de lunes a viernes, de 7 a.m. a 8 p.m., hora local","","","","","",""
*****
"50001","2018","Spanish","UnitedHealthcare Connected® for MyCare Ohio (Medicare‑Medicaid Plan)","Ohio","Condados de Geauga, Lake, Lorain y Medina","1-877-542-9236","de lunes a viernes, de 8 a.m. a 8 p.m., hora local","www.UHCCommunityPlan.com ","DO NOT USE","2017_MMP_OH_UHC_CommPlan_Logo_K_Large","H2531_170627_125818_FINAL_3SP","CSOH18MM4060471_000","MMP","H2531-001","UnitedHealthcare Connected for MyCare Ohio","N/A","711","los condados de Geauga, Lake, Lorain y Medina","1-877-542-9236","UnitedHealthcare Connected for MyCare Ohio (Medicare‑Medicaid Plan)","DO NOT USE","www.myuhc.com/CommunityPlan","175 hospitales, 6,067 proveedores de cuidado primario, 13,552 especialistas, 827 pediatras, 997 obstetras y ginecólogos, 243 enfermeras parteras certificadas, 1,672 enfermeras especialistas certificadas, 1,721 proveedores dentales, 1,056 proveedores de cuidado de la vista, 15 proveedores de planificación familiar calificados, 25 agencias de cuidado de la salud con calificación federal o clínicas de salud rurales, 312 servicios y apoyo a largo plazo, 761 proveedores auxiliares, 294 centros de enfermería especializada, 5,739 proveedores de salud del comportamiento, 197 centros de salud del comportamiento, 371 unidades del Departamento de Salud Mental y Servicios para Adicciones de Ohio, una lista de 139 agencias de proveedores certificadas por el Departamento de Salud Mental y Servicios para Adicciones de Ohio, y 605 farmacias en la red.","9/1/2016","OHMM_A3 SP  (Care/Caid - NEC - Spanish)","MOEW.16.999.01.9.006","MMOH.17.999.01.9.006","7 a.m. to 8 p.m., local time,  Monday - Friday","","","","","",""
*****
"50001","2018","Spanish","UnitedHealthcare Connected® for MyCare Ohio (Medicare‑Medicaid Plan)","Ohio","Condado de Cuyahoga (excepto Cleveland)","1-877-542-9236","de lunes a viernes, de 8 a.m. a 8 p.m., hora local","www.UHCCommunityPlan.com ","DO NOT USE","2017_MMP_OH_UHC_CommPlan_Logo_K_Large","H2531_170627_125818_FINAL_4SP","CSOH18MM4060474_000","MMP","H2531-001","UnitedHealthcare Connected for MyCare Ohio","N/A","711","el condado de Cuyahoga (excepto Cleveland)","1-877-542-9236","UnitedHealthcare Connected for MyCare Ohio (Medicare‑Medicaid Plan)","DO NOT USE","www.myuhc.com/CommunityPlan","175 hospitales, 6,067 proveedores de cuidado primario, 13,552 especialistas, 827 pediatras, 997 obstetras y ginecólogos, 243 enfermeras parteras certificadas, 1,672 enfermeras especialistas certificadas, 1,721 proveedores dentales, 1,056 proveedores de cuidado de la vista, 15 proveedores de planificación familiar calificados, 25 agencias de cuidado de la salud con calificación federal o clínicas de salud rurales, 312 servicios y apoyo a largo plazo, 761 proveedores auxiliares, 294 centros de enfermería especializada, 5,739 proveedores de salud del comportamiento, 197 centros de salud del comportamiento, 371 unidades del Departamento de Salud Mental y Servicios para Adicciones de Ohio, una lista de 139 agencias de proveedores certificadas por el Departamento de Salud Mental y Servicios para Adicciones de Ohio, y 605 farmacias en la red.","9/1/2016","OHMM_A4  (Care/Caid - NE-no Cleveland -Spanish)","MOEW.16.999.01.9.007","MMOH.17.999.01.9.006","7 a.m. to 8 p.m., local time,  Monday - Friday","","","","","",""
*****
"50001","2018","English ","UnitedHealthcare Connected® for MyCare Ohio (Medicare‑Medicaid Plan)","Ohio","Cuyahoga county (except Cleveland)","1-877-542-9236","8 a.m. - 8 p.m., local time,  Monday - Friday","www.UHCCommunityPlan.com ","DO NOT USE","2017_MMP_OH_UHC_CommPlan_Logo_K_Large","H2531_170627_125818_FINAL_4 Approved","CSOH18MM4060476_000","MMP","H2531-001","UnitedHealthcare Connected for MyCare Ohio","N/A","711","DO NOT USE","1-877-542-9236","UnitedHealthcare Connected for MyCare Ohio (Medicare‑Medicaid Plan)","DO NOT USE","www.myuhc.com/CommunityPlan","175 hospitals, 6,067 primary care providers, 13,552 specialists, 827 Pediatrics, 997 Obstetrics & Gynecology, 243 Certified Nurse Midwives, 1,672 Certified Nurse Practitioners, 1,721 Dental Providers, 1,056 Vision Care Providers, 15 Qualified Family Planning Providers, 25 Federally Qualified Health Care Agency / Rural Health Clinic, 312 Long Term Supports and Services, 761 Ancillary Providers, 294 Skilled Nursing Facilities, 5,739 Behavioral Health Providers, 197 Behavioral Health Facilities, 371 Ohio Department of Mental Health and Addiction Services (OhioMHAS), 139 List of Certified OhioHAS Provider Agencies, and 605 pharmacies","9/1/2016","OHMM_A4 SP (Care/Caid - NE-No Cleveland)","MOEW.16.999.01.9.008","MMOH.17.999.01.9.005","de lunes a viernes, de 7 a.m. a 8 p.m., hora local","","","","","",""
*****
"50001","2018","Spanish","UnitedHealthcare Connected® for MyCare Ohio (Medicare‑Medicaid Plan)","Ohio","Condado de Cuyahoga (solo Cleveland)","1-877-542-9236","de lunes a viernes, de 8 a.m. a 8 p.m., hora local","www.UHCCommunityPlan.com ","DO NOT USE","2017_MMP_OH_UHC_CommPlan_Logo_K_Large","H2531_170627_125818_FINAL_5SP","CSOH18MM4060478_000","MMP","H2531-001","UnitedHealthcare Connected for MyCare Ohio","N/A","711","el condado de Cuyahoga (solo Cleveland)","1-877-542-9236","UnitedHealthcare Connected for MyCare Ohio (Medicare‑Medicaid Plan)","DO NOT USE","www.myuhc.com/CommunityPlan","175 hospitales, 6,067 proveedores de cuidado primario, 13,552 especialistas, 827 pediatras, 997 obstetras y ginecólogos, 243 enfermeras parteras certificadas, 1,672 enfermeras especialistas certificadas, 1,721 proveedores dentales, 1,056 proveedores de cuidado de la vista, 15 proveedores de planificación familiar calificados, 25 agencias de cuidado de la salud con calificación federal o clínicas de salud rurales, 312 servicios y apoyo a largo plazo, 761 proveedores auxiliares, 294 centros de enfermería especializada, 5,739 proveedores de salud del comportamiento, 197 centros de salud del comportamiento, 371 unidades del Departamento de Salud Mental y Servicios para Adicciones de Ohio, una lista de 139 agencias de proveedores certificadas por el Departamento de Salud Mental y Servicios para Adicciones de Ohio, y 605 farmacias en la red.","9/1/2016","OHMM_A5  (Care/Caid - NE-Cleveland only -Spanish)","MOEW.16.999.01.9.009","","7 a.m. to 8 p.m., local time,  Monday - Friday","","","","","",""
*****
"50001","2018","English ","UnitedHealthcare Connected® for MyCare Ohio (Medicare‑Medicaid Plan)","Ohio","Cuyahoga county (Cleveland Only)","1-877-542-9236","8 a.m. - 8 p.m., local time,  Monday - Friday","www.UHCCommunityPlan.com ","DO NOT USE","2017_MMP_OH_UHC_CommPlan_Logo_K_Large","H2531_170627_125818_FINAL_5 Approved","CSOH18MM4060479_000","MMP","H2531-001","UnitedHealthcare Connected for MyCare Ohio","N/A","711","DO NOT USE","1-877-542-9236","UnitedHealthcare Connected for MyCare Ohio (Medicare‑Medicaid Plan)","DO NOT USE","www.myuhc.com/CommunityPlan","175 hospitals, 6,067 primary care providers, 13,552 specialists, 827 Pediatrics, 997 Obstetrics & Gynecology, 243 Certified Nurse Midwives, 1,672 Certified Nurse Practitioners, 1,721 Dental Providers, 1,056 Vision Care Providers, 15 Qualified Family Planning Providers, 25 Federally Qualified Health Care Agency / Rural Health Clinic, 312 Long Term Supports and Services, 761 Ancillary Providers, 294 Skilled Nursing Facilities, 5,739 Behavioral Health Providers, 197 Behavioral Health Facilities, 371 Ohio Department of Mental Health and Addiction Services (OhioMHAS), 139 List of Certified OhioHAS Provider Agencies, and 605 pharmacies","9/1/2016","OHMM_A5  SP (Care/Caid - NE-Cleveland only)","MOEW.16.999.01.9.0010","","de lunes a viernes, de 7 a.m. a 8 p.m., hora local","","","","","",""
*****
"50001","2018","English ","UnitedHealthcare Connected® (Medicare-Medicaid Plan)","Texas","Harris county","1-800-256-6533 ","8 a.m. to 8 p.m. Central Time, Monday to Friday","www.UHCCommunityPlan.com ","DO NOT USE","2017_MMP_TX_UHC_CommPlan_Logo_K_Large","H7833_170605_122323_FINAL_1 Approved","CSTX18MM4060459_000","MMP","H7833-001","UnitedHealthcare Connected","N/A","7-1-1","DO NOT USE","1-800-256-6533 ","UnitedHealthcare Connected (Medicare-Medicaid)","DO NOT USE","www.myuhc.com/CommunityPlan","52 hospitals, 2,564 primary care physicians, 5,476 specialists and 5,109 other providers","9/1/2016","TXMMP (Caid/Care)","MTEW.16.999.01.9.001","MMTX.17.999.01.9.001","de lunes a viernes, de 8 a.m. a 8 p.m., hora del Centro","","","","","",""
*****
"50001","2018","Spanish","UnitedHealthcare Connected® (Medicare-Medicaid Plan)","Texas","Condado de Harris","1-800-256-6533 ","de lunes a viernes, de 8 a.m. a 8 p.m., hora del Centro","www.UHCCommunityPlan.com ","DO NOT USE","2017_MMP_TX_UHC_CommPlan_Logo_K_Large","H7833_170605_122323_FINAL_1SP","CSTX18MM4060460_000","MMP","H7833-001","UnitedHealthcare Connected","N/A","7-1-1","el condado de Harris","1-800-256-6533 ","UnitedHealthcare Connected (Medicare-Medicaid)","DO NOT USE","www.myuhc.com/CommunityPlan","52 hospitales; 2,564 proveedores de cuidado primario; 5,476 especialistas y 5,109 proveedores de otros servicios.","9/1/2016","TXMMPSP (Caid/Care - Spanish)","MTEW.16.999.01.9.002","MMTX.17.999.01.9.002","8 a.m. to 8 p.m. Central Time, Monday to Friday","","","","","",""
*****
