"RecID","Plan Year","language","H_PBP for versioning","Plan Type (MA/MAPD/PDP)","Component Code","Material ID","Brand_Logo","CustServPhoneNumber","CustServHours","CustServWebSite","Directory Type (Individual or Group)","Plan with tiers in PCP section","Plan with tiers in Specialist section","Tier provider listing","Group Type"
"50001","2018","English","JOHNSON & JOHNSON","MA","UHEX18PP4107788_001","NM_170606_124204","JnJ","1-866-868-0511","8 a.m. - 8 p.m. local time, Monday - Friday","www.UHCRetiree.com/jnj","Group","","","","JOHNSON & JOHNSON",
*****
"50001","2018","English","NOKIA","MA","UHEX18PP4107802_001","NM_170606_124204","Nokia","1-888-980-8117","8 a.m. - 8 p.m. local time, Monday - Friday","www.UHCRetiree.com/nokia","Group","","","","NOKIA",
*****
"50001","2018","English","PFIZER","MA","UHEX18PP4107810_001","NM_170606_124204","Pfizer","1-866-868-0329","8 a.m. - 8 p.m. local time, Monday - Friday","www.UHCRetiree.com/pfizer","Group","","","","PFIZER",
*****
"50001","2018","English","TEACHERS RETIREMNT SYS KY TRS","MA","UHEX18PP4107821_001","NM_170606_124204","TRS","1-844-518-5877","8 a.m. - 8 p.m. local time, Monday - Friday","www.UHCRetiree.com/ktrs","Group","","","","TEACHERS RETIREMNT SYS KY TRS",
*****
"50001","2018","English","Standard","MA","UHEX18PP4107750_001","NM_170606_124204","UnitedHealthcare","1-800-457-8506","8 a.m. - 8 p.m. local time, Monday - Friday","www.UHCRetiree.com","Group","","","","Standard",
*****
"50001","2018","English","EDISON - FLEX RET","MA","UHEX18HM4107779_001","NM_170606_124204","UnitedHealthcare","1-800-457-8506","8 a.m. - 8 p.m. local time, Monday - Friday","www.UHCRetiree.com/edison","Group","","","","EDISON - FLEX RET",
*****
"50001","2018","English","AMERICAN CHEMICAL SOCIETY","MA","UHEX18PP4107754_001","NM_170606_124204","UnitedHealthcare","1-877-298-2260","8 a.m. - 8 p.m. local time, Monday - Friday","www.UHCRetiree.com","Group","","","","AMERICAN CHEMICAL SOCIETY",
*****
"50001","2018","English","AT&T, INC.","MA","UHEX18PP4107760_001","NM_170606_124204","UnitedHealthcare","1-888-803-9234","8 a.m. - 8 p.m. local time, Monday - Friday","www.UHCRetiree.com","Group","","","","AT&T, INC.",
*****
"50001","2018","English","BASF CORPORATION","MA","UHEX18PP4107762_001","NM_170606_124204","UnitedHealthcare","1-866-811-3630","8 a.m. - 8 p.m. local time, Monday - Friday","www.UHCRetiree.com/basf","Group","","","","BASF CORPORATION",
*****
"50001","2018","English","B & C HEALTH PLAN","MA","UHEX18PP4107763_001","NM_170606_124204","UnitedHealthcare","1-800-281-4022","8 a.m. - 8 p.m. local time, Monday - Friday","www.UHCRetiree.com","Group","","","","B & C HEALTH PLAN",
*****
"50001","2018","English","Deere","MA","UHEX18PP4107775_001","NM_170606_124204","UnitedHealthcare","1-866-811-8476","8 a.m. - 8 p.m. local time, Monday - Friday","www.UHCRetiree.com","Group","","","","Deere",
*****
"50001","2018","English","EATON","MA","UHEX18PP4107778_001","NM_170606_124204","UnitedHealthcare","1-877-456-7241","8 a.m. - 8 p.m. local time, Monday - Friday","www.UHCRetiree.com","Group","","","","EATON",
*****
"50001","2018","English","METLIFE","MA","UHEX18PP4107791_001","NM_170606_124204","UnitedHealthcare","1-866-622-7981","8 a.m. - 8 p.m. local time, Monday - Friday","www.UHCRetiree.com/metlife","Group","","","","METLIFE",
*****
"50001","2018","English","MILWAUKEE PUBLIC SCHOOLS","MA","UHEX18PP4107800_001","NM_170606_124204","UnitedHealthcare","1-866-487-9303","8 a.m. - 8 p.m. local time, Monday - Friday","www.UHCRetiree.com","Group","","","","MILWAUKEE PUBLIC SCHOOLS",
*****
"50001","2018","English","NEW YORK CITY DC CARPENTERS","MA","UHEX18PP4107804_001","NM_170606_124204","UnitedHealthcare","1-888-736-7441","8 a.m. - 8 p.m. local time, Monday - Friday","www.UHCRetiree.com","Group","","","","NEW YORK CITY DC CARPENTERS",
*****
"50001","2018","English","PEEHIP","MA","UHEX18PP4107807_001","NM_170606_124204","UnitedHealthcare","1-877-298-2341","8 a.m. - 8 p.m. local time, Monday - Friday","www.UHCRetiree.com/peehip","Group","","","","PEEHIP",
*****
"50001","2018","English","RR DONNELLEY","MA","UHEX18PP4107811_001","NM_170606_124204","UnitedHealthcare","1-866-868-0286","8 a.m. - 8 p.m. local time, Monday - Friday","www.UHCRetiree.com","Group","","","","RR DONNELLEY",
*****
"50001","2018","English","STATE OF HAWAII-EUTF","MA","UHEX18PP4107817_001","NM_170606_124204","UnitedHealthcare","1-866-868-0324","7 a.m. - 8 p.m. HST, Monday - Friday","www.UHCRetiree.com","Group","","","","STATE OF HAWAII-EUTF",
*****
"50001","2018","English","THE TRAVELERS COMPANIES INC","MA","UHEX18PP4107820_001","NM_170606_124204","UnitedHealthcare","1-800-281-1921","8 a.m. - 8 p.m. local time, Monday - Friday","www.UHCRetiree.com/travelers","Group","","","","THE TRAVELERS COMPANIES INC",
*****
"50001","2018","English","UAW RETIREE MED BENEFITS TRUST","MA","UHEX18PP4107823_001","NM_170606_124204","UnitedHealthcare","1-866-480-0073","8 a.m. - 8 p.m. local time, Monday - Friday","www.UHCRetiree.com/uawtrust","Group","","","","UAW RETIREE MED BENEFITS TRUST",
*****
"50001","2018","English","B of A","MA","UHEX18PP4120893_001","NM_170606_124204","UnitedHealthcare","1-866-460-8856","8 a.m. - 8 p.m. local time, Monday - Friday","www.UHCRetiree.com/healthplans","Group","","","","B of A",
*****
"50001","2018","English","Chicago Teachers’ Pension Fund (CTPF)","MA","UHEX18HM4124895_001","NM_170606_124204","UnitedHealthcare","1-866-572-9396","8 a.m. - 8 p.m. local time, Monday - Friday","www.UHCRetiree.com/CTPF","Group","","","","CTPF",
*****
"50001","2018","English","Shell","MA","UHEX18HM4124901_001","NM_170606_124204","UnitedHealthcare","1-866-413-2864","8 a.m. - 8 p.m. local time, Monday - Friday","www.UHCRetiree.com/shell","Group","","","","Shell",
*****
"50001","2018","English","University of Missouri","MA","UHEX18HM4124911_001","NM_170606_124204","UnitedHealthcare","1-866-899-5903","8 a.m. - 8 p.m. local time, Monday - Friday","www.UHCRetiree.com","Group","","","","UofM",
*****
"50001","2018","English","VERIZON","MA","UHEX18HM4107826_001","NM_170606_124204","Verizon","1-888-866-6934","8 a.m. - 8 p.m. local time, Monday - Friday","www.UHCRetiree.com/verizon","Group","","","","VERIZON",
*****
"50001","2018","English","VERIZON","MA","UHEX18PP4114342_001","NM_170606_124204","Verizon","1-877-211-6548","8 a.m. - 8 p.m. local time, Monday - Friday","www.UHCRetiree.com/verizoneast","Group","","","","VERIZON",
*****
"50001","2018","English","GA DEPT OF COMMUNITY HEALTH","MAPD","UHEX18PP4107785_001","NM_170606_124204","GADCH","877-246-4190","8 a.m. - 8 p.m. local time, Monday - Friday","www.UHCRetiree.com/shbp","Group","","","","GA DEPT OF COMMUNITY HEALTH",
*****
"50001","2018","English","Deere","PDP","UHEX18PD4107773_001","NM_170606_124204","UnitedHealthcare","1-866-674-0491","8 a.m. - 8 p.m. local time, Monday - Friday","www.UHCRetiree.com","Group","","","","Deere",
*****
"50001","2018","English","Deere","PDP","UHEX18PD4116358_001","NM_170606_124204","UnitedHealthcare","1-866-674-0491","8 a.m. - 8 p.m. local time, Monday - Friday","www.myuhc.com","Group","","","","Deere",
*****
