"RecID","Plan Year","language","H_PBP for versioning","Plan Type (MA/MAPD/PDP)","Component Code","Material ID","Brand_Logo","CustServPhoneNumber","CustServHours","CustServWebSite","Directory Type (Individual or Group)","Plan with tiers in PCP section","Plan with tiers in Specialist section","Tier provider listing","Group Type"
"50001","2018","English","VERIZON","MA","UHEX18HM4107826_001","NM_170606_124204","Verizon","1-888-866-6934","8 a.m. - 8 p.m. local time, Monday - Friday","www.UHCRetiree.com/verizon","Group","no","no","","VERIZON",
*****
"50001","2018","English","VERIZON","MA","UHEX18PP4114342_001","NM_170606_124204","Verizon","1-877-211-6548","8 a.m. - 8 p.m. local time, Monday - Friday","www.UHCRetiree.com/verizoneast","Group","no","no","","VERIZON",
*****
