﻿"RecordID","Language","Season/Year","Next Edition Date","Plan Number","Site Name","Plan Name 1","Plan Name 2","Plan Name 3","Plan Type (1st paragraph and CO blurb)","Plan Type Plus","Plan Type Version","H (market)","PBP (product)","Bk 1 of 2","DMS Code","Plan Number","UBH Phone","Health Plan Website","UHC Logo","Co-Logo","NCQA DPRP Logo","NCQA HSRP Logo","Health Plan Name 1","Health Plan Additional Name 1","HP Address Line 1","HP City, State, Zip 1","Plan Name 4","Pub Date"
"50001","English","Spring/Summer 2017","September 2018","FRE-445","Connecticut  ","Freedom","CT - Fairfield, Hartford, Litchfield, Middlesex, New Haven, New London, Tolland and Windham Counties","","","","","445","FRE","","OXCT18FR4240996_000","FRE-445","","oxfordhealth.com","UHC_Oxford_Logo_4C_hi res_10 18 17","","","","","","","","","March 2018"
*****
"50001","English","Spring/Summer 2017","September 2018","LIB-445","Connecticut  ","Liberty","CT - Fairfield, Hartford, Litchfield, Middlesex, New Haven, New London, Tolland and Windham Counties","","","","","445","LIB","","OXCT18LI4240997_000","LIB-445","","oxfordhealth.com","UHC_Oxford_Logo_4C_hi res_10 18 17","","","","","","","","","March 2018"
*****
"50001","English","Spring/Summer 2017","September 2018","FRE-523","New Jersey","Freedom","NJ - Atlantic, Bergen, Burlington, Camden, Cape May, Cumberland, Essex, Gloucester, Hudson, Hunterdon, Mercer, Middlesex, Monmouth, Morris, Ocean, Passaic, Salem, Somerset, Sussex, Union and Warren Counties","","","","","523","FRE","","OXNJ18FR4240999_000","FRE-523","","oxfordhealth.com","UHC_Oxford_Logo_4C_hi res_10 18 17","","","","","","","","","March 2018"
*****
"50001","English","Spring/Summer 2017","September 2018","GSM-523","New Jersey","Liberty","NJ - Atlantic, Bergen, Burlington, Camden, Cape May, Cumberland, Essex, Gloucester, Hudson, Hunterdon, Mercer, Middlesex, Monmouth, Morris, Ocean, Passaic, Salem, Somerset, Sussex, Union and Warren Counties","","","","","523","GSM","","OXNJ18GS4241000_000","GSM-523","","oxfordhealth.com","UHC_Oxford_Logo_4C_hi res_10 18 17","","","","","","","","","March 2018"
*****
"50001","English","Spring/Summer 2017","September 2018","LIB-523","New Jersey","Garden State Medical","NJ - Atlantic, Bergen, Burlington, Camden, Cape May, Cumberland, Essex, Gloucester, Hudson, Hunterdon, Mercer, Middlesex, Monmouth, Morris, Ocean, Passaic, Salem, Somerset, Sussex, Union and Warren Counties","","","","","523","LIB","","OXNJ18LI4241002_000","LIB-523","","oxfordhealth.com","UHC_Oxford_Logo_4C_hi res_10 18 17","","","","","","","","","March 2018"
*****
﻿"RecordID","Language","Season/Year","Next Edition Date","Plan Number","Site Name","Plan Name 1","Plan Name 2","Plan Name 3","Plan Type (1st paragraph and CO blurb)","Plan Type Plus","Plan Type Version","H (market)","PBP (product)","Book 1 of 2","DMS Code","Plan Number","UBH Phone","Health Plan Website","UHC Logo","Co-Logo","NCQA DPRP Logo","NCQA HSRP Logo","Health Plan Name 1","Health Plan Additional Name 1","HP Address Line 1","HP City, State, Zip 1","Plan Name 4","Pub Date"
"50001","English","Spring 2018","July 2018","FRE-529","New York","Freedom","NY - Bronx, Dutchess, Kings, Nassau, New York, Orange, Putnam, Queens, Richmond, Rockland, Suffolk, Sullivan, Ulster and Westchester counties","","","","","529","FRE","","OXNY18FR4240991_000","FRE-529","","oxfordhealth.com","UHC_Oxford_Logo_4C_hi res_10 18 17","","","","","","","","","April 2018"
*****
"50001","English","Spring 2018","July 2018","LIB-529","New York","Liberty","NY - Bronx, Dutchess, Kings, Nassau, New York, Orange, Putnam, Queens, Richmond, Rockland, Suffolk, Sullivan, Ulster and Westchester counties","","","","","529","LIB","","OXNY18LI4240993_000","LIB-529","","oxfordhealth.com","UHC_Oxford_Logo_4C_hi res_10 18 17","","","","","","","","","April 2018"
*****
"50001","English","Spring 2018","July 2018","MET-529","New York","Metro","NY - Bronx, Dutchess, Kings, Nassau, New York, Orange, Putnam, Queens, Richmond, Rockland, Suffolk, Sullivan, Ulster and Westchester counties","","","","","529","MET","","OXNY18ME4240994_000","MET-529","","oxfordhealth.com","UHC_Oxford_Logo_4C_hi res_10 18 17","","","","","","","","","April 2018"
*****
