﻿"RecordID","Language","Season/Year","Next Edition Date","Plan Number","Site Name","Plan Name 1","Plan Name 2","Plan Name 3","Plan Type (1st paragraph and CO blurb)","Plan Type Plus","Plan Type Version","H (market)","PBP (product)","Book 1 of 2","DMS Code","Plan Number","UBH Phone","Health Plan Website","UHC Logo","Co-Logo","NCQA DPRP Logo","NCQA HSRP Logo","Health Plan Name 1","Health Plan Additional Name 1","HP Address Line 1","HP City, State, Zip 1","Plan Name 4","Pub Date"
"50001","English","Spring 2018","July 2018","FRE-529","New York","Freedom","NY - Bronx, Dutchess, Kings, Nassau, New York, Orange, Putnam, Queens, Richmond, Rockland, Suffolk, Sullivan, Ulster and Westchester counties","","","","","529","FRE","","OXNY18FR4240991_000","FRE-529","","oxfordhealth.com","UHC_Oxford_Logo_4C_hi res_10 18 17","","","","","","","","","April 2018"
*****
"50001","English","Spring 2018","July 2018","LIB-529","New York","Liberty","NY - Bronx, Dutchess, Kings, Nassau, New York, Orange, Putnam, Queens, Richmond, Rockland, Suffolk, Sullivan, Ulster and Westchester counties","","","","","529","LIB","","OXNY18LI4240993_000","LIB-529","","oxfordhealth.com","UHC_Oxford_Logo_4C_hi res_10 18 17","","","","","","","","","April 2018"
*****
"50001","English","Spring 2018","July 2018","MET-529","New York","Metro","NY - Bronx, Dutchess, Kings, Nassau, New York, Orange, Putnam, Queens, Richmond, Rockland, Suffolk, Sullivan, Ulster and Westchester counties","","","","","529","MET","","OXNY18ME4240994_000","MET-529","","oxfordhealth.com","UHC_Oxford_Logo_4C_hi res_10 18 17","","","","","","","","","April 2018"
*****
