﻿"RecID","Version","Description","H-PDP or Group Product Description","Plan Type","Additional Prescription Drug Coverage (23693 & 23695)","Bonus Drug List","Maintenance Drug List(90 or 100-day)","Prior Authorization Drug List","BDL Version","APD Copay","Component Code","CMS Code","APD Non Medicare Coverage","APD Mail Service CoPay","APD Mail Service Days","APD Part D drugs / diabetic supplies copay","BDL CoPay","BDL CoPay Co Insurance","MDL Effective date","Catastrophic Level Threshold","APD Medicare Drugs File Name","BDL File Name","MDL File Name","PA File Name","APD Part D and diabetic supplies file name","APD Non Medicare Drugs file name","Zero Cost shares","",""
"1001","Suffolk","2014 Additional Prescription Drug Coverage Custom Suffolk","","PDP","APD","BDL","","","MT","","UHEX14PD3477031_000","Y0066_130729_140138","","mail order","90","$0","NA","copay or coinsurance","NA","$4,550","8-21-13 APD Suffolk Medicare Drug 071213s (3).xls","8-21-13 BDL_MT_No Edits.xls","NA","","8-21-13 APD Suffolk Part D 071213 (3).xls","8-21-13 APD Suffolk Non Medicare Drugs 071213.xls","","",""
"2001","Absorica Capsule 10mg","$75","$112.50"
"2001","Absorica Capsule 20mg","$75","$112.50"
"2001","Absorica Capsule 30mg","$75","$112.50"
"2001","Absorica Capsule 40mg","$75","$112.50"
"2001","Acuvail","$75","$112.50"
"2001","Alsuma","$75","$112.50"
"2001","Amrix","$75","$112.50"
"2001","Amturnide","$75","$112.50"
"2001","Androgel","$75","$112.50"
"2001","Aplenzin","$75","$112.50"
"2001","Aricept 23mg","$75","$112.50"
"2001","Asacol HD Tablet 800mg","$75","$112.50"
"2001","Atelvia","$75","$112.50"
"2001","Auvi-Q Injection 0.15mg","$75","$112.50"
"2001","Auvi-Q Injection 0.3mg","$75","$112.50"
"2001","Axid Solution 15mg/ml","$75","$112.50"
"2001","Axiron","$75","$112.50"
"2001","Beyaz","$75","$112.50"
"2001","Cambia Powder","$75","$112.50"
"2001","Carisoprodol Tablet 250mg","$5","$10"
"2001","Cetirizine Syrup 1mg/ml","$5","$10"
"2001","Cetirizine Syrup 5mg/5ml","$5","$10"
"2001","Ciclodan Kit 8%","$75","$112.50"
"2001","Clarinex","$75","$112.50"
"2001","Clindacin Kit","$75","$112.50"
"2001","Clobeta Kit Cream","$75","$112.50"
"2001","Clobeta Kit Ointment","$75","$112.50"
"2001","Clobetaplus  Kit Cream","$75","$112.50"
"2001","Clobetaplus  Kit Ointment","$75","$112.50"
"2001","Clobex Shampoo 0.05%","$75","$112.50"
"2001","Conzip Capsule 100mg","$75","$112.50"
"2001","Conzip Capsule 200mg","$75","$112.50"
"2001","Conzip Capsule 300mg","$75","$112.50"
"2001","Delzicol Capsule 400mg","$75","$112.50"
"2001","Desloratadin Tablet 5mg","$5","$10"
"2001","Desonil Plus Kit Cream","$75","$112.50"
"2001","Desvenlafax Tablet 100mg ER","$75","$112.50"
"2001","Desvenlafax Tablet 50mg ER","$75","$112.50"
"2001","Detrol LA","$75","$112.50"
"2001","Duexis Tablet 800-26.6","$75","$112.50"
"2001","Dymista 137-50","$75","$112.50"
"2001","Edarbyclor Tablet 40-12.5","$75","$112.50"
"2001","Edarbyclor Tablet 40-25mg","$75","$112.50"
"2001","Edluar","$75","$112.50"
"2001","Elestat 0.05%","$75","$112.50"
"2001","Emadine Solution 0.05%","$75","$112.50"
"2001","Epiduo Gel","$75","$112.50"
"2001","Extavia Injection","$75","$112.50"
"2001","Flector","$75","$112.50"
"2001","Flo-Pred ","$75","$112.50"
"2001","Forfivo XL 450mg","$75","$112.50"
"2001","Fortesta Gel 10mg/Act","$75","$112.50"
"2001","Generess Fe ","$75","$112.50"
"2001","Genotropin","$75","$112.50"
"2001","Giazo Tablet 1.1Gram","$75","$112.50"
"2001","Gralise Tablet 300mg","$75","$112.50"
"2001","Gralise Tablet 600mg","$75","$112.50"
"2001","Gralise Star Mis 300/600","$75","$112.50"
"2001","Horizant Tablet 600mg","$75","$112.50"
"2001","Hydrocortisone Ointment 1%","$5","$10"
"2001","Hydrocortisone/AB Ointment 1%","$5","$10"
"2001","Ilevro 0.3%","$75","$112.50"
"2001","Intermezzo 1.75mg","$75","$112.50"
"2001","Intermezzo 3.5mg","$75","$112.50"
"2001","Jalyn","$75","$112.50"
"2001","Kadian","$75","$112.50"
"2001","Ketocon Kit","$75","$112.50"
"2001","Ketocon Kit Plus","$75","$112.50"
"2001","Ketodan Kit 2%","$75","$112.50"
"2001","Lansoprazole 15mg","$5","$10"
"2001","Lansoprazole 30mg","$5","$10"
"2001","Lorzone Tablet 375mg","$75","$112.50"
"2001","Lorzone Tablet 750mg","$75","$112.50"
"2001","Lotemax Gel 0.5%","$75","$112.50"
"2001","Mectalyte Emu 40%","$5","$10"
"2001","Mectalyte Sus 40%","$5","$10"
"2001","Metozolv 10mg","$75","$112.50"
"2001","Metozolv 5mg","$75","$112.50"
"2001","Metvixia Cream 16.8%","$75","$112.50"
"2001","Mirapex ER","$75","$112.50"
"2001","Modafinil 100mg","$5","$10"
"2001","Modafinil 200mg","$5","$10"
"2001","Morgidox Kit 1X100mg","$75","$112.50"
"2001","Morgidox Kit 2X100mg","$75","$112.50"
"2001","Motion Sick Chw 25mg","$5","$10"
"2001","Namenda XR 14mg","$75","$112.50"
"2001","Namenda XR 21mg","$75","$112.50"
"2001","Namenda XR  28mg","$75","$112.50"
"2001","Namenda XR 7mg","$75","$112.50"
"2001","Namenda XR Titratio","$75","$112.50"
"2001","Naprelan 375mg CR","$75","$112.50"
"2001","Naprelan 500mg CR","$75","$112.50"
"2001","Naprelan 750mg CR","$75","$112.50"
"2001","Nexiclon XR  Sus 0.09/ml","$75","$112.50"
"2001","Nexiclon XR 0.17mg","$75","$112.50"
"2001","Nexium 20mg","$75","$112.50"
"2001","Nexium 40mg","$75","$112.50"
"2001","Nitroglycerin Spr Lingual","$5","$10"
"2001","Nitrolingual Spr Duo Pack","$75","$112.50"
"2001","Nitrolingual Spr Pumpspra","$75","$112.50"
"2001","Nizatidine Sol 15mg/ml","$5","$10"
"2001","Omeclamox Mis Pak","$75","$112.50"
"2001","Onmel 200mg","$75","$112.50"
"2001","Pataday 0.2%","$75","$112.50"
"2001","Patanol 0.1%","$75","$112.50"
"2001","Pedipirox-4  Kit Nail","$75","$112.50"
"2001","Pennsaid 1.5%","$75","$112.50"
"2001","Pepcid Sus 40mg/5ml","$75","$112.50"
"2001","Pertzye","$75","$112.50"
"2001","Prevacid 15mg","$75","$112.50"
"2001","Prevacid 30mg","$75","$112.50"
"2001","Prolensa 0.07%","$75","$112.50"
"2001","Provigil 100mg","$75","$112.50"
"2001","Provigil 200mg","$75","$112.50"
"2001","Quillivant Sus XR","$75","$112.50"
"2001","Rayos 1mg","$75","$112.50"
"2001","Rayos 2mg","$75","$112.50"
"2001","Rayos 5mg","$75","$112.50"
"2001","Requip XL 12mg","$75","$112.50"
"2001","Requip XL2mg","$75","$112.50"
"2001","Requip XL Tab 4mg","$75","$112.50"
"2001","Requip XL 6mg","$75","$112.50"
"2001","Requip XL 8mg","$75","$112.50"
"2001","Ropinirole 12mg ER","$5","$10"
"2001","Ropinirole 2mg ER","$5","$10"
"2001","Ropinirole 4mg ER","$5","$10"
"2001","Ropinirole 6mg ER","$5","$10"
"2001","Ropinirole 8mg ER","$5","$10"
"2001","Rosadan Cream 0.75%","$5","$10"
"2001","Rosadan Gel 0.75%","$75","$112.50"
"2001","Rosadan Kit 0.75%","$75","$112.50"
"2001","Rybix 50mg","$75","$112.50"
"2001","Ryzolt 100mg","$75","$112.50"
"2001","Ryzolt 200mg","$75","$112.50"
"2001","Ryzolt 300mg","$75","$112.50"
"2001","Safyral","$75","$112.50"
"2001","Sancuso 3.1mg","$75","$112.50"
"2001","Silenor 3mg","$75","$112.50"
"2001","Silenor 6mg","$75","$112.50"
"2001","Simbrinza 1-0.2%","$75","$112.50"
"2001","Soma 250","$75","$112.50"
"2001","Sorilux 0.005%","$75","$112.50"
"2001","Suclear Kit","$75","$112.50"
"2001","Suprax Chw 100mg","$75","$112.50"
"2001","Suprax Chw 200mg","$75","$112.50"
"2001","Synalar Cream 0.025%","$75","$112.50"
"2001","Synalar Kit 0.025%","$75","$112.50"
"2001","Synalar Ointment 0.025%","$75","$112.50"
"2001","Synalar Solution 0.01%","$75","$112.50"
"2001","Synalar TS Kit 0.01%","$75","$112.50"
"2001","Tekamlo","$75","$112.50"
"2001","Tobradex ST  Sus 0.3-0.05","$75","$112.50"
"2001","Topicort Spr 0.25%","$75","$112.50"
"2001","Trianex Ointment 0.05%","$75","$112.50"
"2001","Tribenzor","$75","$112.50"
"2001","Trilipix 135Mg","$75","$112.50"
"2001","Trilipix 45Mg","$75","$112.50"
"2001","Twynsta ","$75","$112.50"
"2001","Uceris  9mg","$75","$112.50"
"2001","Ultravate X  Kit 0.05-10%","$75","$112.50"
"2001","Ultresa 13800unit","$75","$112.50"
"2001","Ultresa  20700unit","$75","$112.50"
"2001","Ultresa 23000unit","$75","$112.50"
"2001","Umecta Emu","$75","$112.50"
"2001","Umecta Sus 40%","$75","$112.50"
"2001","Umecta Nail  Sus Film","$75","$112.50"
"2001","Umecta PD Emu 40%","$75","$112.50"
"2001","Umecta PD Emu 40-0.3%","$75","$112.50"
"2001","Umecta PD Sus 40-0.3%","$75","$112.50"
"2001","Valturna 150-160","$75","$112.50"
"2001","Valturna 300-320","$75","$112.50"
"2001","Vascepa 1gram","$75","$112.50"
"2001","Veltin","$75","$112.50"
"2001","Venlafaxine Tablet 150mg ER","$5","$10"
"2001","Venlafaxine Tablet 225mg ER","$5","$10"
"2001","Venlafaxine Tablet 37.5mg ER","$5","$10"
"2001","Venlafaxine Tablet 75mg ER","$5","$10"
"2001","Vimovo 375-20mg","$75","$112.50"
"2001","Vimovo 500-20mg","$75","$112.50"
"2001","Xolegel Kit Corepak","$75","$112.50"
"2001","Zantac Syrup 15mg/ml","$75","$112.50"
"2001","Ziana","$75","$112.50"
"2001","Zipsor 25mg","$75","$112.50"
"2001","Zolpimist 5mg","$75","$112.50"
"2001","Zuplenz 4mg","$75","$112.50"
"2001","Zuplenz 8mg","$75","$112.50"
"2001","Zyclara Cream 3.75%","$75","$112.50"
"2001","Zyclara Pump Cream 2.5%","$75","$112.50"
"2001","Zyclara Pump Cream 3.75%","$75","$112.50"
"2002","ANALGESICS - DRUGS TO TREAT PAIN, INFLAMMATION, AND MUSCLE AND JOINT CONDITIONS","","","","",""
"2002","","Inflammation","","","",""
"2002","","","Salsalate","G","1",""
"2002","","Urinary Tract Pain","","","",""
"2002","","","Phenazopyridine","G","1",""
"2002","ANTIMIGRAINE AGENTS - DRUGS TO TREAT MIGRAINES","","","","",""
"2002","","","Isometheptene/Acetaminophen/Dichloralphenazone","G","1",""
"2002","CENTRAL NERVOUS SYSTEM AGENTS - ANXIOLYTICS, SEDATIVES, HYPNOTICS","","","","",""
"2002","","Weight Loss","","","",""
"2002","","","Phentermine","G","1",""
"2002","DERMATOLOGICAL AGENTS - DRUGS TO TREAT SKIN CONDITIONS","","","","",""
"2002","","Dry Skin","","","",""
"2002","","","Urea 40% Cream ","G","1",""
"2002","GASTROINTESTINAL AGENTS - DRUGS TO TREAT BOWEL, INTESTINE AND STOMACH CONDITIONS","","","","",""
"2002","","Hemorrhoids","","","",""
"2002","","","Analpram-HC","B","3",""
"2002","","","Anucort-HC","G","1",""
"2002","","","Hydrocortisone Acetate","G","1",""
"2002","","","Hydrocortisone/Pramoxine","G","1",""
"2002","","","Hemorrhoidal HC","G","1",""
"2002","","Irritable Bowel","","","",""
"2002","","","Chlordiazepoxide/Clidinium","G","1",""
"2002","","","Hyoscyamine","G","1",""
"2002","","Irritable Bowel or Ulcers","","","",""
"2002","","","Belladonna Alkaloid/Phenobarbital","G","1",""
"2002","GENITOURINARY AGENTS - DRUGS TO TREAT BLADDER, GENITAL AND KIDNEY CONDITIONS","","","","",""
"2002","","Erectile Dysfunction","","","",""
"2002","","","Caverject","B","3",""
"2002","","","Cialis","B","3",""
"2002","","","Edex","B","3",""
"2002","","","Levitra","B","3",""
"2002","","","Muse","B","3",""
"2002","","","Viagra","B","3",""
"2002","HORMONAL AGENTS, STIMULANT/REPLACEMENT/MODIFYING (SEX HORMONES/MODIFIERS) - DRUGS TO REGULATE HORMONES AND TREAT DIABETES AND BONE CONDITIONS","","","","",""
"2002","","Hormone Replacement","","","",""
"2002","","","Esterified Estrogen","G","1",""
"2002","","","Esterified Estrogen/Methyltestosterone","G","1",""
"2002","","Thyroid Supplement","","","",""
"2002","","","Armour Thyroid","B","3",""
"2002","","","Nature-throid","B","3",""
"2002","NUTRITIONAL SUPPLEMENTS - DRUGS TO TREAT VITAMIN, MINERAL AND BODY FLUID DEFICIENCIES","","","","",""
"2002","","","Cyanocobalamin","G","1",""
"2002","","","Folbee","G","1",""
"2002","","","Folic Acid (Rx only)","G","1",""
"2002","","","Nascobal","B","3",""
"2002","","","Nephrocaps","B","3",""
"2002","","","Rena-Vite","G","1",""
"2002","","","Vitamin D (Rx only)","G","1",""
"2002","","","Mephyton","B","2",""
"2002","","Potassium Supplement","","","",""
"2002","","","Klor-Con EF","G","1",""
"2002","","","Potassium Chloride 10% Liquid","G","1",""
"2002","OTIC AGENTS - DRUGS TO TREAT EAR CONDITIONS","","","","",""
"2002","","Ear Pain","","","",""
"2002","","","Antipyrine and Benzocaine","G","1",""
"2002","RESPIRATORY TRACT AGENTS - DRUGS TO TREAT ALLERGIES, COUGH, COLD AND LUNG CONDITIONS","","","","",""
"2002","","Cough and Cold","","","",""
"2002","","","Benzonatate","G","1",""
"2002","","","Cheratussin AC","G","1",""
"2002","","","Cheratussin DAC","G","1",""
"2002","","","Hydrocodone/Homatropine","G","1",""
"2002","","","Hydromet","G","1",""
"2002","","","Promethazine Syrup","G","1",""
"2002","","","Promethazine VC Syrup","G","1",""
"2002","","","Promethazine/Codeine Syrup","G","1",""
"2002","","","Tussigon","G","1",""
"2005","Allegra","$75","$112.50"
"2005","Allegra D","$75","$112.50"
"2005","Analpram Kit Advanced","$75","$112.50"
"2005","Benzefoam  Aer 5.3%","$75","$112.50"
"2005","Ciclopirox Kit 8%","$5","$10"
"2005","Delos Lotion 3.5%","$75","$112.50"
"2005","Desonil Kit 0.05%","$5","$10"
"2005","Fexofenadine","$5","$10"
"2005","Fexofenadine/Psuedoephedrine","$5","$10"
"2005","Orbivan Cap","$75","$112.50"
"2005","Pramosone E  Cream 1-2.5%","$75","$112.50"
"2005","Sumaxin TS Sus 8-4%","$75","$112.50"
"2005","Umecta Mousse Aer 40%","$75","$112.50"
"2006","Certain Diabetes Medications Including Insulin","$0","$0"
"2006","Cetain Diabetes Supplies","$0","$0"
***
"1001","Standard","2014 Bonus Drug List B - NO EDITS","","Both","","BDL","","","B - NO EDITS","","UHEX14PD3490663_000","Y0066_130729_140138","","","","","NA","copay or coinsurance","NA","$4,550","","8-22-13 BDL_B_No Edits.xls","NA","","","","","",""
"2002","GENITOURINARY AGENTS - DRUGS TO TREAT BLADDER, GENITAL AND KIDNEY CONDITIONS","","","","",""
"2002","","Erectile Dysfunction","","","",""
"2002","","","Cialis","B","3",""
"2002","","","Levitra","B","3",""
"2002","","","Staxyn","B","3",""
"2002","","","Viagra","B","3",""
"2002","NUTRITIONAL SUPPLEMENTS - DRUGS TO TREAT VITAMIN, MINERAL AND BODY FLUID DEFICIENCIES","","","","",""
"2002","","","Cyanocobalamin","G","1",""
"2002","","","Folic Acid (Rx only)","G","1",""
"2002","","","Mephyton","B","3",""
"2002","","","Multi-12 injection","G","1",""
"2002","","","Phytonadione injection","G","1",""
***
"1001","Standard","2014 Bonus Drug List U - NO EDITS","","Both","","BDL","","","U - NO EDITS","","UHEX14PD3490664_000","Y0066_130729_140138","","","","","NA","copay or coinsurance","NA","$4,550","","8-22-13 BDL_U_No Edits.xls","NA","","","","","",""
"2002","ANALGESICS - DRUGS TO TREAT PAIN, INFLAMMATION, AND MUSCLE AND JOINT CONDITIONS","","","","",""
"2002","","Inflammation","","","",""
"2002","","","Salsalate","G","1",""
"2002","","Urinary Tract Pain","","","",""
"2002","","","Phenazopyridine","G","1",""
"2002","ANTIMIGRAINE AGENTS - DRUGS TO TREAT MIGRAINES","","","","",""
"2002","","","Isometheptene/Acetaminophen/Dichloralphenazone","G","1",""
"2002","CENTRAL NERVOUS SYSTEM AGENTS - ANXIOLYTICS, SEDATIVES, HYPNOTICS","","","","",""
"2002","","Weight Loss","","","",""
"2002","","","Phentermine","G","1",""
"2002","DERMATOLOGICAL AGENTS - DRUGS TO TREAT SKIN CONDITIONS","","","","",""
"2002","","Dry Skin","","","",""
"2002","","","Urea 40% Cream","G","1",""
"2002","GASTROINTESTINAL AGENTS - DRUGS TO TREAT BOWEL, INTESTINE AND STOMACH CONDITIONS","","","","",""
"2002","","Hemorrhoids","","","",""
"2002","","","Analpram-HC","B","3",""
"2002","","","Anucort-HC","G","1",""
"2002","","","Hydrocortisone Acetate","G","1",""
"2002","","","Hydrocortisone/Pramoxine","G","1",""
"2002","","","Hemorrhoidal HC","G","1",""
"2002","","Irritable Bowel","","","",""
"2002","","","Chlordiazepoxide/Clidinium","G","1",""
"2002","","","Hyoscyamine","G","1",""
"2002","","Irritable Bowel or Ulcers","","","",""
"2002","","","Belladonna Alkaloid/Phenobarbital","G","1",""
"2002","GENITOURINARY AGENTS - DRUGS TO TREAT BLADDER, GENITAL AND KIDNEY CONDITIONS","","","","",""
"2002","","Erectile Dysfunction","","","",""
"2002","","","Caverject","B","3",""
"2002","","","Cialis","B","3",""
"2002","","","Edex","B","3",""
"2002","","","Levitra","B","3",""
"2002","","","Muse","B","3",""
"2002","","","Staxyn","B","3",""
"2002","","","Viagra","B","3",""
"2002","HORMONAL AGENTS, STIMULANT/REPLACEMENT/MODIFYING (SEX HORMONES/MODIFIERS) - DRUGS TO REGULATE HORMONES AND TREAT DIABETES AND BONE CONDITIONS","","","","",""
"2002","","Hormone Replacement","","","",""
"2002","","","Esterified Estrogen","G","1",""
"2002","","","Esterified Estrogen/Methyltestosterone","G","1",""
"2002","","Thyroid Supplement","","","",""
"2002","","","Armour Thyroid","B","3",""
"2002","","","Nature-throid","B","3",""
"2002","NUTRITIONAL SUPPLEMENTS - DRUGS TO TREAT VITAMIN, MINERAL AND BODY FLUID DEFICIENCIES","","","","",""
"2002","","","Cyanocobalamin","G","1",""
"2002","","","Folbee","G","1",""
"2002","","","Folic Acid (Rx only)","G","1",""
"2002","","","Nascobal","B","3",""
"2002","","","Nephrocaps","B","3",""
"2002","","","Rena-Vite","G","1",""
"2002","","","Vitamin D (Rx only)","G","1",""
"2002","","","Mephyton","B","3",""
"2002","","Potassium Supplement","","","",""
"2002","","","Klor-Con EF","G","1",""
"2002","","","Potassium Chloride 10% Liquid","G","1",""
"2002","OTIC AGENTS - DRUGS TO TREAT EAR CONDITIONS","","","","",""
"2002","","Ear Pain","","","",""
"2002","","","Antipyrine and Benzocaine","G","1",""
"2002","RESPIRATORY TRACT AGENTS - DRUGS TO TREAT ALLERGIES, COUGH, COLD AND LUNG CONDITIONS","","","","",""
"2002","","Cough and Cold","","","",""
"2002","","","Benzonatate","G","1",""
"2002","","","Cheratussin AC","G","1",""
"2002","","","Cheratussin DAC","G","1",""
"2002","","","Hydrocodone/Homatropine","G","1",""
"2002","","","Hydromet","G","1",""
"2002","","","Promethazine Syrup","G","1",""
"2002","","","Promethazine VC Syrup","G","1",""
"2002","","","Promethazine/Codeine Syrup","G","1",""
"2002","","","Tussigon","G","1",""
***
"1001","Standard","2014 Bonus Drug List MT - NO EDITS","","PDP","","BDL","","","MT - NO EDITS","","UHEX14PD3490665_000","Y0066_130729_140138","","","","","NA","copay or coinsurance","NA","$4,550","","8-21-13 BDL_MT_No Edits.xls","NA","","","","","",""
"2002","ANALGESICS - DRUGS TO TREAT PAIN, INFLAMMATION, AND MUSCLE AND JOINT CONDITIONS","","","","",""
"2002","","Inflammation","","","",""
"2002","","","Salsalate","G","1",""
"2002","","Urinary Tract Pain","","","",""
"2002","","","Phenazopyridine","G","1",""
"2002","ANTIMIGRAINE AGENTS - DRUGS TO TREAT MIGRAINES","","","","",""
"2002","","","Isometheptene/Acetaminophen/Dichloralphenazone","G","1",""
"2002","CENTRAL NERVOUS SYSTEM AGENTS - ANXIOLYTICS, SEDATIVES, HYPNOTICS","","","","",""
"2002","","Weight Loss","","","",""
"2002","","","Phentermine","G","1",""
"2002","DERMATOLOGICAL AGENTS - DRUGS TO TREAT SKIN CONDITIONS","","","","",""
"2002","","Dry Skin","","","",""
"2002","","","Urea 40% Cream ","G","1",""
"2002","GASTROINTESTINAL AGENTS - DRUGS TO TREAT BOWEL, INTESTINE AND STOMACH CONDITIONS","","","","",""
"2002","","Hemorrhoids","","","",""
"2002","","","Analpram-HC","B","3",""
"2002","","","Anucort-HC","G","1",""
"2002","","","Hydrocortisone Acetate","G","1",""
"2002","","","Hydrocortisone/Pramoxine","G","1",""
"2002","","","Hemorrhoidal HC","G","1",""
"2002","","Irritable Bowel","","","",""
"2002","","","Chlordiazepoxide/Clidinium","G","1",""
"2002","","","Hyoscyamine","G","1",""
"2002","","Irritable Bowel or Ulcers","","","",""
"2002","","","Belladonna Alkaloid/Phenobarbital","G","1",""
"2002","GENITOURINARY AGENTS - DRUGS TO TREAT BLADDER, GENITAL AND KIDNEY CONDITIONS","","","","",""
"2002","","Erectile Dysfunction","","","",""
"2002","","","Caverject","B","3",""
"2002","","","Cialis","B","3",""
"2002","","","Edex","B","3",""
"2002","","","Levitra","B","3",""
"2002","","","Muse","B","3",""
"2002","","","Viagra","B","3",""
"2002","HORMONAL AGENTS, STIMULANT/REPLACEMENT/MODIFYING (SEX HORMONES/MODIFIERS) - DRUGS TO REGULATE HORMONES AND TREAT DIABETES AND BONE CONDITIONS","","","","",""
"2002","","Hormone Replacement","","","",""
"2002","","","Esterified Estrogen","G","1",""
"2002","","","Esterified Estrogen/Methyltestosterone","G","1",""
"2002","","Thyroid Supplement","","","",""
"2002","","","Armour Thyroid","B","3",""
"2002","","","Nature-throid","B","3",""
"2002","NUTRITIONAL SUPPLEMENTS - DRUGS TO TREAT VITAMIN, MINERAL AND BODY FLUID DEFICIENCIES","","","","",""
"2002","","","Cyanocobalamin","G","1",""
"2002","","","Folbee","G","1",""
"2002","","","Folic Acid (Rx only)","G","1",""
"2002","","","Nascobal","B","3",""
"2002","","","Nephrocaps","B","3",""
"2002","","","Rena-Vite","G","1",""
"2002","","","Vitamin D (Rx only)","G","1",""
"2002","","","Mephyton","B","2",""
"2002","","Potassium Supplement","","","",""
"2002","","","Klor-Con EF","G","1",""
"2002","","","Potassium Chloride 10% Liquid","G","1",""
"2002","OTIC AGENTS - DRUGS TO TREAT EAR CONDITIONS","","","","",""
"2002","","Ear Pain","","","",""
"2002","","","Antipyrine and Benzocaine","G","1",""
"2002","RESPIRATORY TRACT AGENTS - DRUGS TO TREAT ALLERGIES, COUGH, COLD AND LUNG CONDITIONS","","","","",""
"2002","","Cough and Cold","","","",""
"2002","","","Benzonatate","G","1",""
"2002","","","Cheratussin AC","G","1",""
"2002","","","Cheratussin DAC","G","1",""
"2002","","","Hydrocodone/Homatropine","G","1",""
"2002","","","Hydromet","G","1",""
"2002","","","Promethazine Syrup","G","1",""
"2002","","","Promethazine VC Syrup","G","1",""
"2002","","","Promethazine/Codeine Syrup","G","1",""
"2002","","","Tussigon","G","1",""
***
﻿"RecID","Version","Description","H-PDP or Group Product Description","Plan Type","Additional Prescription Drug Coverage (23693 & 23695)","Bonus Drug List","Maintenance Drug List(90 or 100-day)","Prior Authorization Drug List","BDL Version","APD Copay","Component Code","CMS Code","APD Non Medicare Coverage","APD Mail Service CoPay","APD Mail Service Days","APD Part D drugs / diabetic supplies copay","BDL CoPay","BDL CoPay Co Insurance","MDL Effective date","Catastrophic Level Threshold","APD Medicare Drugs File Name","BDL File Name","MDL File Name","PA File Name","APD Part D and diabetic supplies file name","APD Non Medicare Drugs file name","Zero Cost shares","",""
"1001","Suffolk","2014 Additional Prescription Drug Coverage Custom Suffolk","","PDP","APD","BDL","","","MT","","UHEX14PD3477031_000","Y0066_130729_140138","","mail order","90","$0","NA","copay or coinsurance","NA","$4,550","8-21-13 APD Suffolk Medicare Drug 071213s (3).xls","8-21-13 BDL_MT_No Edits.xls","NA","","8-21-13 APD Suffolk Part D 071213 (3).xls","8-21-13 APD Suffolk Non Medicare Drugs 071213.xls","","",""
"2001","Absorica Capsule 10mg","$75","$112.50"
"2001","Absorica Capsule 20mg","$75","$112.50"
"2001","Absorica Capsule 30mg","$75","$112.50"
"2001","Absorica Capsule 40mg","$75","$112.50"
"2001","Acuvail","$75","$112.50"
"2001","Alsuma","$75","$112.50"
"2001","Amrix","$75","$112.50"
"2001","Amturnide","$75","$112.50"
"2001","Androgel","$75","$112.50"
"2001","Aplenzin","$75","$112.50"
"2001","Aricept 23mg","$75","$112.50"
"2001","Asacol HD Tablet 800mg","$75","$112.50"
"2001","Atelvia","$75","$112.50"
"2001","Auvi-Q Injection 0.15mg","$75","$112.50"
"2001","Auvi-Q Injection 0.3mg","$75","$112.50"
"2001","Axid Solution 15mg/ml","$75","$112.50"
"2001","Axiron","$75","$112.50"
"2001","Beyaz","$75","$112.50"
"2001","Cambia Powder","$75","$112.50"
"2001","Carisoprodol Tablet 250mg","$5","$10"
"2001","Cetirizine Syrup 1mg/ml","$5","$10"
"2001","Cetirizine Syrup 5mg/5ml","$5","$10"
"2001","Ciclodan Kit 8%","$75","$112.50"
"2001","Clarinex","$75","$112.50"
"2001","Clindacin Kit","$75","$112.50"
"2001","Clobeta Kit Cream","$75","$112.50"
"2001","Clobeta Kit Ointment","$75","$112.50"
"2001","Clobetaplus  Kit Cream","$75","$112.50"
"2001","Clobetaplus  Kit Ointment","$75","$112.50"
"2001","Clobex Shampoo 0.05%","$75","$112.50"
"2001","Conzip Capsule 100mg","$75","$112.50"
"2001","Conzip Capsule 200mg","$75","$112.50"
"2001","Conzip Capsule 300mg","$75","$112.50"
"2001","Delzicol Capsule 400mg","$75","$112.50"
"2001","Desloratadin Tablet 5mg","$5","$10"
"2001","Desonil Plus Kit Cream","$75","$112.50"
"2001","Desvenlafax Tablet 100mg ER","$75","$112.50"
"2001","Desvenlafax Tablet 50mg ER","$75","$112.50"
"2001","Detrol LA","$75","$112.50"
"2001","Duexis Tablet 800-26.6","$75","$112.50"
"2001","Dymista 137-50","$75","$112.50"
"2001","Edarbyclor Tablet 40-12.5","$75","$112.50"
"2001","Edarbyclor Tablet 40-25mg","$75","$112.50"
"2001","Edluar","$75","$112.50"
"2001","Elestat 0.05%","$75","$112.50"
"2001","Emadine Solution 0.05%","$75","$112.50"
"2001","Epiduo Gel","$75","$112.50"
"2001","Extavia Injection","$75","$112.50"
"2001","Flector","$75","$112.50"
"2001","Flo-Pred ","$75","$112.50"
"2001","Forfivo XL 450mg","$75","$112.50"
"2001","Fortesta Gel 10mg/Act","$75","$112.50"
"2001","Generess Fe ","$75","$112.50"
"2001","Genotropin","$75","$112.50"
"2001","Giazo Tablet 1.1Gram","$75","$112.50"
"2001","Gralise Tablet 300mg","$75","$112.50"
"2001","Gralise Tablet 600mg","$75","$112.50"
"2001","Gralise Star Mis 300/600","$75","$112.50"
"2001","Horizant Tablet 600mg","$75","$112.50"
"2001","Hydrocortisone Ointment 1%","$5","$10"
"2001","Hydrocortisone/AB Ointment 1%","$5","$10"
"2001","Ilevro 0.3%","$75","$112.50"
"2001","Intermezzo 1.75mg","$75","$112.50"
"2001","Intermezzo 3.5mg","$75","$112.50"
"2001","Jalyn","$75","$112.50"
"2001","Kadian","$75","$112.50"
"2001","Ketocon Kit","$75","$112.50"
"2001","Ketocon Kit Plus","$75","$112.50"
"2001","Ketodan Kit 2%","$75","$112.50"
"2001","Lansoprazole 15mg","$5","$10"
"2001","Lansoprazole 30mg","$5","$10"
"2001","Lorzone Tablet 375mg","$75","$112.50"
"2001","Lorzone Tablet 750mg","$75","$112.50"
"2001","Lotemax Gel 0.5%","$75","$112.50"
"2001","Mectalyte Emu 40%","$5","$10"
"2001","Mectalyte Sus 40%","$5","$10"
"2001","Metozolv 10mg","$75","$112.50"
"2001","Metozolv 5mg","$75","$112.50"
"2001","Metvixia Cream 16.8%","$75","$112.50"
"2001","Mirapex ER","$75","$112.50"
"2001","Modafinil 100mg","$5","$10"
"2001","Modafinil 200mg","$5","$10"
"2001","Morgidox Kit 1X100mg","$75","$112.50"
"2001","Morgidox Kit 2X100mg","$75","$112.50"
"2001","Motion Sick Chw 25mg","$5","$10"
"2001","Namenda XR 14mg","$75","$112.50"
"2001","Namenda XR 21mg","$75","$112.50"
"2001","Namenda XR  28mg","$75","$112.50"
"2001","Namenda XR 7mg","$75","$112.50"
"2001","Namenda XR Titratio","$75","$112.50"
"2001","Naprelan 375mg CR","$75","$112.50"
"2001","Naprelan 500mg CR","$75","$112.50"
"2001","Naprelan 750mg CR","$75","$112.50"
"2001","Nexiclon XR  Sus 0.09/ml","$75","$112.50"
"2001","Nexiclon XR 0.17mg","$75","$112.50"
"2001","Nexium 20mg","$75","$112.50"
"2001","Nexium 40mg","$75","$112.50"
"2001","Nitroglycerin Spr Lingual","$5","$10"
"2001","Nitrolingual Spr Duo Pack","$75","$112.50"
"2001","Nitrolingual Spr Pumpspra","$75","$112.50"
"2001","Nizatidine Sol 15mg/ml","$5","$10"
"2001","Omeclamox Mis Pak","$75","$112.50"
"2001","Onmel 200mg","$75","$112.50"
"2001","Pataday 0.2%","$75","$112.50"
"2001","Patanol 0.1%","$75","$112.50"
"2001","Pedipirox-4  Kit Nail","$75","$112.50"
"2001","Pennsaid 1.5%","$75","$112.50"
"2001","Pepcid Sus 40mg/5ml","$75","$112.50"
"2001","Pertzye","$75","$112.50"
"2001","Prevacid 15mg","$75","$112.50"
"2001","Prevacid 30mg","$75","$112.50"
"2001","Prolensa 0.07%","$75","$112.50"
"2001","Provigil 100mg","$75","$112.50"
"2001","Provigil 200mg","$75","$112.50"
"2001","Quillivant Sus XR","$75","$112.50"
"2001","Rayos 1mg","$75","$112.50"
"2001","Rayos 2mg","$75","$112.50"
"2001","Rayos 5mg","$75","$112.50"
"2001","Requip XL 12mg","$75","$112.50"
"2001","Requip XL2mg","$75","$112.50"
"2001","Requip XL Tab 4mg","$75","$112.50"
"2001","Requip XL 6mg","$75","$112.50"
"2001","Requip XL 8mg","$75","$112.50"
"2001","Ropinirole 12mg ER","$5","$10"
"2001","Ropinirole 2mg ER","$5","$10"
"2001","Ropinirole 4mg ER","$5","$10"
"2001","Ropinirole 6mg ER","$5","$10"
"2001","Ropinirole 8mg ER","$5","$10"
"2001","Rosadan Cream 0.75%","$5","$10"
"2001","Rosadan Gel 0.75%","$75","$112.50"
"2001","Rosadan Kit 0.75%","$75","$112.50"
"2001","Rybix 50mg","$75","$112.50"
"2001","Ryzolt 100mg","$75","$112.50"
"2001","Ryzolt 200mg","$75","$112.50"
"2001","Ryzolt 300mg","$75","$112.50"
"2001","Safyral","$75","$112.50"
"2001","Sancuso 3.1mg","$75","$112.50"
"2001","Silenor 3mg","$75","$112.50"
"2001","Silenor 6mg","$75","$112.50"
"2001","Simbrinza 1-0.2%","$75","$112.50"
"2001","Soma 250","$75","$112.50"
"2001","Sorilux 0.005%","$75","$112.50"
"2001","Suclear Kit","$75","$112.50"
"2001","Suprax Chw 100mg","$75","$112.50"
"2001","Suprax Chw 200mg","$75","$112.50"
"2001","Synalar Cream 0.025%","$75","$112.50"
"2001","Synalar Kit 0.025%","$75","$112.50"
"2001","Synalar Ointment 0.025%","$75","$112.50"
"2001","Synalar Solution 0.01%","$75","$112.50"
"2001","Synalar TS Kit 0.01%","$75","$112.50"
"2001","Tekamlo","$75","$112.50"
"2001","Tobradex ST  Sus 0.3-0.05","$75","$112.50"
"2001","Topicort Spr 0.25%","$75","$112.50"
"2001","Trianex Ointment 0.05%","$75","$112.50"
"2001","Tribenzor","$75","$112.50"
"2001","Trilipix 135Mg","$75","$112.50"
"2001","Trilipix 45Mg","$75","$112.50"
"2001","Twynsta ","$75","$112.50"
"2001","Uceris  9mg","$75","$112.50"
"2001","Ultravate X  Kit 0.05-10%","$75","$112.50"
"2001","Ultresa 13800unit","$75","$112.50"
"2001","Ultresa  20700unit","$75","$112.50"
"2001","Ultresa 23000unit","$75","$112.50"
"2001","Umecta Emu","$75","$112.50"
"2001","Umecta Sus 40%","$75","$112.50"
"2001","Umecta Nail  Sus Film","$75","$112.50"
"2001","Umecta PD Emu 40%","$75","$112.50"
"2001","Umecta PD Emu 40-0.3%","$75","$112.50"
"2001","Umecta PD Sus 40-0.3%","$75","$112.50"
"2001","Valturna 150-160","$75","$112.50"
"2001","Valturna 300-320","$75","$112.50"
"2001","Vascepa 1gram","$75","$112.50"
"2001","Veltin","$75","$112.50"
"2001","Venlafaxine Tablet 150mg ER","$5","$10"
"2001","Venlafaxine Tablet 225mg ER","$5","$10"
"2001","Venlafaxine Tablet 37.5mg ER","$5","$10"
"2001","Venlafaxine Tablet 75mg ER","$5","$10"
"2001","Vimovo 375-20mg","$75","$112.50"
"2001","Vimovo 500-20mg","$75","$112.50"
"2001","Xolegel Kit Corepak","$75","$112.50"
"2001","Zantac Syrup 15mg/ml","$75","$112.50"
"2001","Ziana","$75","$112.50"
"2001","Zipsor 25mg","$75","$112.50"
"2001","Zolpimist 5mg","$75","$112.50"
"2001","Zuplenz 4mg","$75","$112.50"
"2001","Zuplenz 8mg","$75","$112.50"
"2001","Zyclara Cream 3.75%","$75","$112.50"
"2001","Zyclara Pump Cream 2.5%","$75","$112.50"
"2001","Zyclara Pump Cream 3.75%","$75","$112.50"
"2002","ANALGESICS - DRUGS TO TREAT PAIN, INFLAMMATION, AND MUSCLE AND JOINT CONDITIONS","","","","",""
"2002","","Inflammation","","","",""
"2002","","","Salsalate","G","1",""
"2002","","Urinary Tract Pain","","","",""
"2002","","","Phenazopyridine","G","1",""
"2002","ANTIMIGRAINE AGENTS - DRUGS TO TREAT MIGRAINES","","","","",""
"2002","","","Isometheptene/Acetaminophen/Dichloralphenazone","G","1",""
"2002","CENTRAL NERVOUS SYSTEM AGENTS - ANXIOLYTICS, SEDATIVES, HYPNOTICS","","","","",""
"2002","","Weight Loss","","","",""
"2002","","","Phentermine","G","1",""
"2002","DERMATOLOGICAL AGENTS - DRUGS TO TREAT SKIN CONDITIONS","","","","",""
"2002","","Dry Skin","","","",""
"2002","","","Urea 40% Cream ","G","1",""
"2002","GASTROINTESTINAL AGENTS - DRUGS TO TREAT BOWEL, INTESTINE AND STOMACH CONDITIONS","","","","",""
"2002","","Hemorrhoids","","","",""
"2002","","","Analpram-HC","B","3",""
"2002","","","Anucort-HC","G","1",""
"2002","","","Hydrocortisone Acetate","G","1",""
"2002","","","Hydrocortisone/Pramoxine","G","1",""
"2002","","","Hemorrhoidal HC","G","1",""
"2002","","Irritable Bowel","","","",""
"2002","","","Chlordiazepoxide/Clidinium","G","1",""
"2002","","","Hyoscyamine","G","1",""
"2002","","Irritable Bowel or Ulcers","","","",""
"2002","","","Belladonna Alkaloid/Phenobarbital","G","1",""
"2002","GENITOURINARY AGENTS - DRUGS TO TREAT BLADDER, GENITAL AND KIDNEY CONDITIONS","","","","",""
"2002","","Erectile Dysfunction","","","",""
"2002","","","Caverject","B","3",""
"2002","","","Cialis","B","3",""
"2002","","","Edex","B","3",""
"2002","","","Levitra","B","3",""
"2002","","","Muse","B","3",""
"2002","","","Viagra","B","3",""
"2002","HORMONAL AGENTS, STIMULANT/REPLACEMENT/MODIFYING (SEX HORMONES/MODIFIERS) - DRUGS TO REGULATE HORMONES AND TREAT DIABETES AND BONE CONDITIONS","","","","",""
"2002","","Hormone Replacement","","","",""
"2002","","","Esterified Estrogen","G","1",""
"2002","","","Esterified Estrogen/Methyltestosterone","G","1",""
"2002","","Thyroid Supplement","","","",""
"2002","","","Armour Thyroid","B","3",""
"2002","","","Nature-throid","B","3",""
"2002","NUTRITIONAL SUPPLEMENTS - DRUGS TO TREAT VITAMIN, MINERAL AND BODY FLUID DEFICIENCIES","","","","",""
"2002","","","Cyanocobalamin","G","1",""
"2002","","","Folbee","G","1",""
"2002","","","Folic Acid (Rx only)","G","1",""
"2002","","","Nascobal","B","3",""
"2002","","","Nephrocaps","B","3",""
"2002","","","Rena-Vite","G","1",""
"2002","","","Vitamin D (Rx only)","G","1",""
"2002","","","Mephyton","B","2",""
"2002","","Potassium Supplement","","","",""
"2002","","","Klor-Con EF","G","1",""
"2002","","","Potassium Chloride 10% Liquid","G","1",""
"2002","OTIC AGENTS - DRUGS TO TREAT EAR CONDITIONS","","","","",""
"2002","","Ear Pain","","","",""
"2002","","","Antipyrine and Benzocaine","G","1",""
"2002","RESPIRATORY TRACT AGENTS - DRUGS TO TREAT ALLERGIES, COUGH, COLD AND LUNG CONDITIONS","","","","",""
"2002","","Cough and Cold","","","",""
"2002","","","Benzonatate","G","1",""
"2002","","","Cheratussin AC","G","1",""
"2002","","","Cheratussin DAC","G","1",""
"2002","","","Hydrocodone/Homatropine","G","1",""
"2002","","","Hydromet","G","1",""
"2002","","","Promethazine Syrup","G","1",""
"2002","","","Promethazine VC Syrup","G","1",""
"2002","","","Promethazine/Codeine Syrup","G","1",""
"2002","","","Tussigon","G","1",""
"2005","Allegra","$75","$112.50"
"2005","Allegra D","$75","$112.50"
"2005","Analpram Kit Advanced","$75","$112.50"
"2005","Benzefoam  Aer 5.3%","$75","$112.50"
"2005","Ciclopirox Kit 8%","$5","$10"
"2005","Delos Lotion 3.5%","$75","$112.50"
"2005","Desonil Kit 0.05%","$5","$10"
"2005","Fexofenadine","$5","$10"
"2005","Fexofenadine/Psuedoephedrine","$5","$10"
"2005","Orbivan Cap","$75","$112.50"
"2005","Pramosone E  Cream 1-2.5%","$75","$112.50"
"2005","Sumaxin TS Sus 8-4%","$75","$112.50"
"2005","Umecta Mousse Aer 40%","$75","$112.50"
"2006","Certain Diabetes Medications Including Insulin","$0","$0"
"2006","Cetain Diabetes Supplies","$0","$0"
***
"1001","Standard","2014 Bonus Drug List B - NO EDITS","","Both","","BDL","","","B - NO EDITS","","UHEX14PD3490663_000","Y0066_130729_140138","","","","","NA","copay or coinsurance","NA","$4,550","","8-22-13 BDL_B_No Edits.xls","NA","","","","","",""
"2002","GENITOURINARY AGENTS - DRUGS TO TREAT BLADDER, GENITAL AND KIDNEY CONDITIONS","","","","",""
"2002","","Erectile Dysfunction","","","",""
"2002","","","Cialis","B","3",""
"2002","","","Levitra","B","3",""
"2002","","","Staxyn","B","3",""
"2002","","","Viagra","B","3",""
"2002","NUTRITIONAL SUPPLEMENTS - DRUGS TO TREAT VITAMIN, MINERAL AND BODY FLUID DEFICIENCIES","","","","",""
"2002","","","Cyanocobalamin","G","1",""
"2002","","","Folic Acid (Rx only)","G","1",""
"2002","","","Mephyton","B","3",""
"2002","","","Multi-12 injection","G","1",""
"2002","","","Phytonadione injection","G","1",""
***
"1001","Standard","2014 Bonus Drug List U - NO EDITS","","Both","","BDL","","","U - NO EDITS","","UHEX14PD3490664_000","Y0066_130729_140138","","","","","NA","copay or coinsurance","NA","$4,550","","8-22-13 BDL_U_No Edits.xls","NA","","","","","",""
"2002","ANALGESICS - DRUGS TO TREAT PAIN, INFLAMMATION, AND MUSCLE AND JOINT CONDITIONS","","","","",""
"2002","","Inflammation","","","",""
"2002","","","Salsalate","G","1",""
"2002","","Urinary Tract Pain","","","",""
"2002","","","Phenazopyridine","G","1",""
"2002","ANTIMIGRAINE AGENTS - DRUGS TO TREAT MIGRAINES","","","","",""
"2002","","","Isometheptene/Acetaminophen/Dichloralphenazone","G","1",""
"2002","CENTRAL NERVOUS SYSTEM AGENTS - ANXIOLYTICS, SEDATIVES, HYPNOTICS","","","","",""
"2002","","Weight Loss","","","",""
"2002","","","Phentermine","G","1",""
"2002","DERMATOLOGICAL AGENTS - DRUGS TO TREAT SKIN CONDITIONS","","","","",""
"2002","","Dry Skin","","","",""
"2002","","","Urea 40% Cream","G","1",""
"2002","GASTROINTESTINAL AGENTS - DRUGS TO TREAT BOWEL, INTESTINE AND STOMACH CONDITIONS","","","","",""
"2002","","Hemorrhoids","","","",""
"2002","","","Analpram-HC","B","3",""
"2002","","","Anucort-HC","G","1",""
"2002","","","Hydrocortisone Acetate","G","1",""
"2002","","","Hydrocortisone/Pramoxine","G","1",""
"2002","","","Hemorrhoidal HC","G","1",""
"2002","","Irritable Bowel","","","",""
"2002","","","Chlordiazepoxide/Clidinium","G","1",""
"2002","","","Hyoscyamine","G","1",""
"2002","","Irritable Bowel or Ulcers","","","",""
"2002","","","Belladonna Alkaloid/Phenobarbital","G","1",""
"2002","GENITOURINARY AGENTS - DRUGS TO TREAT BLADDER, GENITAL AND KIDNEY CONDITIONS","","","","",""
"2002","","Erectile Dysfunction","","","",""
"2002","","","Caverject","B","3",""
"2002","","","Cialis","B","3",""
"2002","","","Edex","B","3",""
"2002","","","Levitra","B","3",""
"2002","","","Muse","B","3",""
"2002","","","Staxyn","B","3",""
"2002","","","Viagra","B","3",""
"2002","HORMONAL AGENTS, STIMULANT/REPLACEMENT/MODIFYING (SEX HORMONES/MODIFIERS) - DRUGS TO REGULATE HORMONES AND TREAT DIABETES AND BONE CONDITIONS","","","","",""
"2002","","Hormone Replacement","","","",""
"2002","","","Esterified Estrogen","G","1",""
"2002","","","Esterified Estrogen/Methyltestosterone","G","1",""
"2002","","Thyroid Supplement","","","",""
"2002","","","Armour Thyroid","B","3",""
"2002","","","Nature-throid","B","3",""
"2002","NUTRITIONAL SUPPLEMENTS - DRUGS TO TREAT VITAMIN, MINERAL AND BODY FLUID DEFICIENCIES","","","","",""
"2002","","","Cyanocobalamin","G","1",""
"2002","","","Folbee","G","1",""
"2002","","","Folic Acid (Rx only)","G","1",""
"2002","","","Nascobal","B","3",""
"2002","","","Nephrocaps","B","3",""
"2002","","","Rena-Vite","G","1",""
"2002","","","Vitamin D (Rx only)","G","1",""
"2002","","","Mephyton","B","3",""
"2002","","Potassium Supplement","","","",""
"2002","","","Klor-Con EF","G","1",""
"2002","","","Potassium Chloride 10% Liquid","G","1",""
"2002","OTIC AGENTS - DRUGS TO TREAT EAR CONDITIONS","","","","",""
"2002","","Ear Pain","","","",""
"2002","","","Antipyrine and Benzocaine","G","1",""
"2002","RESPIRATORY TRACT AGENTS - DRUGS TO TREAT ALLERGIES, COUGH, COLD AND LUNG CONDITIONS","","","","",""
"2002","","Cough and Cold","","","",""
"2002","","","Benzonatate","G","1",""
"2002","","","Cheratussin AC","G","1",""
"2002","","","Cheratussin DAC","G","1",""
"2002","","","Hydrocodone/Homatropine","G","1",""
"2002","","","Hydromet","G","1",""
"2002","","","Promethazine Syrup","G","1",""
"2002","","","Promethazine VC Syrup","G","1",""
"2002","","","Promethazine/Codeine Syrup","G","1",""
"2002","","","Tussigon","G","1",""
***
"1001","Standard","2014 Bonus Drug List MT - NO EDITS","","PDP","","BDL","","","MT - NO EDITS","","UHEX14PD3490665_000","Y0066_130729_140138","","","","","NA","copay or coinsurance","NA","$4,550","","8-21-13 BDL_MT_No Edits.xls","NA","","","","","",""
"2002","ANALGESICS - DRUGS TO TREAT PAIN, INFLAMMATION, AND MUSCLE AND JOINT CONDITIONS","","","","",""
"2002","","Inflammation","","","",""
"2002","","","Salsalate","G","1",""
"2002","","Urinary Tract Pain","","","",""
"2002","","","Phenazopyridine","G","1",""
"2002","ANTIMIGRAINE AGENTS - DRUGS TO TREAT MIGRAINES","","","","",""
"2002","","","Isometheptene/Acetaminophen/Dichloralphenazone","G","1",""
"2002","CENTRAL NERVOUS SYSTEM AGENTS - ANXIOLYTICS, SEDATIVES, HYPNOTICS","","","","",""
"2002","","Weight Loss","","","",""
"2002","","","Phentermine","G","1",""
"2002","DERMATOLOGICAL AGENTS - DRUGS TO TREAT SKIN CONDITIONS","","","","",""
"2002","","Dry Skin","","","",""
"2002","","","Urea 40% Cream ","G","1",""
"2002","GASTROINTESTINAL AGENTS - DRUGS TO TREAT BOWEL, INTESTINE AND STOMACH CONDITIONS","","","","",""
"2002","","Hemorrhoids","","","",""
"2002","","","Analpram-HC","B","3",""
"2002","","","Anucort-HC","G","1",""
"2002","","","Hydrocortisone Acetate","G","1",""
"2002","","","Hydrocortisone/Pramoxine","G","1",""
"2002","","","Hemorrhoidal HC","G","1",""
"2002","","Irritable Bowel","","","",""
"2002","","","Chlordiazepoxide/Clidinium","G","1",""
"2002","","","Hyoscyamine","G","1",""
"2002","","Irritable Bowel or Ulcers","","","",""
"2002","","","Belladonna Alkaloid/Phenobarbital","G","1",""
"2002","GENITOURINARY AGENTS - DRUGS TO TREAT BLADDER, GENITAL AND KIDNEY CONDITIONS","","","","",""
"2002","","Erectile Dysfunction","","","",""
"2002","","","Caverject","B","3",""
"2002","","","Cialis","B","3",""
"2002","","","Edex","B","3",""
"2002","","","Levitra","B","3",""
"2002","","","Muse","B","3",""
"2002","","","Viagra","B","3",""
"2002","HORMONAL AGENTS, STIMULANT/REPLACEMENT/MODIFYING (SEX HORMONES/MODIFIERS) - DRUGS TO REGULATE HORMONES AND TREAT DIABETES AND BONE CONDITIONS","","","","",""
"2002","","Hormone Replacement","","","",""
"2002","","","Esterified Estrogen","G","1",""
"2002","","","Esterified Estrogen/Methyltestosterone","G","1",""
"2002","","Thyroid Supplement","","","",""
"2002","","","Armour Thyroid","B","3",""
"2002","","","Nature-throid","B","3",""
"2002","NUTRITIONAL SUPPLEMENTS - DRUGS TO TREAT VITAMIN, MINERAL AND BODY FLUID DEFICIENCIES","","","","",""
"2002","","","Cyanocobalamin","G","1",""
"2002","","","Folbee","G","1",""
"2002","","","Folic Acid (Rx only)","G","1",""
"2002","","","Nascobal","B","3",""
"2002","","","Nephrocaps","B","3",""
"2002","","","Rena-Vite","G","1",""
"2002","","","Vitamin D (Rx only)","G","1",""
"2002","","","Mephyton","B","2",""
"2002","","Potassium Supplement","","","",""
"2002","","","Klor-Con EF","G","1",""
"2002","","","Potassium Chloride 10% Liquid","G","1",""
"2002","OTIC AGENTS - DRUGS TO TREAT EAR CONDITIONS","","","","",""
"2002","","Ear Pain","","","",""
"2002","","","Antipyrine and Benzocaine","G","1",""
"2002","RESPIRATORY TRACT AGENTS - DRUGS TO TREAT ALLERGIES, COUGH, COLD AND LUNG CONDITIONS","","","","",""
"2002","","Cough and Cold","","","",""
"2002","","","Benzonatate","G","1",""
"2002","","","Cheratussin AC","G","1",""
"2002","","","Cheratussin DAC","G","1",""
"2002","","","Hydrocodone/Homatropine","G","1",""
"2002","","","Hydromet","G","1",""
"2002","","","Promethazine Syrup","G","1",""
"2002","","","Promethazine VC Syrup","G","1",""
"2002","","","Promethazine/Codeine Syrup","G","1",""
"2002","","","Tussigon","G","1",""
***
