﻿"RecordID","Language","Brand","MA/MAPD/PDP","DMS code","Signature Line","Plan name (add register mark)","Logo","Co logo","Company name signature"
"1001","English","AARP","MA","AAEX18HM4106801_000","","UnitedHealthcare","2018PY_AAMedComp_Logo_K_KitCover_V1.eps","","UnitedHealthcare"
***
"1001","English","AARP","MAPD","AAEX18HM4106806_000","","UnitedHealthcare","2018PY_AAMedComp_Logo_K_KitCover_V1.eps","","UnitedHealthcare"
***
"1001","English","AARP","PDP","AAEX18PD4106820_000","","UnitedHealthcare","2018PY_AAMedRx_Logo_K_KitCover_V1.eps","","UnitedHealthcare"
***
"1001","English","Erickson","MA","EREX18HM4106803_000","","Erickson Advantage®","2018PY_ErkAdv_Logo_K_KitCover_V1.eps","","Erickson Advantage"
***
"1001","English","Erickson","MAPD","EREX18HM4106807_000","","Erickson Advantage®","2018PY_ErkAdv_Logo_K_KitCover_V1.eps","","Erickson Advantage"
***
"1001","English","MASCO","MAPD","UHMA18HM4106808_000","Half_Point_Rule_Signature_Line","UnitedHealthcare®","2018PY_UHCCommPlan_Logo_K_KitCover_V1.eps","","UnitedHealthcare"
***
"1001","English","Medica","MAPD","MDFL18HM4106809_000","","Medica HealthCare","2018PY_MedicaHC_Logo_K_KitCover_V1.eps","","Medica HealthCare"
***
"1001","English","PCP","MAPD","PCFL18HM4106810_000","","Preferred Care Partners","2018PY_PCP_Logo_K_KitCover_V1.eps","","Preferred Care Partners"
***
"1001","English","Senior Dimensions","MAPD","SRNV18HM4106811_000","","Senior Dimensions®","2018PY_SD_Logo_K_KitCover_V2.eps","","Senior Dimensions"
***
"1001","English","UHC DUAL Med.Sol. H3113-009","MAPD","UHPA18HM4106815_000","","UnitedHealthcare®","2018PY_UHCMedSol_Logo_K_KitCover_V1.eps","","UnitedHealthcare"
***
"1001","English","UnitedHealthcare","MA","UHEX18HM4106805_000","","UnitedHealthcare®","2018PY_UHC_Logo_K_KitCover_V1.eps","","UnitedHealthcare"
***
"1001","English","UnitedHealthcare","MAPD","UHEX18HM4106817_000","","UnitedHealthcare®","2018PY_UHC_Logo_K_KitCover_V1.eps","","UnitedHealthcare"
***
"1001","English","UnitedHealthcare","PDP","UHEX18PD4106821_000","","UnitedHealthcare®","2018PY_UHC_Logo_K_KitCover_V1.eps","","UnitedHealthcare"
***
"1001","English","UHC Community Plan","MAPD","UHEX18HM4106813_000","","UnitedHealthcare®","2018PY_UHCCommPlan_Logo_K_KitCover_V1.eps","","UnitedHealthcare"
***
"1001","English","Villages","MAPD","UHFL18HM4106819_000","","UnitedHealthcare®","2018PY_UHC_Logo_K_KitCover_V1.eps","2018PY_Villages_Logo_K_KitCover_V2.eps","UnitedHealthcare"
***
"1001","Spanish","AARP","MA","AAEX18HM4106824_000","","UnitedHealthcare","2018PY_AAMedComp_Logo_K_KitCover_V1.eps","","UnitedHealthcare"
***
"1001","Spanish","AARP","MAPD","AAEX18HM4106833_000","","UnitedHealthcare","2018PY_AAMedComp_Logo_K_KitCover_V1.eps","","UnitedHealthcare"
***
"1001","Spanish","AARP","PDP","AAEX18PD4106855_000","","UnitedHealthcare","2018PY_AAMedRx_Logo_K_KitCover_V1.eps","","UnitedHealthcare"
***
"1001","Spanish","Erickson","MA","EREX18HM4106827_000","","Erickson Advantage®","2018PY_ErkAdv_Logo_K_KitCover_V1.eps","","Erickson Advantage"
***
"1001","Spanish","Erickson","MAPD","EREX18HM4106834_000","","Erickson Advantage®","2018PY_ErkAdv_Logo_K_KitCover_V1.eps","","Erickson Advantage"
***
"1001","Spanish","MASCO","MAPD","UHMA18HM4106837_000","Half_Point_Rule_Signature_Line","UnitedHealthcare®","2018PY_UHCCommPlan_Logo_K_KitCover_V1.eps","","UnitedHealthcare"
***
"1001","Spanish","Medica","MAPD","MDFL18HM4106841_000","","Medica HealthCare","2018PY_MedicaHC_Logo_K_KitCover_V1.eps","","Medica HealthCare"
***
"1001","Spanish","PCP","MAPD","PCFL18HM4106843_000","","Preferred Care Partners","2018PY_PCP_Logo_K_KitCover_V1.eps","","Preferred Care Partners"
***
"1001","Spanish","Senior Dimensions","MAPD","SRNV18HM4106846_000","","Senior Dimensions®","2018PY_SD_Logo_K_KitCover_V2.eps","","Senior Dimensions"
***
"1001","Spanish","UHC DUAL Med.Sol. H3113-009","MAPD","UHPA18HM4106852_000","","UnitedHealthcare®","2018PY_UHCMedSol_Logo_K_KitCover_V1.eps","","UnitedHealthcare"
***
"1001","Spanish","UnitedHealthcare","MA","UHEX18HM4106830_000","","UnitedHealthcare®","2018PY_UHC_Logo_K_KitCover_V1.eps","","UnitedHealthcare"
***
"1001","Spanish","UnitedHealthcare","MAPD","UHEX18HM4106848_000","","UnitedHealthcare®","2018PY_UHC_Logo_K_KitCover_V1.eps","","UnitedHealthcare"
***
"1001","Spanish","UnitedHealthcare","PDP","UHEX18PD4106856_000","","UnitedHealthcare®","2018PY_UHC_Logo_K_KitCover_V1.eps","","UnitedHealthcare"
***
"1001","Spanish","UHC Community Plan","MAPD","UHEX18HM4106850_000","","UnitedHealthcare®","2018PY_UHCCommPlan_Logo_K_KitCover_V1.eps","","UnitedHealthcare"
***
"1001","Spanish","Villages","MAPD","UHFL18HM4106854_000","","UnitedHealthcare®","2018PY_UHC_Logo_K_KitCover_V1.eps","2018PY_Villages_Logo_K_KitCover_V2.eps","UnitedHealthcare"
***
