﻿"RecordID","Language","Brand","MA/MAPD/PDP","DMS code","Signature Line","Plan name (add register mark)","Logo","Co logo","Company name signature"
"1001","English","AARP","MA","AAEX17MP3882995_000","","","2018PY_AAMedComp_Logo_CMYK_KitCover_V1.eps","","UnitedHealthcare"
***
"1001","English","AARP","MAPD","AAEX17MP3882994_000","","","2018PY_AAMedComp_Logo_CMYK_KitCover_V1.eps","","UnitedHealthcare"
***
"1001","English","AARP","PDP","AAEX17PD3883051_000","","","2018PY_AAMedRx_Logo_CMYK_KitCover_V1.eps","","UnitedHealthcare"
***
"1001","English","Erickson","MA","EREX17EA3883040_000","","","2018PY_ErkAdv_Logo_CMYK_KitCover_V1.eps","","Erickson Advantage"
***
"1001","English","Erickson","MAPD","EREX17EA3883037_000","","","2018PY_ErkAdv_Logo_CMYK_KitCover_V1.eps","","Erickson Advantage"
***
"1001","English","MASCO","MAPD","UHMA17MP3883045_001","Half_Point_Rule_Signature_Line","","2018PY_UHCCommPlan_Logo_CMYK_KitCover_V1.eps","","UnitedHealthcare"
***
"1001","English","Medica","MAPD","UHFL17MP3883041_001","","","2018PY_MedicaHC_Logo_CMYK_KitCover_V1.eps","","Medica HealthCare"
***
"1001","English","PCP","MAPD","UHFL17MP3883042_001","","","2018PY_PCP_Logo_CMYK_KitCover_V1.eps","","Preferred Care Partners"
***
"1001","English","Senior Dimensions","MAPD","SRNV17HM3883050_001","","","2018PY_SD_Logo_CMYK_KitCover_V2.eps","","Senior Dimensions"
***
"1001","English","UHC DUAL Med.Sol. H3113-009","MAPD","UHEX17MP3833333_000","","","2018PY_UHCMedSol_Logo_CMYK_KitCover_V1.eps","","UnitedHealthcare"
***
"1001","English","UnitedHealthcare","MA","UHEX17MP3883047_000","","","2018PY_UHC_Logo_CMYK_KitCover_V1.eps","","UnitedHealthcare"
***
"1001","English","UnitedHealthcare","MAPD","UHEX17MP3883046_000","","","2018PY_UHC_Logo_CMYK_KitCover_V1.eps","","UnitedHealthcare"
***
"1001","English","UnitedHealthcare","PDP","AAEX17PD3888048_000","","","2018PY_UHC_Logo_CMYK_KitCover_V1.eps","","UnitedHealthcare"
***
"1001","English","UHC Community Plan","MA","AAEX17MP3883052_000","","","2018PY_UHCCommPlan_Logo_CMYK_KitCover_V1.eps","","UnitedHealthcare"
***
"1001","English","UHC Community Plan","MAPD","UHEX17MP3883044_000","","","2018PY_UHCCommPlan_Logo_CMYK_KitCover_V1.eps","","UnitedHealthcare"
***
"1001","English","Villages","MAPD","UHFL17MP3883048_000","","","2018PY_UHC_Logo_CMYK_KitCover_V1.eps","2018PY_Villages_Logo_CMYK_KitCover_V2.eps","UnitedHealthcare"
***
"1001","Spanish","AARP","MA","AAEX17MP3883054_000","","","2018PY_AAMedComp_Logo_CMYK_KitCover_V1.eps","","UnitedHealthcare"
***
"1001","Spanish","AARP","MAPD","AAEX17MP3883053_000","","","2018PY_AAMedComp_Logo_CMYK_KitCover_V1.eps","","UnitedHealthcare"
***
"1001","Spanish","AARP","PDP","AAEX17PD3883073_000","","","2018PY_AAMedRx_Logo_CMYK_KitCover_V1.eps","","UnitedHealthcare"
***
"1001","Spanish","Erickson","MA","EREX17EA3883059_000","","","2018PY_ErkAdv_Logo_CMYK_KitCover_V1.eps","","Erickson Advantage"
***
"1001","Spanish","Erickson","MAPD","EREX17EA3883056_000","","","2018PY_ErkAdv_Logo_CMYK_KitCover_V1.eps","","Erickson Advantage"
***
"1001","Spanish","MASCO","MAPD","UHMA17MP3883065_001","Half_Point_Rule_Signature_Line","","2018PY_UHCCommPlan_Logo_CMYK_KitCover_V1.eps","","UnitedHealthcare"
***
"1001","Spanish","Medica","MAPD","UHFL17MP3883060_001","","","2018PY_MedicaHC_Logo_CMYK_KitCover_V1.eps","","Medica HealthCare"
***
"1001","Spanish","PCP","MAPD","UHFL17MP3883062_001","","","2018PY_PCP_Logo_CMYK_KitCover_V1.eps","","Preferred Care Partners"
***
"1001","Spanish","Senior Dimensions","MAPD","SRNV17HM3883072_001","","","2018PY_SD_Logo_CMYK_KitCover_V2.eps","","Senior Dimensions"
***
"1001","Spanish","UHC DUAL Med.Sol. H3113-009","MAPD","UHEX17MP3833334_000","","","2018PY_UHCMedSol_Logo_CMYK_KitCover_V1.eps","","UnitedHealthcare"
***
"1001","Spanish","UnitedHealthcare","MA","UHEX17MP3883069_000","","","2018PY_UHC_Logo_CMYK_KitCover_V1.eps","","UnitedHealthcare"
***
"1001","Spanish","UnitedHealthcare","MAPD","UHEX17MP3883067_000","","","2018PY_UHC_Logo_CMYK_KitCover_V1.eps","","UnitedHealthcare"
***
"1001","Spanish","UnitedHealthcare","PDP","AAEX17PD3888049_000","","","2018PY_UHC_Logo_CMYK_KitCover_V1.eps","","UnitedHealthcare"
***
"1001","Spanish","UHC Community Plan","MA","AAEX17MP3883075_000","","","2018PY_UHCCommPlan_Logo_CMYK_KitCover_V1.eps","","UnitedHealthcare"
***
"1001","Spanish","UHC Community Plan","MAPD","UHEX17MP3883063_000","","","2018PY_UHCCommPlan_Logo_CMYK_KitCover_V1.eps","","UnitedHealthcare"
***
"1001","Spanish","Villages","MAPD","UHFL17MP3883070_000","","","2018PY_UHC_Logo_CMYK_KitCover_V1.eps","2018PY_Villages_Logo_CMYK_KitCover_V2.eps","UnitedHealthcare"
***
