ver_version_number,sb_versionid,benefit_col_nbr,contract_plan_seg_comp,contract,plan_id,segment_id,brand_name,plan_name,state,general_service_area,summary_of_benefits_service_area,state_abbreviation,individual_county,product_type,snp_type_and_condition,select_network,marketing_year,ver_base_material_id,ver_extended_material_id_1064,ver_aprimo_form_number,ver_extended_aprimo_form_number,sb_file_name_2,superfile_key,eoc_brand,spanish_translated_mandated_at_4_5,spanish_translated_enrollment,chinese_translated_mandated_at_4_5,chinese_translated_enrollment,korean_translated_mandated_at_4_5,korean_translated_enrollment,vietnamese_translated_mandated_at_4_5,vietnamese_translated_enrollment,cover_shell_version,state_code_user_uploaded,kit_root,effective_area,superfile_key_passthrough,dl_file_name,dl_output_color,dl_output_size,dl_output_type,logo_alt_text,_sys_cond_key
002,2,"1, 2","S5726-013-000, S5726-014-000",S5726,"013, 014",000,Blue Cross and Blue Shield of Kansas,"Blue MedicareRx Plus (PDP), Blue MedicareRx Value (PDP)",Kansas,Kansas,"Allen, Anderson, Atchison, Barber, Barton, Bourbon, Brown, Butler, Chase, Chautauqua, Cherokee, Cheyenne, Clark, Clay, Cloud, Coffey, Comanche, Cowley, Crawford, Decatur, Dickinson, Doniphan, Douglas, Edwards, Elk, Ellis, Ellsworth, Finney, Ford, Franklin, Geary, Gove, Graham, Grant, Gray, Greeley, Greenwood, Hamilton, Harper, Harvey, Haskell, Hodgeman, Jackson, Jefferson, Jewell, Kearny, Kingman, Kiowa, Labette, Lane, Leavenworth, Lincoln, Linn, Logan, Lyon, Marion, Marshall, McPherson, Meade, Miami, Mitchell, Montgomery, Morris, Morton, Nemaha, Neosho, Ness, Norton, Osage, Osborne, Ottawa, Pawnee, Phillips, Pottawatomie, Pratt, Rawlins, Reno, Republic, Rice, Riley, Rooks, Rush, Russell, Saline, Scott, Sedgwick, Seward, Shawnee, Sheridan, Sherman, Smith, Stafford, Stanton, Stevens, Sumner, Thomas, Trego, Wabaunsee, Wallace, Washington, Wichita, Wilson, Woodson",KS,,PDP,N/A,N/A,2019,Y0114_19_35602_U_M,Y0114_19_35602_U_M_002,72325MUSENMUB,72325MUSENMUB_002,Y0114_19_35602_U_M_002_S5726_013-000_014-000_KS_PDP,"1-S5726-013-000-KS-Blue Cross and Blue Shield of Kansas-2, 2-S5726-014-000-KS-Blue Cross and Blue Shield of Kansas-2",N/A,No,No,No,No,No,No,No,No,19PDCVBLUE_B,S5726_013-000_014-000_KS_PDP,19KSS5726,"Kansas, except Johnson and Wyandotte counties","1-S5726-013-000-KS-Blue Cross and Blue Shield of Kansas-2, 2-S5726-014-000-KS-Blue Cross and Blue Shield of Kansas-2",Logo_BCBS_Kansas_BW_100pct.eps,BW,100PCT,.eps,Blue Cross and Blue Shield of Kansas logo,1052|2019S5726013000KSBLCRSSBLSHLDKNSS|2019S5726014000KSBLCRSSBLSHLDKNSS
003,3,"1, 2","S5596-043-000, S5596-044-000",S5596,"043, 044",000,Blue Cross and Blue Shield of Kansas City,"Blue MedicareRx Plus (PDP), Blue MedicareRx Value (PDP)",Missouri,Missouri,"Andrew, Atchison, Bates, Benton, Buchanan, Caldwell, Carroll, Cass, Clay, Clinton, Daviess, DeKalb, Gentry, Grundy, Harrison, Henry, Holt, Jackson, Johnson, Lafayette, Livingston, Mercer, Nodaway, Pettis, Platte, Ray, Saline, St. Clair, Vernon, Worth",MO,,PDP,N/A,N/A,2019,Y0114_19_35602_U_M,Y0114_19_35602_U_M_003,72325MUSENMUB,72325MUSENMUB_003,Y0114_19_35602_U_M_003_S5596_043-000_044-000_KCMO_PDP,"1-S5596-043-000-MO-Blue Cross and Blue Shield of Kansas City-3, 2-S5596-044-000-MO-Blue Cross and Blue Shield of Kansas City-3",N/A,No,No,No,No,No,No,No,No,19PDCVBLUE_B,S5596_043-000_044-000_KCMO_PDP,19KCMOS5596,Select counties in Missouri. See page 2 for a list of counties.,"1-S5596-043-000-MO-Blue Cross and Blue Shield of Kansas City-3, 2-S5596-044-000-MO-Blue Cross and Blue Shield of Kansas City-3",Logo_BCBS_Kansas_City_BW_100pct.eps,BW,100PCT,.eps,Blue Cross and Blue Shield of Kansas City logo,1052|2019S5596043000MOBLCRSSBLSHLDKNSSCTY|2019S5596044000MOBLCRSSBLSHLDKNSSCTY
004,4,"1, 2","S5596-033-000, S5596-034-000",S5596,"033, 034",000,Anthem Blue Cross,"Anthem Blue Cross MedicareRx Plus (PDP), Anthem Blue Cross MedicareRx Standard (PDP)",California,California,California,CA,,PDP,N/A,N/A,2019,Y0114_19_35602_U_M,Y0114_19_35602_U_M_004,72325MUSENMUB,72325MUSENMUB_004,Y0114_19_35602_U_M_004_S5596_033-000_034-000_CA_PDP,"1-S5596-033-000-CA-Anthem Blue Cross-4, 2-S5596-034-000-CA-Anthem Blue Cross-4",N/A,Yes,Yes,No,No,No,No,No,No,19PDCVBLUE_B,S5596_033-000_034-000_CA_PDP,19CAS5596,,"1-S5596-033-000-CA-Anthem Blue Cross-4, 2-S5596-034-000-CA-Anthem Blue Cross-4",Logo_AnthemBC_BW_100pct.eps,BW,100PCT,.eps,Anthem Blue Cross logo,1052|2019S5596033000CANTHMBLCRSS|2019S5596034000CANTHMBLCRSS
006,6,"1, 2","S5596-009-000, S5596-010-000",S5596,"009, 010",000,Anthem Blue Cross and Blue Shield,"Anthem Blue MedicareRx Plus (PDP), Anthem Blue MedicareRx Standard (PDP)",Georgia,Georgia,Georgia,GA,,PDP,N/A,N/A,2019,Y0114_19_35602_U_M,Y0114_19_35602_U_M_006,72325MUSENMUB,72325MUSENMUB_006,Y0114_19_35602_U_M_006_S5596_009-000_010-000_GA_PDP,"1-S5596-009-000-GA-Anthem Blue Cross and Blue Shield-6, 2-S5596-010-000-GA-Anthem Blue Cross and Blue Shield-6",N/A,No,No,No,No,No,No,No,No,19PDCVBLUE_B,S5596_009-000_010-000_GA_PDP,19GAS5596,,"1-S5596-009-000-GA-Anthem Blue Cross and Blue Shield-6, 2-S5596-010-000-GA-Anthem Blue Cross and Blue Shield-6",Logo_AnthemBCBS_BW_100pct.eps,BW,100PCT,.eps,Anthem Blue Cross and Blue Shield logo,1052|2019S5596009000GANTHMBLCRSSBLSHLD|2019S5596010000GANTHMBLCRSSBLSHLD
009,9,"1, 2","S5596-001-000, S5596-046-000",S5596,"001, 046",000,Anthem Blue Cross and Blue Shield,"Anthem Blue MedicareRx Plus (PDP), Anthem Blue MedicareRx Standard (PDP)","Maine, New Hampshire",Maine and New Hampshire,Maine and New Hampshire,"ME, NH",,PDP,N/A,N/A,2019,Y0114_19_35602_U_M,Y0114_19_35602_U_M_009,72325MUSENMUB,72325MUSENMUB_009,Y0114_19_35602_U_M_009_S5596_046-000_001-000_MENH_PDP,"1-S5596-046-000-ME-Anthem Blue Cross and Blue Shield-9, 1-S5596-046-000-NH-Anthem Blue Cross and Blue Shield-9, 2-S5596-001-000-ME-Anthem Blue Cross and Blue Shield-9, 2-S5596-001-000-NH-Anthem Blue Cross and Blue Shield-9",N/A,No,No,No,No,No,No,No,No,19PDCVBLUE_B,S5596_046-000_001-000_MENH_PDP,19MENHS5596,,"1-S5596-046-000-ME-Anthem Blue Cross and Blue Shield-9, 1-S5596-046-000-NH-Anthem Blue Cross and Blue Shield-9, 2-S5596-001-000-ME-Anthem Blue Cross and Blue Shield-9, 2-S5596-001-000-NH-Anthem Blue Cross and Blue Shield-9",Logo_AnthemBCBS_BW_100pct.eps,BW,100PCT,.eps,Anthem Blue Cross and Blue Shield logo,1052|2019S5596001000MENTHMBLCRSSBLSHLD|2019S5596001000NHNTHMBLCRSSBLSHLD|2019S5596046000MENTHMBLCRSSBLSHLD|2019S5596046000NHNTHMBLCRSSBLSHLD
012B,012B,"1, 2","S5596-005-000, S5596-006-000",S5596,"005, 006",000,Anthem Blue Cross and Blue Shield,"Anthem Blue MedicareRx Plus (PDP), Anthem Blue MedicareRx Standard (PDP)",Virginia,Virginia,Virginia,VA,,PDP,N/A,N/A,2019,Y0114_19_35602_U_M,Y0114_19_35602_U_M_012B,72325MUSENMUB,72325MUSENMUB_012B,Y0114_19_35602_U_M_012B_S5596_005-000_006-000_VA_PDP,"1-S5596-005-000-VA-Anthem Blue Cross and Blue Shield-012B, 2-S5596-006-000-VA-Anthem Blue Cross and Blue Shield-012B",N/A,No,No,No,No,No,No,No,No,19PDCVBLUE_B,S5596_005-000_006-000_VA_PDP,19VAS5596,,"1-S5596-005-000-VA-Anthem Blue Cross and Blue Shield-012B, 2-S5596-006-000-VA-Anthem Blue Cross and Blue Shield-012B",Logo_AnthemBCBS_BW_100pct.eps,BW,100PCT,.eps,Anthem Blue Cross and Blue Shield logo,1052|2019S5596005000VANTHMBLCRSSBLSHLD|2019S5596006000VANTHMBLCRSSBLSHLD
014,14,1,R4487-001-000,R4487,001,000,Anthem Blue Cross and Blue Shield,Anthem MediBlue Access Basic (Regional PPO),"Indiana, Kentucky",Indiana and Kentucky,"Indiana, Kentucky","IN, KY","Adair, Adams, Allen, Anderson, Ballard, Barren, Bartholomew, Bath, Bell, Benton, Blackford, Boone, Bourbon, Boyd, Boyle, Bracken, Breathitt, Breckinridge, Brown, Bullitt, Butler, Caldwell, Calloway, Campbell, Carlisle, Carroll, Carter, Casey, Cass, Christian, Clark, Clay, Clinton, Crawford, Crittenden, Cumberland, Daviess, De Kalb, Dearborn, Decatur, Delaware, Dubois, Edmonson, Elkhart, Elliott, Estill, Fayette, Fleming, Floyd, Fountain, Franklin, Fulton, Gallatin, Garrard, Gibson, Grant, Graves, Grayson, Green, Greene, Greenup, Hamilton, Hancock, Hardin, Harlan, Harrison, Hart, Henderson, Hendricks, Henry, Hickman, Hopkins, Howard, Huntington, Jackson, Jasper, Jay, Jefferson, Jennings, Jessamine, Johnson, Kenton, Knott, Knox, Kosciusko, La Porte, Lagrange, Lake, Larue, Laurel, Lawrence, Lee, Leslie, Letcher, Lewis, Lincoln, Livingston, Logan, Lyon, Madison, Magoffin, Marion, Marshall, Martin, Mason, McCracken, McCreary, McLean, Meade, Menifee, Mercer, Metcalfe, Miami, Monroe, Montgomery, Morgan, Muhlenberg, Nelson, Newton, Nicholas, Noble, Ohio, Oldham, Orange, Owen, Owsley, Parke, Pendleton, Perry, Pike, Porter, Posey, Powell, Pulaski, Putnam, Randolph, Ripley, Robertson, Rockcastle, Rowan, Rush, Russell, Scott, Shelby, Simpson, Spencer, St. Joseph, Starke, Steuben, Sullivan, Switzerland, Taylor, Tippecanoe, Tipton, Todd, Trigg, Trimble, Union, Vanderburgh, Vermillion, Vigo, Wabash, Warren, Warrick, Washington, Wayne, Webster, Wells, White, Whitley, Wolfe, Woodford",Regional PPO,N/A,No,2019,Y0114_19_35653_U_M,Y0114_19_35653_U_M_014,72380MUSENMUB,72380MUSENMUB_014,"Y0114_19_35653_U_M_014_R4487_001-000_IN_Regional PPO, Y0114_19_35653_U_M_014_R4487_001-000_KY_Regional PPO","1-R4487-001-000-IN-Anthem Blue Cross and Blue Shield-14, 1-R4487-001-000-KY-Anthem Blue Cross and Blue Shield-14",Blue,No,No,No,No,No,No,No,No,19MACVRPPO_F,R4487_001-000_INKY_RPPO,19IKR4487001,Indiana and Kentucky,"1-R4487-001-000-IN-Anthem Blue Cross and Blue Shield-14, 1-R4487-001-000-KY-Anthem Blue Cross and Blue Shield-14",Logo_AnthemBCBS_BW_100pct.eps,BW,100PCT,.eps,Anthem Blue Cross and Blue Shield logo,1052|2019R4487001000INNTHMBLCRSSBLSHLD|2019R4487001000KYNTHMBLCRSSBLSHLD~1892|Adair|Adams|Allen|Anderson|Ballard|Barren|Bartholomew|Bath|Bell|Benton|Blackford|Boone|Bourbon|Boyd|Boyle|Bracken|Breathitt|Breckinridge|Brown|Bullitt|Butler|Caldwell|Calloway|Campbell|Carlisle|Carroll|Carter|Casey|Cass|Christian|Clark|Clay|Clinton|Crawford|Crittenden|Cumberland|Daviess|De Kalb|Dearborn|Decatur|Delaware|Dubois|Edmonson|Elkhart|Elliott|Estill|Fayette|Fleming|Floyd|Fountain|Franklin|Fulton|Gallatin|Garrard|Gibson|Grant|Graves|Grayson|Green|Greene|Greenup|Hamilton|Hancock|Hardin|Harlan|Harrison|Hart|Henderson|Hendricks|Henry|Hickman|Hopkins|Howard|Huntington|Jackson|Jasper|Jay|Jefferson|Jennings|Jessamine|Johnson|Kenton|Knott|Knox|Kosciusko|La Porte|Lagrange|Lake|Larue|Laurel|Lawrence|Lee|Leslie|Letcher|Lewis|Lincoln|Livingston|Logan|Lyon|Madison|Magoffin|Marion|Marshall|Martin|Mason|McCracken|McCreary|McLean|Meade|Menifee|Mercer|Metcalfe|Miami|Monroe|Montgomery|Morgan|Muhlenberg|Nelson|Newton|Nicholas|Noble|Ohio|Oldham|Orange|Owen|Owsley|Parke|Pendleton|Perry|Pike|Porter|Posey|Powell|Pulaski|Putnam|Randolph|Ripley|Robertson|Rockcastle|Rowan|Rush|Russell|Scott|Shelby|Simpson|Spencer|St. Joseph|Starke|Steuben|Sullivan|Switzerland|Taylor|Tippecanoe|Tipton|Todd|Trigg|Trimble|Union|Vanderburgh|Vermillion|Vigo|Wabash|Warren|Warrick|Washington|Wayne|Webster|Wells|White|Whitley|Wolfe|Woodford
015,15,1,R5941-014-000,R5941,014,000,Anthem Blue Cross and Blue Shield,Anthem MediBlue Access Basic (Regional PPO),Ohio,Ohio,OHIO,OH,"Adams, Allen, Ashland, Ashtabula, Athens, Auglaize, Belmont, Brown, Butler, Carroll, Champaign, Clark, Clermont, Clinton, Columbiana, Coshocton, Crawford, Cuyahoga, Darke, Defiance, Delaware, Erie, Fairfield, Fayette, Franklin, Fulton, Gallia, Geauga, Greene, Guernsey, Hamilton, Hancock, Hardin, Harrison, Henry, Highland, Hocking, Holmes, Huron, Jackson, Jefferson, Knox, Lake, Lawrence, Licking, Logan, Lorain, Lucas, Madison, Mahoning, Marion, Medina, Meigs, Mercer, Miami, Monroe, Montgomery, Morgan, Morrow, Muskingum, Noble, Ottawa, Paulding, Perry, Pickaway, Pike, Portage, Preble, Putnam, Richland, Ross, Sandusky, Scioto, Seneca, Shelby, Stark, Summit, Trumbull, Tuscarawas, Union, Van Wert, Vinton, Warren, Washington, Wayne, Williams, Wood, Wyandot",Regional PPO,N/A,No,2019,Y0114_19_35653_U_M,Y0114_19_35653_U_M_015,72380MUSENMUB,72380MUSENMUB_015,Y0114_19_35653_U_M_015_R5941_014-000_OH_Regional PPO,1-R5941-014-000-OH-Anthem Blue Cross and Blue Shield-15,Blue,No,No,No,No,No,No,No,No,19MACVRPPO_F,R5941_014-000_OH_RPPO,19OHR5941014,Ohio,1-R5941-014-000-OH-Anthem Blue Cross and Blue Shield-15,Logo_AnthemBCBS_BW_100pct.eps,BW,100PCT,.eps,Anthem Blue Cross and Blue Shield logo,1052|2019R5941014000OHNTHMBLCRSSBLSHLD~1892|Adams|Allen|Ashland|Ashtabula|Athens|Auglaize|Belmont|Brown|Butler|Carroll|Champaign|Clark|Clermont|Clinton|Columbiana|Coshocton|Crawford|Cuyahoga|Darke|Defiance|Delaware|Erie|Fairfield|Fayette|Franklin|Fulton|Gallia|Geauga|Greene|Guernsey|Hamilton|Hancock|Hardin|Harrison|Henry|Highland|Hocking|Holmes|Huron|Jackson|Jefferson|Knox|Lake|Lawrence|Licking|Logan|Lorain|Lucas|Madison|Mahoning|Marion|Medina|Meigs|Mercer|Miami|Monroe|Montgomery|Morgan|Morrow|Muskingum|Noble|Ottawa|Paulding|Perry|Pickaway|Pike|Portage|Preble|Putnam|Richland|Ross|Sandusky|Scioto|Seneca|Shelby|Stark|Summit|Trumbull|Tuscarawas|Union|Van Wert|Vinton|Warren|Washington|Wayne|Williams|Wood|Wyandot
016,16,1,H3240-017-000,H3240,017,000,Amerigroup,Amerivantage ESRD (HMO-POS SNP),New Jersey,Select Counties in New Jersey,"Bergen, Essex, Hudson, Middlesex, Monmouth, Morris, Ocean, Passaic, Somerset, Union",NJ,"Bergen, Essex, Hudson, Middlesex, Monmouth, Morris, Ocean, Passaic, Somerset, Union",HMO-POS C-SNP ESRD,Chronic or Disabling Condition - Dialysis Services requiring dialysis (any mode of dialysis),No,2019,Y0114_19_35653_U_M,Y0114_19_35653_U_M_016,72380MUSENMUB,72380MUSENMUB_016,Y0114_19_35653_U_M_016_H3240_017-000_NJ_HMO-POS C-SNP ESRD,1-H3240-017-000-NJ-Amerigroup-16,Green,Yes,Yes,No,No,No,No,No,No,19AGPCV_SNP3,H3240_017-000_NJ_HMO-POS C-SNP ESRD,19NJH3240017,"Bergen, Essex, Hudson, Middlesex, Monmouth, Morris, Ocean, Passaic, Somerset, Union counties",1-H3240-017-000-NJ-Amerigroup-16,Logo_Amerigroup_GS_100pct.eps,GS,100PCT,.eps,Amerigroup - an Anthem Company logo,1052|2019H3240017000NJMRGRP~1892|Bergen|Essex|Hudson|Middlesex|Monmouth|Morris|Ocean|Passaic|Somerset|Union
017,17,1,H2593-031-000,H2593,031,000,Amerigroup,Amerivantage ESRD (HMO-POS SNP),Texas,Select Counties in Texas,"Bexar, Comal, Dallas, El Paso, Hays, Tarrant, Travis, Williamson",TX,"Bexar, Comal, Dallas, El Paso, Hays, Tarrant, Travis, Williamson",HMO-POS C-SNP ESRD,Chronic or Disabling Condition - Dialysis Services requiring dialysis (any mode of dialysis),Yes,2019,Y0114_19_35653_U_M,Y0114_19_35653_U_M_017,72380MUSENMUB,72380MUSENMUB_017,Y0114_19_35653_U_M_017_H2593_031-000_TX_HMO-POS C-SNP ESRD,1-H2593-031-000-TX-Amerigroup-17,Green,Yes,Yes,No,No,No,No,No,No,19AGPCV_SNP2,H2593_031-000_TX_HMO-POS C-SNP ESRD,19TXH2593031,"Bexar, Comal, Dallas, El Paso, Hays, Tarrant, Travis, Williamson counties",1-H2593-031-000-TX-Amerigroup-17,Logo_Amerigroup_GS_100pct.eps,GS,100PCT,.eps,Amerigroup - an Anthem Company logo,1052|2019H2593031000TXMRGRP~1892|Bexar|Comal|Dallas|El Paso|Hays|Tarrant|Travis|Williamson
018,18,1,H3447-017-000,H3447,017,000,Anthem HealthKeepers,Anthem MediBlue ESRD (HMO-POS SNP),Virginia,Select Counties in VA,"Chesapeake City, Hampton City, Newport News City, Norfolk City, Portsmouth City, Suffolk City, Virginia Beach City",VA,"Chesapeake City, Hampton City, Newport News City, Norfolk City, Portsmouth City, Suffolk City, Virginia Beach City",HMO-POS C-SNP ESRD,Chronic or Disabling Condition - Dialysis Services requiring dialysis (any mode of dialysis),No,2019,Y0114_19_35653_U_M,Y0114_19_35653_U_M_018,72380MUSENMUB,72380MUSENMUB_018,Y0114_19_35653_U_M_018_H3447_017-000_VA_HMO-POS C-SNP ESRD,1-H3447-017-000-VA-Anthem HealthKeepers-18,Blue,No,No,No,No,No,No,No,No,19ANCV_SNP2,H3447_017-000_VA_HMO-POS C-SNP ESRD,19VAH3447017,"Chesapeake City, Hampton City, Newport News City, Norfolk City, Portsmouth City, Suffolk City, Virginia Beach City counties",1-H3447-017-000-VA-Anthem HealthKeepers-18,Logo_AnthemHealthkeepers_BW_100pct.eps,BW,100PCT,.eps,Anthem HealthKeepers logo,1052|2019H3447017000VANTHMHLTHKPRS~1892|Chesapeake City|Hampton City|Newport News City|Norfolk City|Portsmouth City|Suffolk City|Virginia Beach City
019,19,1,H5854-012-000,H5854,012,000,Anthem Blue Cross and Blue Shield,Anthem MediBlue ESRD (HMO-POS SNP),Connecticut,Select Counties in Connecticut,"Fairfield, Hartford, Litchfield, Middlesex, New Haven, Tolland",CT,"Fairfield, Hartford, Litchfield, Middlesex, New Haven, Tolland",HMO-POS,Chronic or Disabling Condition - Dialysis Services requiring dialysis (any mode of dialysis),No,2019,Y0114_19_35653_U_M,Y0114_19_35653_U_M_019,72380MUSENMUB,72380MUSENMUB_019,Y0114_19_35653_U_M_019_H5854_012-000_CT_HMO-POS,1-H5854-012-000-CT-Anthem Blue Cross and Blue Shield-19,Blue,Yes,Yes,No,No,No,No,No,No,19ANCV_SNP2,H5854_012-000_CT_HMO-POS,19CTH5854012,"Fairfield, Hartford, Litchfield, Middlesex, New Haven, Tolland counties",1-H5854-012-000-CT-Anthem Blue Cross and Blue Shield-19,Logo_AnthemBCBS_BW_100pct.eps,BW,100PCT,.eps,Anthem Blue Cross and Blue Shield logo,1052|2019H5854012000CTNTHMBLCRSSBLSHLD~1892|Fairfield|Hartford|Litchfield|Middlesex|New Haven|Tolland
020,20,1,H8552-028-000,H8552,028,000,Anthem Blue Cross Life and Health Insurance Company,Anthem MediBlue ESRD (PPO SNP),California,Select Counties in California,"Fresno, Kern, Kings, Madera, Merced, Monterey, San Diego, San Joaquin, San Luis Obispo, Stanislaus, Tulare, Ventura",CA,"Fresno, Kern, Kings, Madera, Merced, Monterey, San Diego, San Joaquin, San Luis Obispo, Stanislaus, Tulare, Ventura",LPPO CSNP-ESRD,Chronic or Disabling Condition - Dialysis Services requiring dialysis (any mode of dialysis),Yes,2019,Y0114_19_35653_U_M,Y0114_19_35653_U_M_020,72380MUSENMUB,72380MUSENMUB_020,Y0114_19_35653_U_M_020_H8552_028-000_CA_LPPO CSNP-ESRD,1-H8552-028-000-CA-Anthem Blue Cross Life and Health Insurance Company-20,Blue,Yes,Yes,No,No,No,No,No,No,19MACVLPPO_E,H8552_028-000_CA_LPPO CSNP-ESRD,19CAH8552028,"Fresno, Kern, Kings, Madera, Merced, Monterey, San Diego, San Joaquin, San Luis Obispo, Stanislaus, Tulare, Ventura counties",1-H8552-028-000-CA-Anthem Blue Cross Life and Health Insurance Company-20,Logo_AnthemBC_BW_100pct.eps,BW,100PCT,.eps,Anthem Blue Cross Life and Health Insurance Company logo,1052|2019H8552028000CANTHMBLCRSSLFHLTHNSRNC~1892|Fresno|Kern|Kings|Madera|Merced|Monterey|San Diego|San Joaquin|San Luis Obispo|Stanislaus|Tulare|Ventura
023,23,1,H2593-037-000,H2593,037,000,Amerigroup,Amerivantage Diabetes (HMO SNP),Texas,Harris County,Harris,TX,Harris,HMO SNP,Chronic or Disabling Condition - Diabetes mellitus,Yes,2019,Y0114_19_35653_U_M,Y0114_19_35653_U_M_023,72380MUSENMUB,72380MUSENMUB_023,Y0114_19_35653_U_M_023_H2593_037-000_TX_HMO SNP,1-H2593-037-000-TX-Amerigroup-23,Green,Yes,Yes,No,No,No,No,No,No,19AGPCV_SNP1,H2593_037-000_TX_HMO C-SNP,19TXH2593037,Harris county,1-H2593-037-000-TX-Amerigroup-23,Logo_Amerigroup_GS_100pct.eps,GS,100PCT,.eps,Amerigroup - an Anthem Company logo,1052|2019H2593037000TXMRGRP~1892|Harris
030,30,1,H3655-041-000,H3655,041,000,Anthem Blue Cross and Blue Shield,Anthem MediBlue Extra (HMO),Ohio,Select Counties in Ohio,"Adams, Allen, Ashland, Ashtabula, Athens, Auglaize, Belmont, Brown, Butler, Carroll, Champaign, Clark, Clermont, Clinton, Columbiana, Coshocton, Crawford, Cuyahoga, Darke, Defiance, Delaware, Erie, Fairfield, Fayette, Franklin, Fulton, Gallia, Geauga, Greene, Guernsey, Hamilton, Hancock, Hardin, Harrison, Henry, Highland, Hocking, Holmes, Huron, Jackson, Jefferson, Lake, Lawrence, Licking, Logan, Lorain, Lucas, Madison, Mahoning, Marion, Medina, Meigs, Mercer, Miami, Monroe, Montgomery, Morgan, Morrow, Muskingum, Noble, Ottawa, Paulding, Perry, Pickaway, Pike, Portage, Preble, Putnam, Richland, Ross, Sandusky, Scioto, Seneca, Shelby, Stark, Summit, Trumbull, Tuscarawas, Union, Van Wert, Vinton, Warren, Washington, Wayne, Williams, Wood, Wyandot",OH,"Adams, Allen, Ashland, Ashtabula, Athens, Auglaize, Belmont, Brown, Butler, Carroll, Champaign, Clark, Clermont, Clinton, Columbiana, Coshocton, Crawford, Cuyahoga, Darke, Defiance, Delaware, Erie, Fairfield, Fayette, Franklin, Fulton, Gallia, Geauga, Greene, Guernsey, Hamilton, Hancock, Hardin, Harrison, Henry, Highland, Hocking, Holmes, Huron, Jackson, Jefferson, Lake, Lawrence, Licking, Logan, Lorain, Lucas, Madison, Mahoning, Marion, Medina, Meigs, Mercer, Miami, Monroe, Montgomery, Morgan, Morrow, Muskingum, Noble, Ottawa, Paulding, Perry, Pickaway, Pike, Portage, Preble, Putnam, Richland, Ross, Sandusky, Scioto, Seneca, Shelby, Stark, Summit, Trumbull, Tuscarawas, Union, Van Wert, Vinton, Warren, Washington, Wayne, Williams, Wood, Wyandot",HMO,N/A,No,2019,Y0114_19_35663_U_M,Y0114_19_35663_U_M_030,72387MUSENMUB,72387MUSENMUB_030,Y0114_19_35663_U_M_030_H3655_041-000_OH_HMO,1-H3655-041-000-OH-Anthem Blue Cross and Blue Shield-30,Blue,No,Yes,No,No,No,No,No,No,19ANCVR_2,H3655_041-000_OH_HMO,19OHH3655041,Select counties in Ohio. See page 2 for a full list of counties.,1-H3655-041-000-OH-Anthem Blue Cross and Blue Shield-30,Logo_AnthemBCBS_BW_100pct.eps,BW,100PCT,.eps,Anthem Blue Cross and Blue Shield logo,1052|2019H3655041000OHNTHMBLCRSSBLSHLD~1892|Adams|Allen|Ashland|Ashtabula|Athens|Auglaize|Belmont|Brown|Butler|Carroll|Champaign|Clark|Clermont|Clinton|Columbiana|Coshocton|Crawford|Cuyahoga|Darke|Defiance|Delaware|Erie|Fairfield|Fayette|Franklin|Fulton|Gallia|Geauga|Greene|Guernsey|Hamilton|Hancock|Hardin|Harrison|Henry|Highland|Hocking|Holmes|Huron|Jackson|Jefferson|Lake|Lawrence|Licking|Logan|Lorain|Lucas|Madison|Mahoning|Marion|Medina|Meigs|Mercer|Miami|Monroe|Montgomery|Morgan|Morrow|Muskingum|Noble|Ottawa|Paulding|Perry|Pickaway|Pike|Portage|Preble|Putnam|Richland|Ross|Sandusky|Scioto|Seneca|Shelby|Stark|Summit|Trumbull|Tuscarawas|Union|Van Wert|Vinton|Warren|Washington|Wayne|Williams|Wood|Wyandot
040,40,1,H2593-024-000,H2593,024,000,Amerigroup,Amerivantage Plus (HMO),Tennessee,Select Counties in Tennessee,Shelby,TN,Shelby,HMO,N/A,No,2019,Y0114_19_35653_U_M,Y0114_19_35653_U_M_040,72380MUSENMUB,72380MUSENMUB_040,Y0114_19_35653_U_M_040_H2593_024-000_TN_HMO,1-H2593-024-000-TN-Amerigroup-40,Green,No,No,No,No,No,No,No,No,19AGPCVR_2,H2593_024-000_TN_HMO,19TNH2593024,Shelby county,1-H2593-024-000-TN-Amerigroup-40,Logo_Amerigroup_GS_100pct.eps,GS,100PCT,.eps,Amerigroup - an Anthem Company logo,1052|2019H2593024000TNMRGRP~1892|Shelby
042,42,1,H5746-016-000,H5746,016,000,Amerigroup,Amerivantage Classic (HMO),New Mexico,Greater Albuquerque Area,"Bernalillo, Sandoval, Santa Fe, Torrance, Valencia",NM,"Bernalillo, Sandoval, Santa Fe, Torrance, Valencia",HMO,N/A,No,2019,Y0114_19_35653_U_M,Y0114_19_35653_U_M_042,72380MUSENMUB,72380MUSENMUB_042,Y0114_19_35653_U_M_042_H5746_016-000_NM_HMO,1-H5746-016-000-NM-Amerigroup-42,Green,Yes,Yes,No,No,No,No,No,No,19AGPCVR_1,H5746_016-000_NM_HMO,19NMH5746016,"Bernalillo, Sandoval, Santa Fe, Torrance, Valencia counties",1-H5746-016-000-NM-Amerigroup-42,Logo_Amerigroup_GS_100pct.eps,GS,100PCT,.eps,Amerigroup - an Anthem Company logo,1052|2019H5746016000NMMRGRP~1892|Bernalillo|Sandoval|Santa Fe|Torrance|Valencia
052,52,1,H2593-030-001,H2593,030,001,Amerigroup,Amerivantage Dual Coordination (HMO SNP),Texas,Select Counties in Texas,"Austin, Chambers, Fort Bend, Galveston, Grimes, Harris, Jefferson, Liberty, Montgomery, San Jacinto, Walker, Waller, Wharton",TX,"Austin, Chambers, Fort Bend, Galveston, Grimes, Harris, Jefferson, Liberty, Montgomery, San Jacinto, Walker, Waller, Wharton",HMO-DE-SNP,Dual-Eligible,No,2019,Y0114_19_35652_U_M,Y0114_19_35652_U_M_052,72379MUSENMUB,72379MUSENMUB_052,Y0114_19_35652_U_M_052_H2593_030-001_TX_HMO-DE-SNP,1-H2593-030-001-TX-Amerigroup-52,Green,Yes,Yes,No,No,No,No,No,Yes,19AGPCV_SNP1,H2593_030-001_TX_HMO D-SNP,19TXH2593301,"Austin, Chambers, Fort Bend, Galveston, Grimes, Harris, Jefferson, Liberty, Montgomery, San Jacinto, Walker, Waller, Wharton counties",1-H2593-030-001-TX-Amerigroup-52,Logo_Amerigroup_GS_100pct.eps,GS,100PCT,.eps,Amerigroup - an Anthem Company logo,1052|2019H2593030001TXMRGRP~1892|Austin|Chambers|Fort Bend|Galveston|Grimes|Harris|Jefferson|Liberty|Montgomery|San Jacinto|Walker|Waller|Wharton
061,61,1,H7728-004-001,H7728,004,001,Anthem Blue Cross and Blue Shield,Anthem MediBlue Access (PPO),Kentucky,Select Counties in Kentucky,"Adair, Allen, Anderson, Ballard, Barren, Bath, Bell, Boone, Bourbon, Boyd, Bracken, Breathitt, Butler, Calloway, Campbell, Carlisle, Carroll, Carter, Casey, Clark, Clay, Clinton, Cumberland, Edmonson, Elliott, Estill, Fayette, Fleming, Franklin, Gallatin, Garrard, Grant, Graves, Green, Greenup, Harlan, Harrison, Jackson, Jessamine, Johnson, Kenton, Knott, Knox, Laurel, Lawrence, Lee, Leslie, Lewis, Livingston, Logan, Lyon, Madison, Magoffin, Marshall, Mason, McCracken, McCreary, Menifee, Metcalfe, Monroe, Montgomery, Nicholas, Owen, Pendleton, Perry, Powell, Pulaski, Robertson, Rockcastle, Rowan, Scott, Warren, Whitley, Wolfe, Woodford",KY,"Adair, Allen, Anderson, Ballard, Barren, Bath, Bell, Boone, Bourbon, Boyd, Bracken, Breathitt, Butler, Calloway, Campbell, Carlisle, Carroll, Carter, Casey, Clark, Clay, Clinton, Cumberland, Edmonson, Elliott, Estill, Fayette, Fleming, Franklin, Gallatin, Garrard, Grant, Graves, Green, Greenup, Harlan, Harrison, Jackson, Jessamine, Johnson, Kenton, Knott, Knox, Laurel, Lawrence, Lee, Leslie, Lewis, Livingston, Logan, Lyon, Madison, Magoffin, Marshall, Mason, McCracken, McCreary, Menifee, Metcalfe, Monroe, Montgomery, Nicholas, Owen, Pendleton, Perry, Powell, Pulaski, Robertson, Rockcastle, Rowan, Scott, Warren, Whitley, Wolfe, Woodford",LPPO,N/A,No,2019,Y0114_19_35653_U_M,Y0114_19_35653_U_M_061,72380MUSENMUB,72380MUSENMUB_061,Y0114_19_35653_U_M_061_H7728_004-001_KY_LPPO,1-H7728-004-001-KY-Anthem Blue Cross and Blue Shield-61,Blue,No,No,No,No,No,No,No,No,19MACVLPPO_E,H7728_004-001_KY_LPPO,19KYH7728041,Select counties in Kentucky. See page 2 for a full list of counties.,1-H7728-004-001-KY-Anthem Blue Cross and Blue Shield-61,Logo_AnthemBCBS_BW_100pct.eps,BW,100PCT,.eps,Anthem Blue Cross and Blue Shield logo,1052|2019H7728004001KYNTHMBLCRSSBLSHLD~1892|Adair|Allen|Anderson|Ballard|Barren|Bath|Bell|Boone|Bourbon|Boyd|Bracken|Breathitt|Butler|Calloway|Campbell|Carlisle|Carroll|Carter|Casey|Clark|Clay|Clinton|Cumberland|Edmonson|Elliott|Estill|Fayette|Fleming|Franklin|Gallatin|Garrard|Grant|Graves|Green|Greenup|Harlan|Harrison|Jackson|Jessamine|Johnson|Kenton|Knott|Knox|Laurel|Lawrence|Lee|Leslie|Lewis|Livingston|Logan|Lyon|Madison|Magoffin|Marshall|Mason|McCracken|McCreary|Menifee|Metcalfe|Monroe|Montgomery|Nicholas|Owen|Pendleton|Perry|Powell|Pulaski|Robertson|Rockcastle|Rowan|Scott|Warren|Whitley|Wolfe|Woodford
069,69,1,H4036-010-002,H4036,010,002,Anthem Blue Cross and Blue Shield,Anthem MediBlue Access (PPO),Ohio,Select Counties in Ohio,"Ashland, Brown, Clermont, Licking, Lucas, Madison, Mahoning, Medina, Portage, Shelby, Warren, Wayne",OH,"Ashland, Brown, Clermont, Licking, Lucas, Madison, Mahoning, Medina, Portage, Shelby, Warren, Wayne",LPPO,N/A,No,2019,Y0114_19_35653_U_M,Y0114_19_35653_U_M_069,72380MUSENMUB,72380MUSENMUB_069,Y0114_19_35653_U_M_069_H4036_010-002_OH_LPPO,1-H4036-010-002-OH-Anthem Blue Cross and Blue Shield-69,Blue,No,No,No,No,No,No,No,No,19MACVLPPO_E,H4036_010-002_OH_LPPO,19OHH4036102,"Ashland, Brown, Clermont, Licking, Lucas, Madison, Mahoning, Medina, Portage, Shelby, Warren, Wayne counties",1-H4036-010-002-OH-Anthem Blue Cross and Blue Shield-69,Logo_AnthemBCBS_BW_100pct.eps,BW,100PCT,.eps,Anthem Blue Cross and Blue Shield logo,1052|2019H4036010002OHNTHMBLCRSSBLSHLD~1892|Ashland|Brown|Clermont|Licking|Lucas|Madison|Mahoning|Medina|Portage|Shelby|Warren|Wayne
080,80,"1, 2","H7728-005-000, H7728-006-000",H7728,"005, 006",000,Anthem Blue Cross and Blue Shield,"Anthem MediBlue Access (PPO), Anthem MediBlue Access Basic (PPO)",Georgia,Select Counties in Georgia,"Bryan, Burke, Chatham, Clayton, Columbia, Coweta, DeKalb, Douglas, Effingham, Fayette, Fulton, Harris, Henry, McDuffie, Meriwether, Muscogee, Richmond, Spalding, Talbot, Troup",GA,"Bryan, Burke, Chatham, Clayton, Columbia, Coweta, DeKalb, Douglas, Effingham, Fayette, Fulton, Harris, Henry, McDuffie, Meriwether, Muscogee, Richmond, Spalding, Talbot, Troup",LPPO,N/A,No,2019,Y0114_19_35653_U_M,Y0114_19_35653_U_M_080,72380MUSENMUB,72380MUSENMUB_080,Y0114_19_35653_U_M_080_H7728_006-000_005-000_GA_LPPO,"1-H7728-006-000-GA-Anthem Blue Cross and Blue Shield-80, 2-H7728-005-000-GA-Anthem Blue Cross and Blue Shield-80",Blue,No,Yes,No,No,No,Yes,No,No,19MACVLPPO_E,H7728_006-000_005-000_GA_LPPO,19GAH7728MP1,"Bryan, Burke, Chatham, Clayton, Columbia, Coweta, DeKalb, Douglas, Effingham, Fayette, Fulton, Harris, Henry, McDuffie, Meriwether, Muscogee, Richmond, Spalding, Talbot, Troup counties","1-H7728-006-000-GA-Anthem Blue Cross and Blue Shield-80, 2-H7728-005-000-GA-Anthem Blue Cross and Blue Shield-80",Logo_AnthemBCBS_BW_100pct.eps,BW,100PCT,.eps,Anthem Blue Cross and Blue Shield logo,1052|2019H7728005000GANTHMBLCRSSBLSHLD|2019H7728006000GANTHMBLCRSSBLSHLD~1892|Bryan|Burke|Chatham|Clayton|Columbia|Coweta|DeKalb|Douglas|Effingham|Fayette|Fulton|Harris|Henry|McDuffie|Meriwether|Muscogee|Richmond|Spalding|Talbot|Troup
088,88,1,H8552-020-000,H8552,020,000,Anthem Blue Cross Life and Health Insurance Company,Anthem MediBlue Access (PPO),California,Orange County,Orange,CA,Orange,LPPO,N/A,No,2019,Y0114_19_35653_U_M,Y0114_19_35653_U_M_088,72380MUSENMUB,72380MUSENMUB_088,Y0114_19_35653_U_M_088_H8552_020-000_CA_LPPO,1-H8552-020-000-CA-Anthem Blue Cross Life and Health Insurance Company-88,Blue,Yes,Yes,No,No,No,No,No,No,19MACVLPPO_E,H8552_020-000_CA_LPPO,19CAH8552020,Orange county,1-H8552-020-000-CA-Anthem Blue Cross Life and Health Insurance Company-88,Logo_AnthemBC_BW_100pct.eps,BW,100PCT,.eps,Anthem Blue Cross Life and Health Insurance Company logo,1052|2019H8552020000CANTHMBLCRSSLFHLTHNSRNC~1892|Orange
090,90,1,H3655-033-000,H3655,033,000,Anthem Blue Cross and Blue Shield,Anthem MediBlue Dual Advantage (HMO SNP),Ohio,Select Counties in Ohio,"Adams, Allen, Ashland, Ashtabula, Athens, Auglaize, Belmont, Brown, Butler, Carroll, Champaign, Clark, Clermont, Clinton, Columbiana, Coshocton, Crawford, Cuyahoga, Darke, Defiance, Delaware, Erie, Fairfield, Fayette, Franklin, Fulton, Gallia, Geauga, Greene, Guernsey, Hamilton, Hancock, Hardin, Harrison, Henry, Highland, Hocking, Holmes, Huron, Jackson, Jefferson, Lake, Lawrence, Licking, Logan, Lorain, Lucas, Madison, Mahoning, Marion, Medina, Meigs, Mercer, Miami, Monroe, Montgomery, Morgan, Morrow, Muskingum, Noble, Ottawa, Paulding, Perry, Pickaway, Pike, Portage, Preble, Putnam, Richland, Ross, Sandusky, Scioto, Seneca, Shelby, Stark, Summit, Trumbull, Tuscarawas, Union, Van Wert, Vinton, Warren, Washington, Wayne, Williams, Wood, Wyandot",OH,"Adams, Allen, Ashland, Ashtabula, Athens, Auglaize, Belmont, Brown, Butler, Carroll, Champaign, Clark, Clermont, Clinton, Columbiana, Coshocton, Crawford, Cuyahoga, Darke, Defiance, Delaware, Erie, Fairfield, Fayette, Franklin, Fulton, Gallia, Geauga, Greene, Guernsey, Hamilton, Hancock, Hardin, Harrison, Henry, Highland, Hocking, Holmes, Huron, Jackson, Jefferson, Lake, Lawrence, Licking, Logan, Lorain, Lucas, Madison, Mahoning, Marion, Medina, Meigs, Mercer, Miami, Monroe, Montgomery, Morgan, Morrow, Muskingum, Noble, Ottawa, Paulding, Perry, Pickaway, Pike, Portage, Preble, Putnam, Richland, Ross, Sandusky, Scioto, Seneca, Shelby, Stark, Summit, Trumbull, Tuscarawas, Union, Van Wert, Vinton, Warren, Washington, Wayne, Williams, Wood, Wyandot",HMO-DE-SNP,Dual-Eligible,No,2019,Y0114_19_35652_U_M,Y0114_19_35652_U_M_090,72379MUSENMUB,72379MUSENMUB_090,Y0114_19_35652_U_M_090_H3655_033-000_OH_HMO-DE-SNP,1-H3655-033-000-OH-Anthem Blue Cross and Blue Shield-90,Blue,No,Yes,No,No,No,No,No,No,19ANCV_SNP1,H3655_033-000_OH_HMO D-SNP,19OHH3655033,Select counties in Ohio. See page 2 for a full list of counties.,1-H3655-033-000-OH-Anthem Blue Cross and Blue Shield-90,Logo_AnthemBCBS_BW_100pct.eps,BW,100PCT,.eps,Anthem Blue Cross and Blue Shield logo,1052|2019H3655033000OHNTHMBLCRSSBLSHLD~1892|Adams|Allen|Ashland|Ashtabula|Athens|Auglaize|Belmont|Brown|Butler|Carroll|Champaign|Clark|Clermont|Clinton|Columbiana|Coshocton|Crawford|Cuyahoga|Darke|Defiance|Delaware|Erie|Fairfield|Fayette|Franklin|Fulton|Gallia|Geauga|Greene|Guernsey|Hamilton|Hancock|Hardin|Harrison|Henry|Highland|Hocking|Holmes|Huron|Jackson|Jefferson|Lake|Lawrence|Licking|Logan|Lorain|Lucas|Madison|Mahoning|Marion|Medina|Meigs|Mercer|Miami|Monroe|Montgomery|Morgan|Morrow|Muskingum|Noble|Ottawa|Paulding|Perry|Pickaway|Pike|Portage|Preble|Putnam|Richland|Ross|Sandusky|Scioto|Seneca|Shelby|Stark|Summit|Trumbull|Tuscarawas|Union|Van Wert|Vinton|Warren|Washington|Wayne|Williams|Wood|Wyandot
097,97,1,H8432-002-000,H8432,002,000,Anthem Blue Cross and Blue Shield,Anthem MediBlue Dual Advantage (HMO SNP),Maine,Select Counties in Maine,"Androscoggin, Aroostook, Cumberland, Hancock, Kennebec, Knox, Lincoln, Oxford, Penobscot, Sagadahoc, Somerset, Waldo, York",ME,"Androscoggin, Aroostook, Cumberland, Hancock, Kennebec, Knox, Lincoln, Oxford, Penobscot, Sagadahoc, Somerset, Waldo, York",HMO-DE-SNP,Dual-Eligible,No,2019,Y0114_19_35652_U_M,Y0114_19_35652_U_M_097,72379MUSENMUB,72379MUSENMUB_097,Y0114_19_35652_U_M_097_H8432_002-000_ME_HMO-DE-SNP,1-H8432-002-000-ME-Anthem Blue Cross and Blue Shield-97,Blue,No,No,No,No,No,No,No,No,19ANCV_SNP1,H8432_002-000_ME_HMO D-SNP,19MEH8432002,"Androscoggin, Aroostook, Cumberland, Hancock, Kennebec, Knox, Lincoln, Oxford, Penobscot, Sagadahoc, Somerset, Waldo, York counties",1-H8432-002-000-ME-Anthem Blue Cross and Blue Shield-97,Logo_AnthemBCBS_BW_100pct.eps,BW,100PCT,.eps,Anthem Blue Cross and Blue Shield logo,1052|2019H8432002000MENTHMBLCRSSBLSHLD~1892|Androscoggin|Aroostook|Cumberland|Hancock|Kennebec|Knox|Lincoln|Oxford|Penobscot|Sagadahoc|Somerset|Waldo|York
113B,113,1,H5471-086-000,H5471,086,000,Simply Healthcare,Simply Advantage (HMO SNP),Florida,"Orange, Osceola, Seminole","Orange, Osceola, Seminole",FL,"Orange, Osceola, Seminole",HMO-DE-SNP,Dual-Eligible,No,2019,Y0114_19_35652_U_M,Y0114_19_35652_U_M_113B,72379MUSENMUB,72379MUSENMUB_113B,Y0114_19_35652_U_M_113B_H5471_086-000_FL_HMO-DE-SNP,1-H5471-086-000-FL-Simply Healthcare-113,Simply,Yes,Yes,No,No,No,No,No,No,19SHADV_F,H5471_086-000_FL_HMO D-SNP,19FLH5471086,"Orange, Osceola, Seminole counties",1-H5471-086-000-FL-Simply Healthcare-113,Logo_Simply_Healthcare_GS_100pct.eps,GS,100PCT,.eps,Simply Healthcare logo,1052|2019H5471086000FLSMPLYHLTHCR~1892|Orange|Osceola|Seminole
126,126,"1, 2","H2593-038-000, H2593-039-000",H2593,"038, 039",000,Amerigroup,"Amerivantage COPD (HMO SNP), Amerivantage Heart (HMO SNP)",Texas,Harris County,Harris,TX,Harris,HMO SNP,"Chronic or Disabling Condition - Cardiovascular Disorders and/or Chronic Heart Failure, Chronic or Disabling Condition - Chronic lung disorders",Yes,2019,Y0114_19_35653_U_M,Y0114_19_35653_U_M_126,72380MUSENMUB,72380MUSENMUB_126,Y0114_19_35653_U_M_126_H2593_038-000_039-000_TX_HMO SNP,"1-H2593-038-000-TX-Amerigroup-126, 2-H2593-039-000-TX-Amerigroup-126",Green,Yes,Yes,No,No,No,No,No,No,19AGPCV_SNP2,H2593_038-000_039-000_TX_HMO C-SNP,19TXH2593MP1,Harris county,"1-H2593-038-000-TX-Amerigroup-126, 2-H2593-039-000-TX-Amerigroup-126",Logo_Amerigroup_GS_100pct.eps,GS,100PCT,.eps,Amerigroup - an Anthem Company logo,1052|2019H2593038000TXMRGRP|2019H2593039000TXMRGRP~1892|Harris
145,145,"1, 2","H3655-034-000, H3655-040-000",H3655,"034, 040",000,Anthem Blue Cross and Blue Shield,"Anthem MediBlue Plus (HMO), Anthem MediBlue Preferred (HMO)",Ohio,Select Counties in Ohio,"Belmont, Brown, Butler, Carroll, Columbiana, Delaware, Greene, Hamilton, Lucas, Mahoning, Miami, Montgomery, Muskingum, Portage, Preble, Shelby, Stark, Summit, Trumbull, Tuscarawas, Union, Wood",OH,"Belmont, Brown, Butler, Carroll, Columbiana, Delaware, Greene, Hamilton, Lucas, Mahoning, Miami, Montgomery, Muskingum, Portage, Preble, Shelby, Stark, Summit, Trumbull, Tuscarawas, Union, Wood",HMO,N/A,No,2019,Y0114_19_35663_U_M,Y0114_19_35663_U_M_145,72387MUSENMUB,72387MUSENMUB_145,Y0114_19_35663_U_M_145_H3655_034-000_040-000_OH_HMO,"1-H3655-034-000-OH-Anthem Blue Cross and Blue Shield-145, 2-H3655-040-000-OH-Anthem Blue Cross and Blue Shield-145",Blue,No,"No, Yes",No,No,No,No,No,No,19ANCVR_1,H3655_034-000_040-000_OH_HMO,19OHH3655MP1,Select counties in Ohio. See page 2 for a full list of counties.,"1-H3655-034-000-OH-Anthem Blue Cross and Blue Shield-145, 2-H3655-040-000-OH-Anthem Blue Cross and Blue Shield-145",Logo_AnthemBCBS_BW_100pct.eps,BW,100PCT,.eps,Anthem Blue Cross and Blue Shield logo,1052|2019H3655034000OHNTHMBLCRSSBLSHLD|2019H3655040000OHNTHMBLCRSSBLSHLD~1892|Belmont|Brown|Butler|Carroll|Columbiana|Delaware|Greene|Hamilton|Lucas|Mahoning|Miami|Montgomery|Muskingum|Portage|Preble|Shelby|Stark|Summit|Trumbull|Tuscarawas|Union|Wood
175,175,"1, 2","H8432-010-000, H8432-032-000",H8432,"010, 032",000,Empire BlueCross BlueShield,"Empire MediBlue Plus (HMO), Empire MediBlue Select (HMO)",New York,Nassau,Nassau,NY,Nassau,HMO,N/A,"No, Yes",2019,Y0114_19_35663_U_M,Y0114_19_35663_U_M_175,72387MUSENMUB,72387MUSENMUB_175,Y0114_19_35663_U_M_175_H8432_032-000_010-000_NY_HMO,"1-H8432-032-000-NY-Empire BlueCross BlueShield-175, 2-H8432-010-000-NY-Empire BlueCross BlueShield-175",Blue,Yes,Yes,No,Yes,No,Yes,No,No,19ANCVR_1,H8432_032-000_010-000_NY_HMO,19NYH8432MP3,Nassau county,"1-H8432-032-000-NY-Empire BlueCross BlueShield-175, 2-H8432-010-000-NY-Empire BlueCross BlueShield-175",Logo_EmpireBCBS_GS_100pct.eps,GS,100PCT,.eps,Empire BlueCross BlueShield logo,1052|2019H8432010000NYMPRBLCRSSBLSHLD|2019H8432032000NYMPRBLCRSSBLSHLD~1892|Nassau
195,195,1,H8432-005-000,H8432,005,000,Anthem Blue Cross and Blue Shield,Anthem MediBlue Choice (HMO-POS),Maine,"Androscoggin, Cumberland, Kennebec, Knox, York","Androscoggin, Cumberland, Kennebec, Knox, York",ME,"Androscoggin, Cumberland, Kennebec, Knox, York",HMO-POS,N/A,No,2019,Y0114_19_35653_U_M,Y0114_19_35653_U_M_195,72380MUSENMUB,72380MUSENMUB_195,Y0114_19_35653_U_M_195_H8432_005-000_ME_HMO-POS,1-H8432-005-000-ME-Anthem Blue Cross and Blue Shield-195,Blue,No,No,No,No,No,No,No,No,19ANCVR_2,H8432_005-000_ME_HMO POS,19MEH8432005,"Androscoggin, Cumberland, Kennebec, Knox, York counties",1-H8432-005-000-ME-Anthem Blue Cross and Blue Shield-195,Logo_AnthemBCBS_BW_100pct.eps,BW,100PCT,.eps,Anthem Blue Cross and Blue Shield logo,1052|2019H8432005000MENTHMBLCRSSBLSHLD~1892|Androscoggin|Cumberland|Kennebec|Knox|York
196,196,1,H8432-015-000,H8432,015,000,Empire BlueCross BlueShield,Empire MediBlue Choice (HMO-POS),New York,Kings,Kings,NY,Kings,HMO-POS,N/A,No,2019,Y0114_19_35653_U_M,Y0114_19_35653_U_M_196,72380MUSENMUB,72380MUSENMUB_196,Y0114_19_35653_U_M_196_H8432_015-000_NY_HMO-POS,1-H8432-015-000-NY-Empire BlueCross BlueShield-196,Blue,Yes,Yes,Yes,Yes,No,Yes,No,No,19ANCVR_2,H8432_015-000_NY_HMO POS,19NYH8432015,Kings county,1-H8432-015-000-NY-Empire BlueCross BlueShield-196,Logo_EmpireBCBS_GS_100pct.eps,GS,100PCT,.eps,Empire BlueCross BlueShield logo,1052|2019H8432015000NYMPRBLCRSSBLSHLD~1892|Kings
197,197,1,H8432-014-000,H8432,014,000,Empire BlueCross BlueShield,Empire MediBlue Choice (HMO-POS),New York,Nassau,Nassau,NY,Nassau,HMO-POS,N/A,No,2019,Y0114_19_35653_U_M,Y0114_19_35653_U_M_197,72380MUSENMUB,72380MUSENMUB_197,Y0114_19_35653_U_M_197_H8432_014-000_NY_HMO-POS,1-H8432-014-000-NY-Empire BlueCross BlueShield-197,Blue,Yes,Yes,No,No,No,No,No,No,19ANCVR_2,H8432_014-000_NY_HMO POS,19NYH8432014,Nassau county,1-H8432-014-000-NY-Empire BlueCross BlueShield-197,Logo_EmpireBCBS_GS_100pct.eps,GS,100PCT,.eps,Empire BlueCross BlueShield logo,1052|2019H8432014000NYMPRBLCRSSBLSHLD~1892|Nassau
198,198,1,H8432-006-000,H8432,006,000,Anthem Blue Cross and Blue Shield,Anthem MediBlue Choice (HMO-POS),Maine,Penobscot,Penobscot,ME,Penobscot,HMO-POS,N/A,No,2019,Y0114_19_35653_U_M,Y0114_19_35653_U_M_198,72380MUSENMUB,72380MUSENMUB_198,Y0114_19_35653_U_M_198_H8432_006-000_ME_HMO-POS,1-H8432-006-000-ME-Anthem Blue Cross and Blue Shield-198,Blue,No,No,No,No,No,No,No,No,19ANCVR_2,H8432_006-000_ME_HMO POS,19MEH8432006,Penobscot county,1-H8432-006-000-ME-Anthem Blue Cross and Blue Shield-198,Logo_AnthemBCBS_BW_100pct.eps,BW,100PCT,.eps,Anthem Blue Cross and Blue Shield logo,1052|2019H8432006000MENTHMBLCRSSBLSHLD~1892|Penobscot
199,199,1,H4036-016-000,H4036,016,000,Anthem Blue Cross and Blue Shield,Anthem MediBlue Access Core (PPO),Wisconsin,Select Counties in Wisconsin,"Adams, Brown, Calumet, Clark, Dodge, Door, Florence, Fond du Lac, Forest, Green, Green Lake, Iowa, Iron, Jefferson, Juneau, Kenosha, Kewaunee, Lafayette, Langlade, Lincoln, Manitowoc, Marathon, Marinette, Marquette, Menominee, Milwaukee, Oconto, Oneida, Outagamie, Ozaukee, Portage, Price, Rock, Shawano, Sheboygan, Taylor, Vilas, Walworth, Washington, Waukesha, Waupaca, Waushara, Winnebago",WI,"Adams, Brown, Calumet, Clark, Dodge, Door, Florence, Fond du Lac, Forest, Green, Green Lake, Iowa, Iron, Jefferson, Juneau, Kenosha, Kewaunee, Lafayette, Langlade, Lincoln, Manitowoc, Marathon, Marinette, Marquette, Menominee, Milwaukee, Oconto, Oneida, Outagamie, Ozaukee, Portage, Price, Rock, Shawano, Sheboygan, Taylor, Vilas, Walworth, Washington, Waukesha, Waupaca, Waushara, Winnebago",LPPO,N/A,No,2019,Y0114_19_35653_U_M,Y0114_19_35653_U_M_199,72380MUSENMUB,72380MUSENMUB_199,Y0114_19_35653_U_M_199_H4036_016-000_WI_LPPO,1-H4036-016-000-WI-Anthem Blue Cross and Blue Shield-199,Blue,No,No,No,No,No,No,No,No,19MACVLPPO_E,H4036_016-000_WI_LPPO,19WIH4036016,Select counties in Wisconsin. See page 2 for a full list of counties.,1-H4036-016-000-WI-Anthem Blue Cross and Blue Shield-199,Logo_AnthemBCBS_BW_100pct.eps,BW,100PCT,.eps,Anthem Blue Cross and Blue Shield logo,1052|2019H4036016000WINTHMBLCRSSBLSHLD~1892|Adams|Brown|Calumet|Clark|Dodge|Door|Florence|Fond du Lac|Forest|Green|Green Lake|Iowa|Iron|Jefferson|Juneau|Kenosha|Kewaunee|Lafayette|Langlade|Lincoln|Manitowoc|Marathon|Marinette|Marquette|Menominee|Milwaukee|Oconto|Oneida|Outagamie|Ozaukee|Portage|Price|Rock|Shawano|Sheboygan|Taylor|Vilas|Walworth|Washington|Waukesha|Waupaca|Waushara|Winnebago
207,207,1,H2593-006-000,H2593,006,000,Amerigroup,Amerivantage CareMore Diabetes (HMO SNP),Arizona,Pima County,Pima,AZ,Pima,HMO SNP,Chronic or Disabling Condition - Diabetes mellitus,No,2019,Y0114_19_35653_U_M,Y0114_19_35653_U_M_207,72380MUSENMUB,72380MUSENMUB_207,Y0114_19_35653_U_M_207_H2593_006-000_AZ_HMO SNP,1-H2593-006-000-AZ-Amerigroup-207,CareMore,Yes,Yes,No,No,No,No,No,No,19AGPCV_SNP1,H2593_006-000_AZ_HMO C-SNP,19AZH2593006,Pima county,1-H2593-006-000-AZ-Amerigroup-207,Logo_Amerigroup_GS_100pct.eps,GS,100PCT,.eps,Amerigroup - an Anthem Company logo,1052|2019H2593006000AZMRGRP~1892|Pima
216,216,1,H3447-010-000,H3447,010,000,Anthem HealthKeepers,Anthem MediBlue Care On Site (HMO SNP),Virginia,"Richmond Metropolitan, West & So. of Richmond Area","Chesterfield, Colonial Heights City, Goochland, Hanover, Henrico, Hopewell City, Petersburg City, Powhatan, Richmond City",VA,"Chesterfield, Colonial Heights City, Goochland, Hanover, Henrico, Hopewell City, Petersburg City, Powhatan, Richmond City",HMO SNP,Institutional,No,2019,Y0114_19_35653_U_M,Y0114_19_35653_U_M_216,72380MUSENMUB,72380MUSENMUB_216,Y0114_19_35653_U_M_216_H3447_010-000_VA_HMO SNP,1-H3447-010-000-VA-Anthem HealthKeepers-216,CareMore,No,No,No,No,No,No,No,No,19ANCV_SNP3,H3447_010-000_VA_HMO I-SNP,19VAH3447010,"Chesterfield, Colonial Heights City, Goochland, Hanover, Henrico, Hopewell City, Petersburg City, Powhatan, Richmond City counties",1-H3447-010-000-VA-Anthem HealthKeepers-216,Logo_AnthemHealthkeepers_BW_100pct.eps,BW,100PCT,.eps,Anthem HealthKeepers logo,1052|2019H3447010000VANTHMHLTHKPRS~1892|Chesterfield|Colonial Heights City|Goochland|Hanover|Henrico|Hopewell City|Petersburg City|Powhatan|Richmond City
224,224,"1, 2","H0544-013-000, H0544-014-000",H0544,"013, 014",000,Anthem Blue Cross,"Anthem Breathe (HMO SNP), Anthem Heart (HMO SNP)",California,Los Angeles and Orange Counties,"Los Angeles, Orange",CA,"Los Angeles, Orange",HMO SNP,"Chronic or Disabling Condition - Cardiovascular Disorders and/or Chronic Heart Failure, Chronic or Disabling Condition - Chronic lung disorders",No,2019,Y0114_19_35653_U_M,Y0114_19_35653_U_M_224,72380MUSENMUB,72380MUSENMUB_224,Y0114_19_35653_U_M_224_H0544_013-000_014-000_CA_HMO SNP,"1-H0544-013-000-CA-Anthem Blue Cross-224, 2-H0544-014-000-CA-Anthem Blue Cross-224",CareMore,Yes,Yes,No,No,No,No,No,No,19ANCVR_3,H0544_013-000_014-000_CA_HMO C-SNP,19CAH0544MP7,"Los Angeles, Orange counties","1-H0544-013-000-CA-Anthem Blue Cross-224, 2-H0544-014-000-CA-Anthem Blue Cross-224",Logo_AnthemBC_BW_100pct.eps,BW,100PCT,.eps,Anthem Blue Cross logo,1052|2019H0544013000CANTHMBLCRSS|2019H0544014000CANTHMBLCRSS~1892|Los Angeles|Orange
225,225,"1, 2","H2593-005-000, H2593-013-000",H2593,"005, 013",000,Amerigroup,"Amerivantage CareMore COPD (HMO SNP), Amerivantage CareMore Heart Care (HMO SNP)",Arizona,Pima County,Pima,AZ,Pima,HMO SNP,"Chronic or Disabling Condition - Cardiovascular Disorders and/or Chronic Heart Failure, Chronic or Disabling Condition - Chronic lung disorders",No,2019,Y0114_19_35653_U_M,Y0114_19_35653_U_M_225,72380MUSENMUB,72380MUSENMUB_225,Y0114_19_35653_U_M_225_H2593_013-000_005-000_AZ_HMO SNP,"1-H2593-013-000-AZ-Amerigroup-225, 2-H2593-005-000-AZ-Amerigroup-225",CareMore,Yes,Yes,No,No,No,No,No,No,19AGPCV_SNP2,H2593_013-000_005-000_AZ_HMO C-SNP,19AZH2593MP1,Pima county,"1-H2593-013-000-AZ-Amerigroup-225, 2-H2593-005-000-AZ-Amerigroup-225",Logo_Amerigroup_GS_100pct.eps,GS,100PCT,.eps,Amerigroup - an Anthem Company logo,1052|2019H2593005000AZMRGRP|2019H2593013000AZMRGRP~1892|Pima
230,230,"1, 2","H4346-001-000, H4346-009-000",H4346,"001, 009",000,Anthem Blue Cross and Blue Shield,"Anthem StartSmart Plus (HMO), Anthem Value Plus (HMO)",Nevada,Clark County,Clark,NV,Clark,HMO,N/A,No,2019,Y0114_19_35663_U_M,Y0114_19_35663_U_M_230,72387MUSENMUB,72387MUSENMUB_230,Y0114_19_35663_U_M_230_H4346_001-000_009-000_NV_HMO,"1-H4346-001-000-NV-Anthem Blue Cross and Blue Shield-230, 2-H4346-009-000-NV-Anthem Blue Cross and Blue Shield-230",CareMore,Yes,Yes,No,No,No,No,No,No,19ANCVR_2,H4346_001-000_009-000_NV_HMO,19NVH4346MP2,Clark county,"1-H4346-001-000-NV-Anthem Blue Cross and Blue Shield-230, 2-H4346-009-000-NV-Anthem Blue Cross and Blue Shield-230",Logo_AnthemBCBS_BW_100pct.eps,BW,100PCT,.eps,Anthem Blue Cross and Blue Shield logo,1052|2019H4346001000NVNTHMBLCRSSBLSHLD|2019H4346009000NVNTHMBLCRSSBLSHLD~1892|Clark
236,236,1,H3655-032-000,H3655,032,000,Anthem Blue Cross and Blue Shield,Anthem MediBlue Essential (HMO),Ohio,Select Counties in Ohio,"Adams, Allen, Ashland, Ashtabula, Auglaize, Belmont, Brown, Butler, Carroll, Champaign, Clark, Clermont, Clinton, Columbiana, Crawford, Cuyahoga, Darke, Defiance, Delaware, Erie, Fairfield, Fayette, Franklin, Fulton, Geauga, Greene, Hamilton, Hancock, Highland, Huron, Jefferson, Lake, Lawrence, Licking, Lorain, Lucas, Madison, Mahoning, Marion, Medina, Mercer, Miami, Montgomery, Morrow, Muskingum, Ottawa, Pickaway, Portage, Preble, Richland, Ross, Sandusky, Scioto, Seneca, Shelby, Stark, Summit, Trumbull, Tuscarawas, Union, Van Wert, Warren, Washington, Wayne, Williams, Wood",OH,"Adams, Allen, Ashland, Ashtabula, Auglaize, Belmont, Brown, Butler, Carroll, Champaign, Clark, Clermont, Clinton, Columbiana, Crawford, Cuyahoga, Darke, Defiance, Delaware, Erie, Fairfield, Fayette, Franklin, Fulton, Geauga, Greene, Hamilton, Hancock, Highland, Huron, Jefferson, Lake, Lawrence, Licking, Lorain, Lucas, Madison, Mahoning, Marion, Medina, Mercer, Miami, Montgomery, Morrow, Muskingum, Ottawa, Pickaway, Portage, Preble, Richland, Ross, Sandusky, Scioto, Seneca, Shelby, Stark, Summit, Trumbull, Tuscarawas, Union, Van Wert, Warren, Washington, Wayne, Williams, Wood",HMO,N/A,No,2019,Y0114_19_35663_U_M,Y0114_19_35663_U_M_236,72387MUSENMUB,72387MUSENMUB_236,Y0114_19_35663_U_M_236_H3655_032-000_OH_HMO,1-H3655-032-000-OH-Anthem Blue Cross and Blue Shield-236,Blue,No,No,No,No,No,No,No,No,,H3655_032-000_OH_HMO,,Select counties in Ohio. See page 2 for a full list of counties.,1-H3655-032-000-OH-Anthem Blue Cross and Blue Shield-236,Logo_AnthemBCBS_BW_100pct.eps,BW,100PCT,.eps,Anthem Blue Cross and Blue Shield logo,1052|2019H3655032000OHNTHMBLCRSSBLSHLD~1892|Adams|Allen|Ashland|Ashtabula|Auglaize|Belmont|Brown|Butler|Carroll|Champaign|Clark|Clermont|Clinton|Columbiana|Crawford|Cuyahoga|Darke|Defiance|Delaware|Erie|Fairfield|Fayette|Franklin|Fulton|Geauga|Greene|Hamilton|Hancock|Highland|Huron|Jefferson|Lake|Lawrence|Licking|Lorain|Lucas|Madison|Mahoning|Marion|Medina|Mercer|Miami|Montgomery|Morrow|Muskingum|Ottawa|Pickaway|Portage|Preble|Richland|Ross|Sandusky|Scioto|Seneca|Shelby|Stark|Summit|Trumbull|Tuscarawas|Union|Van Wert|Warren|Washington|Wayne|Williams|Wood