ver_version_number,sb_versionid,benefit_col_nbr,contract_plan_seg_comp,contract,plan_id,segment_id,brand_name,plan_name,state,general_service_area,summary_of_benefits_service_area,state_abbreviation,individual_county,product_type,snp_type_and_condition,select_network,marketing_year,ver_base_material_id,ver_extended_material_id_1064,ver_aprimo_form_number,ver_extended_aprimo_form_number,sb_file_name_2,superfile_key,eoc_brand,spanish_translated_mandated_at_4_5,spanish_translated_enrollment,chinese_translated_mandated_at_4_5,chinese_translated_enrollment,korean_translated_mandated_at_4_5,korean_translated_enrollment,vietnamese_translated_mandated_at_4_5,vietnamese_translated_enrollment,cover_shell_version,state_code_user_uploaded,kit_root,effective_area,superfile_key_passthrough,dl_file_name,dl_output_color,dl_output_size,dl_output_type,logo_alt_text,_sys_cond_key
002,2,"1, 2","S5726-013-000, S5726-014-000",S5726,"013, 014",000,Blue Cross and Blue Shield of Kansas,"Blue MedicareRx Plus (PDP), Blue MedicareRx Value (PDP)",Kansas,Kansas,"Allen, Anderson, Atchison, Barber, Barton, Bourbon, Brown, Butler, Chase, Chautauqua, Cherokee, Cheyenne, Clark, Clay, Cloud, Coffey, Comanche, Cowley, Crawford, Decatur, Dickinson, Doniphan, Douglas, Edwards, Elk, Ellis, Ellsworth, Finney, Ford, Franklin, Geary, Gove, Graham, Grant, Gray, Greeley, Greenwood, Hamilton, Harper, Harvey, Haskell, Hodgeman, Jackson, Jefferson, Jewell, Kearny, Kingman, Kiowa, Labette, Lane, Leavenworth, Lincoln, Linn, Logan, Lyon, Marion, Marshall, McPherson, Meade, Miami, Mitchell, Montgomery, Morris, Morton, Nemaha, Neosho, Ness, Norton, Osage, Osborne, Ottawa, Pawnee, Phillips, Pottawatomie, Pratt, Rawlins, Reno, Republic, Rice, Riley, Rooks, Rush, Russell, Saline, Scott, Sedgwick, Seward, Shawnee, Sheridan, Sherman, Smith, Stafford, Stanton, Stevens, Sumner, Thomas, Trego, Wabaunsee, Wallace, Washington, Wichita, Wilson, Woodson",KS,,PDP,N/A,N/A,2019,Y0114_19_35602_U_M,Y0114_19_35602_U_M_002,72325MUSENMUB,72325MUSENMUB_002,Y0114_19_35602_U_M_002_S5726_013-000_014-000_KS_PDP,"1-S5726-013-000-KS-Blue Cross and Blue Shield of Kansas-2, 2-S5726-014-000-KS-Blue Cross and Blue Shield of Kansas-2",N/A,No,No,No,No,No,No,No,No,19PDCVBLUE_B,S5726_013-000_014-000_KS_PDP,19KSS5726,"Kansas, except Johnson and Wyandotte counties","1-S5726-013-000-KS-Blue Cross and Blue Shield of Kansas-2, 2-S5726-014-000-KS-Blue Cross and Blue Shield of Kansas-2",Logo_BCBS_Kansas_BW_100pct.eps,BW,100PCT,.eps,Blue Cross and Blue Shield of Kansas logo,1052|2019S5726013000KSBLCRSSBLSHLDKNSS|2019S5726014000KSBLCRSSBLSHLDKNSS
003,3,"1, 2","S5596-043-000, S5596-044-000",S5596,"043, 044",000,Blue Cross and Blue Shield of Kansas City,"Blue MedicareRx Plus (PDP), Blue MedicareRx Value (PDP)",Missouri,Missouri,"Andrew, Atchison, Bates, Benton, Buchanan, Caldwell, Carroll, Cass, Clay, Clinton, Daviess, DeKalb, Gentry, Grundy, Harrison, Henry, Holt, Jackson, Johnson, Lafayette, Livingston, Mercer, Nodaway, Pettis, Platte, Ray, Saline, St. Clair, Vernon, Worth",MO,,PDP,N/A,N/A,2019,Y0114_19_35602_U_M,Y0114_19_35602_U_M_003,72325MUSENMUB,72325MUSENMUB_003,Y0114_19_35602_U_M_003_S5596_043-000_044-000_KCMO_PDP,"1-S5596-043-000-MO-Blue Cross and Blue Shield of Kansas City-3, 2-S5596-044-000-MO-Blue Cross and Blue Shield of Kansas City-3",N/A,No,No,No,No,No,No,No,No,19PDCVBLUE_B,S5596_043-000_044-000_KCMO_PDP,19KCMOS5596,Select counties in Missouri. See page 2 for a list of counties.,"1-S5596-043-000-MO-Blue Cross and Blue Shield of Kansas City-3, 2-S5596-044-000-MO-Blue Cross and Blue Shield of Kansas City-3",Logo_BCBS_Kansas_City_BW_100pct.eps,BW,100PCT,.eps,Blue Cross and Blue Shield of Kansas City logo,1052|2019S5596043000MOBLCRSSBLSHLDKNSSCTY|2019S5596044000MOBLCRSSBLSHLDKNSSCTY
004,4,"1, 2","S5596-033-000, S5596-034-000",S5596,"033, 034",000,Anthem Blue Cross,"Anthem Blue Cross MedicareRx Plus (PDP), Anthem Blue Cross MedicareRx Standard (PDP)",California,California,California,CA,,PDP,N/A,N/A,2019,Y0114_19_35602_U_M,Y0114_19_35602_U_M_004,72325MUSENMUB,72325MUSENMUB_004,Y0114_19_35602_U_M_004_S5596_033-000_034-000_CA_PDP,"1-S5596-033-000-CA-Anthem Blue Cross-4, 2-S5596-034-000-CA-Anthem Blue Cross-4",N/A,Yes,Yes,No,No,No,No,No,No,19PDCVBLUE_B,S5596_033-000_034-000_CA_PDP,19CAS5596,,"1-S5596-033-000-CA-Anthem Blue Cross-4, 2-S5596-034-000-CA-Anthem Blue Cross-4",Logo_AnthemBC_BW_100pct.eps,BW,100PCT,.eps,Anthem Blue Cross logo,1052|2019S5596033000CANTHMBLCRSS|2019S5596034000CANTHMBLCRSS
006,6,"1, 2","S5596-009-000, S5596-010-000",S5596,"009, 010",000,Anthem Blue Cross and Blue Shield,"Anthem Blue MedicareRx Plus (PDP), Anthem Blue MedicareRx Standard (PDP)",Georgia,Georgia,Georgia,GA,,PDP,N/A,N/A,2019,Y0114_19_35602_U_M,Y0114_19_35602_U_M_006,72325MUSENMUB,72325MUSENMUB_006,Y0114_19_35602_U_M_006_S5596_009-000_010-000_GA_PDP,"1-S5596-009-000-GA-Anthem Blue Cross and Blue Shield-6, 2-S5596-010-000-GA-Anthem Blue Cross and Blue Shield-6",N/A,No,No,No,No,No,No,No,No,19PDCVBLUE_B,S5596_009-000_010-000_GA_PDP,19GAS5596,,"1-S5596-009-000-GA-Anthem Blue Cross and Blue Shield-6, 2-S5596-010-000-GA-Anthem Blue Cross and Blue Shield-6",Logo_AnthemBCBS_BW_100pct.eps,BW,100PCT,.eps,Anthem Blue Cross and Blue Shield logo,1052|2019S5596009000GANTHMBLCRSSBLSHLD|2019S5596010000GANTHMBLCRSSBLSHLD
009,9,"1, 2","S5596-001-000, S5596-046-000",S5596,"001, 046",000,Anthem Blue Cross and Blue Shield,"Anthem Blue MedicareRx Plus (PDP), Anthem Blue MedicareRx Standard (PDP)","Maine, New Hampshire",Maine and New Hampshire,Maine and New Hampshire,"ME, NH",,PDP,N/A,N/A,2019,Y0114_19_35602_U_M,Y0114_19_35602_U_M_009,72325MUSENMUB,72325MUSENMUB_009,Y0114_19_35602_U_M_009_S5596_046-000_001-000_MENH_PDP,"1-S5596-046-000-ME-Anthem Blue Cross and Blue Shield-9, 1-S5596-046-000-NH-Anthem Blue Cross and Blue Shield-9, 2-S5596-001-000-ME-Anthem Blue Cross and Blue Shield-9, 2-S5596-001-000-NH-Anthem Blue Cross and Blue Shield-9",N/A,No,No,No,No,No,No,No,No,19PDCVBLUE_B,S5596_046-000_001-000_MENH_PDP,19MENHS5596,,"1-S5596-046-000-ME-Anthem Blue Cross and Blue Shield-9, 1-S5596-046-000-NH-Anthem Blue Cross and Blue Shield-9, 2-S5596-001-000-ME-Anthem Blue Cross and Blue Shield-9, 2-S5596-001-000-NH-Anthem Blue Cross and Blue Shield-9",Logo_AnthemBCBS_BW_100pct.eps,BW,100PCT,.eps,Anthem Blue Cross and Blue Shield logo,1052|2019S5596001000MENTHMBLCRSSBLSHLD|2019S5596001000NHNTHMBLCRSSBLSHLD|2019S5596046000MENTHMBLCRSSBLSHLD|2019S5596046000NHNTHMBLCRSSBLSHLD
